0.92372102E-4, 0.91634667E-3, 0.39727762E-2, 0.0000000, 0.43953389E-1, 0.39933138E-1, 111.63287
0.93347007E-4, 0.92601788E-3, 0.39361748E-2, 0.0000000, 0.30121384E-1, 0.39690670E-1, 112.81106
0.94096118E-4, 0.93344937E-3, 0.39018425E-2, 0.0000000, 0.20790396E-1, 0.39439432E-1, 113.71638
0.94691604E-4, 0.93935640E-3, 0.38689296E-2, 0.0000000, 0.14402389E-1, 0.39183699E-1, 114.43602
0.95181022E-4, 0.94421156E-3, 0.38370076E-2, 0.0000000, 0.99815186E-2, 0.38925715E-1, 115.02747
0.95596624E-4, 0.94833452E-3, 0.38058001E-2, 0.0000000, 0.68983762E-2, 0.38666822E-1, 115.52978
0.95960437E-4, 0.95194357E-3, 0.37751417E-2, 0.0000000, 0.47373185E-2, 0.38407866E-1, 115.96941
0.96287578E-4, 0.95518888E-3, 0.37459612E-2, 0.0000000, 0.32185095E-2, 0.38143672E-1, 116.36478
0.96588927E-4, 0.95817825E-3, 0.37191217E-2, 0.0000000, 0.21506462E-2, 0.37869543E-1, 116.72897
0.96872041E-4, 0.96098665E-3, 0.36925192E-2, 0.0000000, 0.14012861E-2, 0.37597075E-1, 117.07109
0.97142038E-4, 0.96366531E-3, 0.36660861E-2, 0.0000000, 0.87780767E-3, 0.37326563E-1, 117.39740
0.97402801E-4, 0.96625200E-3, 0.36398203E-2, 0.0000000, 0.51489740E-3, 0.37058011E-1, 117.71253
0.97657074E-4, 0.96877449E-3, 0.36137316E-2, 0.0000000, 0.26620977E-3, 0.36791403E-1, 118.01983
0.97906763E-4, 0.97125152E-3, 0.35878206E-2, 0.0000000, 0.98692879E-4, 0.36526721E-1, 118.32159
0.98153185E-4, 0.97369612E-3, 0.35620709E-2, 0.0000000, 0.61588994E-5, 0.36263958E-1, 118.61938
0.98398225E-4, 0.97612682E-3, 0.35364833E-2, 0.0000000, 0.0000000, 0.36003124E-1, 118.91551
0.98642733E-4, 0.97855227E-3, 0.35110551E-2, 0.0000000, 0.0000000, 0.35744183E-1, 119.21101
0.98886740E-4, 0.98097278E-3, 0.34858044E-2, 0.0000000, 0.0000000, 0.35487127E-1, 119.50587
0.99130149E-4, 0.98338758E-3, 0.34607141E-2, 0.0000000, 0.0000000, 0.35231940E-1, 119.80005
0.99372941E-4, 0.98579610E-3, 0.34357794E-2, 0.0000000, 0.0000000, 0.34978610E-1, 120.09346
0.99615230E-4, 0.98819961E-3, 0.34109976E-2, 0.0000000, 0.0000000, 0.34727119E-1, 120.38627
0.99857018E-4, 0.99059823E-3, 0.33863820E-2, 0.0000000, 0.0000000, 0.34477461E-1, 120.67848
0.10009829E-3, 0.99299173E-3, 0.33619334E-2, 0.0000000, 0.0000000, 0.34229625E-1, 120.97005
0.10033892E-3, 0.99537871E-3, 0.33376333E-2, 0.0000000, 0.0000000, 0.33983592E-1, 121.26086
0.10057903E-3, 0.99776068E-3, 0.33134844E-2, 0.0000000, 0.0000000, 0.33739340E-1, 121.55106
0.10081867E-3, 0.10001381E-2, 0.32894856E-2, 0.0000000, 0.0000000, 0.33496872E-1, 121.84066
0.10105785E-3, 0.10025105E-2, 0.32656486E-2, 0.0000000, 0.0000000, 0.33256169E-1, 122.12968
0.10129638E-3, 0.10048770E-2, 0.32419667E-2, 0.0000000, 0.0000000, 0.33017214E-1, 122.41797
0.10153438E-3, 0.10072379E-2, 0.32184310E-2, 0.0000000, 0.0000000, 0.32780003E-1, 122.70559
0.10177190E-3, 0.10095943E-2, 0.31950402E-2, 0.0000000, 0.0000000, 0.32544520E-1, 122.99266
0.10200899E-3, 0.10119460E-2, 0.31717934E-2, 0.0000000, 0.0000000, 0.32310747E-1, 123.27915
0.10224553E-3, 0.10142927E-2, 0.31487080E-2, 0.0000000, 0.0000000, 0.32078680E-1, 123.56502
0.10248146E-3, 0.10166331E-2, 0.31257703E-2, 0.0000000, 0.0000000, 0.31848300E-1, 123.85015
0.10271693E-3, 0.10189691E-2, 0.31029743E-2, 0.0000000, 0.0000000, 0.31619597E-1, 124.13474
0.10295194E-3, 0.10213007E-2, 0.30803175E-2, 0.0000000, 0.0000000, 0.31392563E-1, 124.41877
0.10318652E-3, 0.10236275E-2, 0.30577993E-2, 0.0000000, 0.0000000, 0.31167174E-1, 124.70223
0.10342048E-3, 0.10259483E-2, 0.30354334E-2, 0.0000000, 0.0000000, 0.30943433E-1, 124.98494
0.10365393E-3, 0.10282644E-2, 0.30132118E-2, 0.0000000, 0.0000000, 0.30721320E-1, 125.26710
0.10388692E-3, 0.10305756E-2, 0.29911264E-2, 0.0000000, 0.0000000, 0.30500827E-1, 125.54866
0.10411951E-3, 0.10328830E-2, 0.29691760E-2, 0.0000000, 0.0000000, 0.30281942E-1, 125.82976
0.10435158E-3, 0.10351851E-2, 0.29473586E-2, 0.0000000, 0.0000000, 0.30064648E-1, 126.11022
0.10458307E-3, 0.10374815E-2, 0.29256823E-2, 0.0000000, 0.0000000, 0.29848935E-1, 126.38997
0.10481413E-3, 0.10397736E-2, 0.29041551E-2, 0.0000000, 0.0000000, 0.29634796E-1, 126.66921
0.10504476E-3, 0.10420615E-2, 0.28827568E-2, 0.0000000, 0.0000000, 0.29422224E-1, 126.94794
0.10527494E-3, 0.10443453E-2, 0.28614867E-2, 0.0000000, 0.0000000, 0.29211191E-1, 127.22614
0.10550458E-3, 0.10466229E-2, 0.28403457E-2, 0.0000000, 0.0000000, 0.29001694E-1, 127.50362
0.10573371E-3, 0.10488960E-2, 0.28193349E-2, 0.0000000, 0.0000000, 0.28793722E-1, 127.78053
0.10596242E-3, 0.10511648E-2, 0.27984690E-2, 0.0000000, 0.0000000, 0.28587263E-1, 128.05695
0.10619074E-3, 0.10534298E-2, 0.27777355E-2, 0.0000000, 0.0000000, 0.28382320E-1, 128.33287
0.10641859E-3, 0.10556901E-2, 0.27571260E-2, 0.0000000, 0.0000000, 0.28178871E-1, 128.60823
0.10664585E-3, 0.10579446E-2, 0.27366399E-2, 0.0000000, 0.0000000, 0.27976900E-1, 128.88289
0.10687271E-3, 0.10601950E-2, 0.27162740E-2, 0.0000000, 0.0000000, 0.27776407E-1, 129.15706
0.10709918E-3, 0.10624416E-2, 0.26960396E-2, 0.0000000, 0.0000000, 0.27577374E-1, 129.43073
0.10732523E-3, 0.10646841E-2, 0.26759442E-2, 0.0000000, 0.0000000, 0.27379796E-1, 129.70390
0.10755076E-3, 0.10669215E-2, 0.26559699E-2, 0.0000000, 0.0000000, 0.27183659E-1, 129.97646
0.10777580E-3, 0.10691538E-2, 0.26361160E-2, 0.0000000, 0.0000000, 0.26988948E-1, 130.24841
0.10800043E-3, 0.10713823E-2, 0.26163792E-2, 0.0000000, 0.0000000, 0.26795659E-1, 130.51991
0.10822470E-3, 0.10736070E-2, 0.25967574E-2, 0.0000000, 0.0000000, 0.26603777E-1, 130.79094
0.10844854E-3, 0.10758276E-2, 0.25772615E-2, 0.0000000, 0.0000000, 0.26413295E-1, 131.06146
0.10867183E-3, 0.10780427E-2, 0.25578975E-2, 0.0000000, 0.0000000, 0.26224205E-1, 131.33130
0.10889470E-3, 0.10802537E-2, 0.25386522E-2, 0.0000000, 0.0000000, 0.26036490E-1, 131.60063
0.10911720E-3, 0.10824606E-2, 0.25195167E-2, 0.0000000, 0.0000000, 0.25850151E-1, 131.86952
0.10933928E-3, 0.10846640E-2, 0.25004987E-2, 0.0000000, 0.0000000, 0.25665168E-1, 132.13792
0.10956096E-3, 0.10868630E-2, 0.24815924E-2, 0.0000000, 0.0000000, 0.25481531E-1, 132.40582
0.10978210E-3, 0.10890567E-2, 0.24628015E-2, 0.0000000, 0.0000000, 0.25299240E-1, 132.67308
0.11000285E-3, 0.10912466E-2, 0.24441401E-2, 0.0000000, 0.0000000, 0.25118278E-1, 132.93985
0.11022325E-3, 0.10934329E-2, 0.24255938E-2, 0.0000000, 0.0000000, 0.24938636E-1, 133.20621
0.11044327E-3, 0.10956157E-2, 0.24071536E-2, 0.0000000, 0.0000000, 0.24760304E-1, 133.47209
0.11066283E-3, 0.10977938E-2, 0.23888205E-2, 0.0000000, 0.0000000, 0.24583276E-1, 133.73743
0.11088190E-3, 0.10999669E-2, 0.23705964E-2, 0.0000000, 0.0000000, 0.24407549E-1, 134.00218
0.11110061E-3, 0.11021366E-2, 0.23524791E-2, 0.0000000, 0.0000000, 0.24233092E-1, 134.26651
0.11131895E-3, 0.11043025E-2, 0.23344839E-2, 0.0000000, 0.0000000, 0.24059910E-1, 134.53038
0.11153695E-3, 0.11064650E-2, 0.23166044E-2, 0.0000000, 0.0000000, 0.23887997E-1, 134.79382
0.11175444E-3, 0.11086226E-2, 0.22988296E-2, 0.0000000, 0.0000000, 0.23717336E-1, 135.05666
0.11197150E-3, 0.11107759E-2, 0.22811608E-2, 0.0000000, 0.0000000, 0.23547919E-1, 135.31898
0.11218819E-3, 0.11129257E-2, 0.22635935E-2, 0.0000000, 0.0000000, 0.23379747E-1, 135.58086
0.11240455E-3, 0.11150721E-2, 0.22461240E-2, 0.0000000, 0.0000000, 0.23212798E-1, 135.84235
0.11262055E-3, 0.11172148E-2, 0.22287597E-2, 0.0000000, 0.0000000, 0.23047065E-1, 136.10338
0.11283605E-3, 0.11193524E-2, 0.22115149E-2, 0.0000000, 0.0000000, 0.22882549E-1, 136.36380
0.11305114E-3, 0.11214862E-2, 0.21943743E-2, 0.0000000, 0.0000000, 0.22719232E-1, 136.62376
0.11326592E-3, 0.11236166E-2, 0.21773349E-2, 0.0000000, 0.0000000, 0.22557110E-1, 136.88332
0.11348033E-3, 0.11257438E-2, 0.21603941E-2, 0.0000000, 0.0000000, 0.22396168E-1, 137.14244
0.11369443E-3, 0.11278675E-2, 0.21435532E-2, 0.0000000, 0.0000000, 0.22236403E-1, 137.40114
0.11390796E-3, 0.11299861E-2, 0.21268087E-2, 0.0000000, 0.0000000, 0.22077806E-1, 137.65923
0.11412116E-3, 0.11321011E-2, 0.21101618E-2, 0.0000000, 0.0000000, 0.21920370E-1, 137.91689
0.11433403E-3, 0.11342126E-2, 0.20936264E-2, 0.0000000, 0.0000000, 0.21764081E-1, 138.17415
0.11454657E-3, 0.11363211E-2, 0.20771916E-2, 0.0000000, 0.0000000, 0.21608938E-1, 138.43100
0.11475875E-3, 0.11384260E-2, 0.20608511E-2, 0.0000000, 0.0000000, 0.21454927E-1, 138.68744
0.11497045E-3, 0.11405260E-2, 0.20446044E-2, 0.0000000, 0.0000000, 0.21302043E-1, 138.94325
0.11518179E-3, 0.11426226E-2, 0.20284504E-2, 0.0000000, 0.0000000, 0.21150276E-1, 139.19867
0.11539282E-3, 0.11447159E-2, 0.20123895E-2, 0.0000000, 0.0000000, 0.20999620E-1, 139.45367
0.11560351E-3, 0.11468063E-2, 0.19964194E-2, 0.0000000, 0.0000000, 0.20850066E-1, 139.70834
0.11581388E-3, 0.11488929E-2, 0.19805504E-2, 0.0000000, 0.0000000, 0.20701604E-1, 139.96254
0.11602377E-3, 0.11509750E-2, 0.19647884E-2, 0.0000000, 0.0000000, 0.20554228E-1, 140.21617
0.11623329E-3, 0.11530535E-2, 0.19491181E-2, 0.0000000, 0.0000000, 0.20407926E-1, 140.46941
0.11644251E-3, 0.11551292E-2, 0.19335356E-2, 0.0000000, 0.0000000, 0.20262696E-1, 140.72224
0.11665142E-3, 0.11572016E-2, 0.19180374E-2, 0.0000000, 0.0000000, 0.20118533E-1, 140.97473
0.11686001E-3, 0.11592706E-2, 0.19026266E-2, 0.0000000, 0.0000000, 0.19975418E-1, 141.22679
0.11706810E-3, 0.11613349E-2, 0.18873039E-2, 0.0000000, 0.0000000, 0.19833354E-1, 141.47830
0.11727587E-3, 0.11633962E-2, 0.18720673E-2, 0.0000000, 0.0000000, 0.19692328E-1, 141.72939
0.11748335E-3, 0.11654544E-2, 0.18569282E-2, 0.0000000, 0.0000000, 0.19552333E-1, 141.98010
0.11769051E-3, 0.11675096E-2, 0.18418911E-2, 0.0000000, 0.0000000, 0.19413361E-1, 142.23050
0.11789736E-3, 0.11695616E-2, 0.18269375E-2, 0.0000000, 0.0000000, 0.19275408E-1, 142.48047
0.11810374E-3, 0.11716089E-2, 0.18120694E-2, 0.0000000, 0.0000000, 0.19138467E-1, 142.72989
0.11830981E-3, 0.11736532E-2, 0.17972855E-2, 0.0000000, 0.0000000, 0.19002525E-1, 142.97891
0.11851559E-3, 0.11756942E-2, 0.17825828E-2, 0.0000000, 0.0000000, 0.18491196E-1, 143.22760
0.11872104E-3, 0.11777327E-2, 0.17699632E-2, 0.0000000, 0.0000000, 0.97425012E-2, 143.47592
0.11892631E-3, 0.11797688E-2, 0.17592369E-2, 0.0000000, 0.0000000, 0.96898954E-2, 143.72395
0.11913117E-3, 0.11818011E-2, 0.17485560E-2, 0.0000000, 0.0000000, 0.96376641E-2, 143.97154
0.11933578E-3, 0.11838308E-2, 0.17379222E-2, 0.0000000, 0.0000000, 0.95858043E-2, 144.21883
0.11954017E-3, 0.11858585E-2, 0.17273538E-2, 0.0000000, 0.0000000, 0.95343124E-2, 144.46584
0.11974436E-3, 0.11878840E-2, 0.17168331E-2, 0.0000000, 0.0000000, 0.94831865E-2, 144.71262
0.11994834E-3, 0.11899077E-2, 0.17063578E-2, 0.0000000, 0.0000000, 0.94324211E-2, 144.95909
0.12015195E-3, 0.11919274E-2, 0.16959249E-2, 0.0000000, 0.0000000, 0.93820151E-2, 145.20518
0.12035529E-3, 0.11939446E-2, 0.16855337E-2, 0.0000000, 0.0000000, 0.93319677E-2, 145.45090
0.12055843E-3, 0.11959597E-2, 0.16751871E-2, 0.0000000, 0.0000000, 0.92822760E-2, 145.69638
0.12076135E-3, 0.11979726E-2, 0.16648823E-2, 0.0000000, 0.0000000, 0.92329327E-2, 145.94167
0.12096408E-3, 0.11999840E-2, 0.16546194E-2, 0.0000000, 0.0000000, 0.91839414E-2, 146.18665
0.12116646E-3, 0.12019916E-2, 0.16443992E-2, 0.0000000, 0.0000000, 0.91352928E-2, 146.43121
0.12136856E-3, 0.12039964E-2, 0.16342197E-2, 0.0000000, 0.0000000, 0.90869907E-2, 146.67545
0.12157044E-3, 0.12059989E-2, 0.16240827E-2, 0.0000000, 0.0000000, 0.90390304E-2, 146.91943
0.12177213E-3, 0.12079997E-2, 0.16139855E-2, 0.0000000, 0.0000000, 0.89914082E-2, 147.16318
0.12197362E-3, 0.12099986E-2, 0.16039293E-2, 0.0000000, 0.0000000, 0.89441212E-2, 147.40669
0.12217484E-3, 0.12119946E-2, 0.15939325E-2, 0.0000000, 0.0000000, 0.88971704E-2, 147.64984
0.12237568E-3, 0.12139872E-2, 0.15839851E-2, 0.0000000, 0.0000000, 0.88505493E-2, 147.89259
0.12257637E-3, 0.12159779E-2, 0.15740739E-2, 0.0000000, 0.0000000, 0.88042570E-2, 148.13512
0.12277684E-3, 0.12179666E-2, 0.15642010E-2, 0.0000000, 0.0000000, 0.87582925E-2, 148.37738
0.12297710E-3, 0.12199534E-2, 0.15543672E-2, 0.0000000, 0.0000000, 0.87126484E-2, 148.61943
0.12317715E-3, 0.12219376E-2, 0.15445728E-2, 0.0000000, 0.0000000, 0.86673312E-2, 148.86115
0.12337680E-3, 0.12239183E-2, 0.15348172E-2, 0.0000000, 0.0000000, 0.86223278E-2, 149.10245
0.12357626E-3, 0.12258972E-2, 0.15251008E-2, 0.0000000, 0.0000000, 0.85776430E-2, 149.34351
0.12377555E-3, 0.12278742E-2, 0.15154222E-2, 0.0000000, 0.0000000, 0.85332738E-2, 149.58432
0.12397463E-3, 0.12298491E-2, 0.15057819E-2, 0.0000000, 0.0000000, 0.84892139E-2, 149.82492
0.12417349E-3, 0.12318217E-2, 0.14961787E-2, 0.0000000, 0.0000000, 0.84454669E-2, 150.06526
0.12437200E-3, 0.12337910E-2, 0.14866149E-2, 0.0000000, 0.0000000, 0.84020244E-2, 150.30515
0.12457029E-3, 0.12357581E-2, 0.14770883E-2, 0.0000000, 0.0000000, 0.83588874E-2, 150.54478
0.12476837E-3, 0.12377232E-2, 0.14675988E-2, 0.0000000, 0.0000000, 0.83160577E-2, 150.78419
0.12496629E-3, 0.12396864E-2, 0.14581564E-2, 0.0000000, 0.0000000, 0.82735261E-2, 151.02336
0.12516402E-3, 0.12416480E-2, 0.14487670E-2, 0.0000000, 0.0000000, 0.82312934E-2, 151.26231
0.12536140E-3, 0.12436060E-2, 0.14394150E-2, 0.0000000, 0.0000000, 0.81893569E-2, 151.50085
0.12555852E-3, 0.12455614E-2, 0.14300982E-2, 0.0000000, 0.0000000, 0.81477109E-2, 151.73906
0.12575545E-3, 0.12475152E-2, 0.14208178E-2, 0.0000000, 0.0000000, 0.81063583E-2, 151.97708
0.12595221E-3, 0.12494669E-2, 0.14115740E-2, 0.0000000, 0.0000000, 0.80652945E-2, 152.21486
0.12614879E-3, 0.12514172E-2, 0.14023643E-2, 0.0000000, 0.0000000, 0.80245193E-2, 152.45242
0.12634508E-3, 0.12533641E-2, 0.13931877E-2, 0.0000000, 0.0000000, 0.79840282E-2, 152.68968
0.12654107E-3, 0.12553087E-2, 0.13840422E-2, 0.0000000, 0.0000000, 0.79438202E-2, 152.92650
0.12673686E-3, 0.12572510E-2, 0.13749315E-2, 0.0000000, 0.0000000, 0.79038935E-2, 153.16313
0.12693249E-3, 0.12591914E-2, 0.13658536E-2, 0.0000000, 0.0000000, 0.78642443E-2, 153.39952
0.12712790E-3, 0.12611301E-2, 0.13568123E-2, 0.0000000, 0.0000000, 0.78248736E-2, 153.63571
0.12732315E-3, 0.12630669E-2, 0.13478049E-2, 0.0000000, 0.0000000, 0.77857785E-2, 153.87166
0.12751803E-3, 0.12650001E-2, 0.13388318E-2, 0.0000000, 0.0000000, 0.77469540E-2, 154.10716
0.12771270E-3, 0.12669313E-2, 0.13298905E-2, 0.0000000, 0.0000000, 0.77084010E-2, 154.34244
0.12790722E-3, 0.12688608E-2, 0.13209870E-2, 0.0000000, 0.0000000, 0.76701175E-2, 154.57750
0.12810151E-3, 0.12707885E-2, 0.13121383E-2, 0.0000000, 0.0000000, 0.76321010E-2, 154.81235
0.12829567E-3, 0.12727143E-2, 0.13033247E-2, 0.0000000, 0.0000000, 0.75943465E-2, 155.04695
0.12848951E-3, 0.12746373E-2, 0.12945444E-2, 0.0000000, 0.0000000, 0.75568575E-2, 155.28122
0.12868308E-3, 0.12765576E-2, 0.12857958E-2, 0.0000000, 0.0000000, 0.75196284E-2, 155.51514
0.12887648E-3, 0.12784761E-2, 0.12770791E-2, 0.0000000, 0.0000000, 0.74826577E-2, 155.74887
0.12906970E-3, 0.12803929E-2, 0.12683965E-2, 0.0000000, 0.0000000, 0.74459440E-2, 155.98238
0.12926273E-3, 0.12823080E-2, 0.12597445E-2, 0.0000000, 0.0000000, 0.74094851E-2, 156.21567
0.12945557E-3, 0.12842211E-2, 0.12511245E-2, 0.0000000, 0.0000000, 0.73732804E-2, 156.44872
0.12964808E-3, 0.12861304E-2, 0.12425346E-2, 0.0000000, 0.0000000, 0.73373262E-2, 156.68135
0.12984037E-3, 0.12880382E-2, 0.12339796E-2, 0.0000000, 0.0000000, 0.73016216E-2, 156.91374
0.13003251E-3, 0.12899442E-2, 0.12254509E-2, 0.0000000, 0.0000000, 0.72661638E-2, 157.14595
0.13022451E-3, 0.12918488E-2, 0.12169571E-2, 0.0000000, 0.0000000, 0.72309528E-2, 157.37798
0.13041630E-3, 0.12937514E-2, 0.12084893E-2, 0.0000000, 0.0000000, 0.71959845E-2, 157.60977
0.13060776E-3, 0.12956508E-2, 0.12000541E-2, 0.0000000, 0.0000000, 0.71612583E-2, 157.84116
0.13079902E-3, 0.12975481E-2, 0.11916386E-2, 0.0000000, 0.0000000, 0.71267732E-2, 158.07228
0.13099010E-3, 0.12994437E-2, 0.11832607E-2, 0.0000000, 0.0000000, 0.70925257E-2, 158.30319
0.13118102E-3, 0.13013374E-2, 0.11749171E-2, 0.0000000, 0.0000000, 0.70585166E-2, 158.53392
0.13137174E-3, 0.13032295E-2, 0.11666256E-2, 0.0000000, 0.0000000, 0.70247408E-2, 158.76443
0.13156226E-3, 0.13051196E-2, 0.11583609E-2, 0.0000000, 0.0000000, 0.69911974E-2, 158.99469
0.13175247E-3, 0.13070066E-2, 0.11501268E-2, 0.0000000, 0.0000000, 0.69578867E-2, 159.22455
0.13194249E-3, 0.13088916E-2, 0.11419216E-2, 0.0000000, 0.0000000, 0.69248048E-2, 159.45418
0.13213234E-3, 0.13107747E-2, 0.11337430E-2, 0.0000000, 0.0000000, 0.68919528E-2, 159.68365
0.13232205E-3, 0.13126570E-2, 0.11255970E-2, 0.0000000, 0.0000000, 0.68593258E-2, 159.91289
0.13251159E-3, 0.13145368E-2, 0.11174737E-2, 0.0000000, 0.0000000, 0.68269242E-2, 160.14197
0.13270081E-3, 0.13164143E-2, 0.11093853E-2, 0.0000000, 0.0000000, 0.67947451E-2, 160.37061
0.13288979E-3, 0.13182889E-2, 0.11013184E-2, 0.0000000, 0.0000000, 0.67627877E-2, 160.59901
0.13307863E-3, 0.13201623E-2, 0.10932852E-2, 0.0000000, 0.0000000, 0.67310487E-2, 160.82722
0.13326730E-3, 0.13220338E-2, 0.10852766E-2, 0.0000000, 0.0000000, 0.66995285E-2, 161.05527
0.13345580E-3, 0.13239038E-2, 0.10772948E-2, 0.0000000, 0.0000000, 0.66682254E-2, 161.28302
0.13364412E-3, 0.13257720E-2, 0.10693446E-2, 0.0000000, 0.0000000, 0.66371369E-2, 161.51062
0.13383210E-3, 0.13276368E-2, 0.10614155E-2, 0.0000000, 0.0000000, 0.66062608E-2, 161.73781
0.13401991E-3, 0.13294998E-2, 0.10535207E-2, 0.0000000, 0.0000000, 0.65755975E-2, 161.96478
0.13420757E-3, 0.13313615E-2, 0.10456471E-2, 0.0000000, 0.0000000, 0.65451432E-2, 162.19159
0.13439507E-3, 0.13332214E-2, 0.10378025E-2, 0.0000000, 0.0000000, 0.65148985E-2, 162.41815
0.13458240E-3, 0.13350798E-2, 0.10299948E-2, 0.0000000, 0.0000000, 0.64848601E-2, 162.64455
0.13476948E-3, 0.13369357E-2, 0.10222264E-2, 0.0000000, 0.0000000, 0.64550280E-2, 162.87062
0.13495630E-3, 0.13387889E-2, 0.10144918E-2, 0.0000000, 0.0000000, 0.64253984E-2, 163.09637
0.13514291E-3, 0.13406404E-2, 0.10067758E-2, 0.0000000, 0.0000000, 0.63959728E-2, 163.32196
0.13532944E-3, 0.13424905E-2, 0.99908479E-3, 0.0000000, 0.0000000, 0.63667470E-2, 163.54736
0.13551579E-3, 0.13443393E-2, 0.99141814E-3, 0.0000000, 0.0000000, 0.63377218E-2, 163.77258
0.13570195E-3, 0.13461860E-2, 0.98377280E-3, 0.0000000, 0.0000000, 0.63088941E-2, 163.99756
0.13588782E-3, 0.13480299E-2, 0.97616145E-3, 0.0000000, 0.0000000, 0.62802620E-2, 164.22217
0.13607349E-3, 0.13498717E-2, 0.96856756E-3, 0.0000000, 0.0000000, 0.62518255E-2, 164.44655
0.13625900E-3, 0.13517120E-2, 0.96100196E-3, 0.0000000, 0.0000000, 0.62235831E-2, 164.67073
0.13644437E-3, 0.13535508E-2, 0.95346273E-3, 0.0000000, 0.0000000, 0.61955312E-2, 164.89479
0.13662958E-3, 0.13553883E-2, 0.94594096E-3, 0.0000000, 0.0000000, 0.61676726E-2, 165.11861
0.13681457E-3, 0.13572235E-2, 0.93845301E-3, 0.0000000, 0.0000000, 0.61400025E-2, 165.34218
0.13699931E-3, 0.13590559E-2, 0.93098503E-3, 0.0000000, 0.0000000, 0.61125201E-2, 165.56540
0.13718382E-3, 0.13608866E-2, 0.92353806E-3, 0.0000000, 0.0000000, 0.60852244E-2, 165.78844
0.13736823E-3, 0.13627156E-2, 0.91612228E-3, 0.0000000, 0.0000000, 0.60581127E-2, 166.01125
0.13755247E-3, 0.13645435E-2, 0.90872362E-3, 0.0000000, 0.0000000, 0.60311863E-2, 166.23395
0.13773657E-3, 0.13663699E-2, 0.90135302E-3, 0.0000000, 0.0000000, 0.60044411E-2, 166.45642
0.13792039E-3, 0.13681932E-2, 0.89400663E-3, 0.0000000, 0.0000000, 0.59778779E-2, 166.67854
0.13810399E-3, 0.13700145E-2, 0.88667753E-3, 0.0000000, 0.0000000, 0.59514949E-2, 166.90044
0.13828742E-3, 0.13718341E-2, 0.87939575E-3, 0.0000000, 0.0000000, 0.59252898E-2, 167.12210
0.13847070E-3, 0.13736526E-2, 0.87214820E-3, 0.0000000, 0.0000000, 0.58992612E-2, 167.34363
0.13865386E-3, 0.13754695E-2, 0.86491532E-3, 0.0000000, 0.0000000, 0.58734086E-2, 167.56497
0.13883685E-3, 0.13772843E-2, 0.85771544E-3, 0.0000000, 0.0000000, 0.58477311E-2, 167.78610
0.13901955E-3, 0.13790973E-2, 0.85053494E-3, 0.0000000, 0.0000000, 0.58222273E-2, 168.00688
0.13920203E-3, 0.13809074E-2, 0.84337336E-3, 0.0000000, 0.0000000, 0.57968949E-2, 168.22743
0.13938438E-3, 0.13827166E-2, 0.83624036E-3, 0.0000000, 0.0000000, 0.57717324E-2, 168.44781
0.13956660E-3, 0.13845239E-2, 0.82912552E-3, 0.0000000, 0.0000000, 0.57467399E-2, 168.66803
0.13974868E-3, 0.13863302E-2, 0.82203129E-3, 0.0000000, 0.0000000, 0.57219169E-2, 168.88806
0.13993056E-3, 0.13881346E-2, 0.81496651E-3, 0.0000000, 0.0000000, 0.56972587E-2, 169.10786
0.14011214E-3, 0.13899358E-2, 0.80791634E-3, 0.0000000, 0.0000000, 0.56727668E-2, 169.32733
0.14029356E-3, 0.13917355E-2, 0.80088503E-3, 0.0000000, 0.0000000, 0.56484402E-2, 169.54655
0.14047485E-3, 0.13935339E-2, 0.79387677E-3, 0.0000000, 0.0000000, 0.56242757E-2, 169.76566
0.14065599E-3, 0.13953309E-2, 0.78688370E-3, 0.0000000, 0.0000000, 0.56002731E-2, 169.98459
0.14083699E-3, 0.13971264E-2, 0.77991368E-3, 0.0000000, 0.0000000, 0.55764331E-2, 170.20332
0.14101781E-3, 0.13989200E-2, 0.77297114E-3, 0.0000000, 0.0000000, 0.55527519E-2, 170.42181
0.14119827E-3, 0.14007104E-2, 0.76604204E-3, 0.0000000, 0.0000000, 0.55292291E-2, 170.63992
0.14137867E-3, 0.14025000E-2, 0.75913605E-3, 0.0000000, 0.0000000, 0.55058640E-2, 170.85791
0.14155888E-3, 0.14042876E-2, 0.75225491E-3, 0.0000000, 0.0000000, 0.54826546E-2, 171.07573
0.14173896E-3, 0.14060742E-2, 0.74538920E-3, 0.0000000, 0.0000000, 0.54596006E-2, 171.29335
0.14191892E-3, 0.14078594E-2, 0.73854421E-3, 0.0000000, 0.0000000, 0.54366994E-2, 171.51085
0.14209862E-3, 0.14096419E-2, 0.73172746E-3, 0.0000000, 0.0000000, 0.54139495E-2, 171.72798
0.14227809E-3, 0.14114224E-2, 0.72495034E-3, 0.0000000, 0.0000000, 0.53913523E-2, 171.94487
0.14245741E-3, 0.14132010E-2, 0.71819348E-3, 0.0000000, 0.0000000, 0.53689075E-2, 172.16159
0.14263658E-3, 0.14149788E-2, 0.71146345E-3, 0.0000000, 0.0000000, 0.53466116E-2, 172.37814
0.14281565E-3, 0.14167549E-2, 0.70475042E-3, 0.0000000, 0.0000000, 0.53244652E-2, 172.59456
0.14299456E-3, 0.14185298E-2, 0.69805264E-3, 0.0000000, 0.0000000, 0.53024641E-2, 172.81075
0.14317319E-3, 0.14203020E-2, 0.69138187E-3, 0.0000000, 0.0000000, 0.52806092E-2, 173.02666
0.14335162E-3, 0.14220719E-2, 0.68473245E-3, 0.0000000, 0.0000000, 0.52589006E-2, 173.24223
0.14352992E-3, 0.14238406E-2, 0.67809143E-3, 0.0000000, 0.0000000, 0.52373349E-2, 173.45776
0.14370808E-3, 0.14256082E-2, 0.67147816E-3, 0.0000000, 0.0000000, 0.52159131E-2, 173.67307
0.14388611E-3, 0.14273743E-2, 0.66488574E-3, 0.0000000, 0.0000000, 0.51946323E-2, 173.88821
0.14406402E-3, 0.14291392E-2, 0.65830507E-3, 0.0000000, 0.0000000, 0.51734932E-2, 174.10323
0.14424161E-3, 0.14309008E-2, 0.65174588E-3, 0.0000000, 0.0000000, 0.51524937E-2, 174.31783
0.14441904E-3, 0.14326610E-2, 0.64520945E-3, 0.0000000, 0.0000000, 0.51316321E-2, 174.53227
0.14459633E-3, 0.14344194E-2, 0.63869095E-3, 0.0000000, 0.0000000, 0.51109092E-2, 174.74651
0.14477345E-3, 0.14361771E-2, 0.63218386E-3, 0.0000000, 0.0000000, 0.50903219E-2, 174.96059
0.14495051E-3, 0.14379332E-2, 0.62570348E-3, 0.0000000, 0.0000000, 0.50698719E-2, 175.17456
0.14512737E-3, 0.14396878E-2, 0.61924331E-3, 0.0000000, 0.0000000, 0.50495556E-2, 175.38828
0.14530400E-3, 0.14414396E-2, 0.61279070E-3, 0.0000000, 0.0000000, 0.50293738E-2, 175.60170
0.14548040E-3, 0.14431896E-2, 0.60636440E-3, 0.0000000, 0.0000000, 0.50093238E-2, 175.81487
0.14565668E-3, 0.14449385E-2, 0.59995800E-3, 0.0000000, 0.0000000, 0.49894066E-2, 176.02797
0.14583283E-3, 0.14466861E-2, 0.59356441E-3, 0.0000000, 0.0000000, 0.49696201E-2, 176.24084
0.14600888E-3, 0.14484321E-2, 0.58717676E-3, 0.0000000, 0.0000000, 0.49499623E-2, 176.45361
0.14618479E-3, 0.14501776E-2, 0.58081606E-3, 0.0000000, 0.0000000, 0.49304343E-2, 176.66617
0.14636035E-3, 0.14519193E-2, 0.57448132E-3, 0.0000000, 0.0000000, 0.49110358E-2, 176.87837
0.14653579E-3, 0.14536595E-2, 0.56817563E-3, 0.0000000, 0.0000000, 0.48917625E-2, 177.09041
0.14671107E-3, 0.14553985E-2, 0.56189334E-3, 0.0000000, 0.0000000, 0.48726159E-2, 177.30220
0.14688629E-3, 0.14571365E-2, 0.55563147E-3, 0.0000000, 0.0000000, 0.48535937E-2, 177.51395
0.14706132E-3, 0.14588728E-2, 0.54938748E-3, 0.0000000, 0.0000000, 0.48346971E-2, 177.72551
0.14723625E-3, 0.14606081E-2, 0.54315146E-3, 0.0000000, 0.0000000, 0.48159231E-2, 177.93686
0.14741084E-3, 0.14623402E-2, 0.53694093E-3, 0.0000000, 0.0000000, 0.47972710E-2, 178.14786
0.14758532E-3, 0.14640710E-2, 0.53074746E-3, 0.0000000, 0.0000000, 0.47787409E-2, 178.35875
0.14775964E-3, 0.14658003E-2, 0.52457070E-3, 0.0000000, 0.0000000, 0.47603324E-2, 178.56940
0.14793387E-3, 0.14675286E-2, 0.51840040E-3, 0.0000000, 0.0000000, 0.47420431E-2, 178.77998
0.14810797E-3, 0.14692558E-2, 0.51225990E-3, 0.0000000, 0.0000000, 0.47238735E-2, 178.99036
0.14828191E-3, 0.14709813E-2, 0.50613080E-3, 0.0000000, 0.0000000, 0.47058207E-2, 179.20058
0.14845557E-3, 0.14727041E-2, 0.50001888E-3, 0.0000000, 0.0000000, 0.46878853E-2, 179.41045
0.14862907E-3, 0.14744251E-2, 0.49391534E-3, 0.0000000, 0.0000000, 0.46700668E-2, 179.62012
0.14880247E-3, 0.14761452E-2, 0.48784318E-3, 0.0000000, 0.0000000, 0.46523628E-2, 179.82967
0.14897568E-3, 0.14778636E-2, 0.48177934E-3, 0.0000000, 0.0000000, 0.46347743E-2, 180.03903
0.14914884E-3, 0.14795816E-2, 0.47573389E-3, 0.0000000, 0.0000000, 0.46172994E-2, 180.24832
0.14932183E-3, 0.14812973E-2, 0.46969368E-3, 0.0000000, 0.0000000, 0.45999372E-2, 180.45735
0.14949458E-3, 0.14830109E-2, 0.46368683E-3, 0.0000000, 0.0000000, 0.45826868E-2, 180.66609
0.14966709E-3, 0.14847224E-2, 0.45768620E-3, 0.0000000, 0.0000000, 0.45655491E-2, 180.87460
0.14983956E-3, 0.14864333E-2, 0.45170408E-3, 0.0000000, 0.0000000, 0.45485212E-2, 181.08301
0.15001184E-3, 0.14881425E-2, 0.44572615E-3, 0.0000000, 0.0000000, 0.45316028E-2, 181.29124
0.15018405E-3, 0.14898510E-2, 0.43978327E-3, 0.0000000, 0.0000000, 0.45147939E-2, 181.49936
0.15035611E-3, 0.14915577E-2, 0.43384288E-3, 0.0000000, 0.0000000, 0.44980920E-2, 181.70729
0.15052791E-3, 0.14932620E-2, 0.42792287E-3, 0.0000000, 0.0000000, 0.44814986E-2, 181.91492
0.15069953E-3, 0.14949644E-2, 0.42200787E-3, 0.0000000, 0.0000000, 0.44650114E-2, 182.12230
0.15087104E-3, 0.14966658E-2, 0.41612535E-3, 0.0000000, 0.0000000, 0.44486299E-2, 182.32957
0.15104240E-3, 0.14983659E-2, 0.41027326E-3, 0.0000000, 0.0000000, 0.44323532E-2, 182.53668
0.15121367E-3, 0.15000649E-2, 0.40444225E-3, 0.0000000, 0.0000000, 0.44161812E-2, 182.74368
0.15138480E-3, 0.15017624E-2, 0.39861910E-3, 0.0000000, 0.0000000, 0.44001117E-2, 182.95047
0.15155569E-3, 0.15034578E-2, 0.39281783E-3, 0.0000000, 0.0000000, 0.43841456E-2, 183.15701
0.15172639E-3, 0.15051509E-2, 0.38703822E-3, 0.0000000, 0.0000000, 0.43682815E-2, 183.36328
0.15189697E-3, 0.15068434E-2, 0.38126082E-3, 0.0000000, 0.0000000, 0.43525188E-2, 183.56943
0.15206743E-3, 0.15085342E-2, 0.37549803E-3, 0.0000000, 0.0000000, 0.43368563E-2, 183.77544
0.15223779E-3, 0.15102243E-2, 0.36974042E-3, 0.0000000, 0.0000000, 0.43212934E-2, 183.98129
0.15240801E-3, 0.15119128E-2, 0.36401383E-3, 0.0000000, 0.0000000, 0.43058298E-2, 184.18704
0.15257802E-3, 0.15135993E-2, 0.35828917E-3, 0.0000000, 0.0000000, 0.42904639E-2, 184.39247
0.15274777E-3, 0.15152835E-2, 0.35257946E-3, 0.0000000, 0.0000000, 0.42751967E-2, 184.59764
0.15291746E-3, 0.15169667E-2, 0.34688629E-3, 0.0000000, 0.0000000, 0.42600259E-2, 184.80270
0.15308699E-3, 0.15186486E-2, 0.34123857E-3, 0.0000000, 0.0000000, 0.42449511E-2, 185.00760
0.15325646E-3, 0.15203295E-2, 0.33561024E-3, 0.0000000, 0.0000000, 0.42299721E-2, 185.21242
0.15342579E-3, 0.15220091E-2, 0.32998505E-3, 0.0000000, 0.0000000, 0.42150873E-2, 185.41702
0.15359494E-3, 0.15236870E-2, 0.32437412E-3, 0.0000000, 0.0000000, 0.42002979E-2, 185.62141
0.15376379E-3, 0.15253625E-2, 0.31877833E-3, 0.0000000, 0.0000000, 0.41856007E-2, 185.82550
0.15393257E-3, 0.15270370E-2, 0.31320314E-3, 0.0000000, 0.0000000, 0.41709975E-2, 186.02948
0.15410122E-3, 0.15287100E-2, 0.30763535E-3, 0.0000000, 0.0000000, 0.41564847E-2, 186.23331
0.15426979E-3, 0.15303821E-2, 0.30207168E-3, 0.0000000, 0.0000000, 0.41420655E-2, 186.43704
0.15443820E-3, 0.15320530E-2, 0.29652828E-3, 0.0000000, 0.0000000, 0.41277348E-2, 186.64055
0.15460652E-3, 0.15337224E-2, 0.29099971E-3, 0.0000000, 0.0000000, 0.41134949E-2, 186.84396
0.15477449E-3, 0.15353888E-2, 0.28548623E-3, 0.0000000, 0.0000000, 0.40993448E-2, 187.04692
0.15494238E-3, 0.15370547E-2, 0.27997920E-3, 0.0000000, 0.0000000, 0.40852828E-2, 187.24986
0.15511013E-3, 0.15387185E-2, 0.27447694E-3, 0.0000000, 0.0000000, 0.40713097E-2, 187.45261
0.15527787E-3, 0.15403819E-2, 0.26899978E-3, 0.0000000, 0.0000000, 0.40574232E-2, 187.65527
0.15544533E-3, 0.15420438E-2, 0.26353367E-3, 0.0000000, 0.0000000, 0.40436243E-2, 187.85770
0.15561283E-3, 0.15437050E-2, 0.25808369E-3, 0.0000000, 0.0000000, 0.40299115E-2, 188.06009
0.15577996E-3, 0.15453629E-2, 0.25265926E-3, 0.0000000, 0.0000000, 0.40162853E-2, 188.26204
0.15594697E-3, 0.15470200E-2, 0.24724595E-3, 0.0000000, 0.0000000, 0.40027425E-2, 188.46387
0.15611385E-3, 0.15486754E-2, 0.24186284E-3, 0.0000000, 0.0000000, 0.39892853E-2, 188.66559
0.15628063E-3, 0.15503302E-2, 0.23648440E-3, 0.0000000, 0.0000000, 0.39759111E-2, 188.86714
0.15644729E-3, 0.15519834E-2, 0.23111736E-3, 0.0000000, 0.0000000, 0.39626206E-2, 189.06857
0.15661388E-3, 0.15536358E-2, 0.22576068E-3, 0.0000000, 0.0000000, 0.39494126E-2, 189.26991
0.15678022E-3, 0.15552859E-2, 0.22040523E-3, 0.0000000, 0.0000000, 0.39362861E-2, 189.47090
0.15694635E-3, 0.15569340E-2, 0.21508278E-3, 0.0000000, 0.0000000, 0.39232415E-2, 189.67166
0.15711240E-3, 0.15585810E-2, 0.20976597E-3, 0.0000000, 0.0000000, 0.39102766E-2, 189.87234
0.15727831E-3, 0.15602269E-2, 0.20445255E-3, 0.0000000, 0.0000000, 0.38973936E-2, 190.07283
0.15744416E-3, 0.15618722E-2, 0.19915606E-3, 0.0000000, 0.0000000, 0.38845898E-2, 190.27327
0.15760983E-3, 0.15635157E-2, 0.19385997E-3, 0.0000000, 0.0000000, 0.38718644E-2, 190.47351
0.15777539E-3, 0.15651584E-2, 0.18859218E-3, 0.0000000, 0.0000000, 0.38592189E-2, 190.67358
0.15794065E-3, 0.15667975E-2, 0.18333661E-3, 0.0000000, 0.0000000, 0.38466509E-2, 190.87329
0.15810585E-3, 0.15684364E-2, 0.17807778E-3, 0.0000000, 0.0000000, 0.38341593E-2, 191.07295
0.15827089E-3, 0.15700737E-2, 0.17283735E-3, 0.0000000, 0.0000000, 0.38217450E-2, 191.27240
0.15843590E-3, 0.15717102E-2, 0.16760203E-3, 0.0000000, 0.0000000, 0.38094067E-2, 191.47177
0.15860073E-3, 0.15733457E-2, 0.16237481E-3, 0.0000000, 0.0000000, 0.37971442E-2, 191.67102
0.15876547E-3, 0.15749800E-2, 0.15716994E-3, 0.0000000, 0.0000000, 0.37849562E-2, 191.87010
0.15893001E-3, 0.15766122E-2, 0.15196152E-3, 0.0000000, 0.0000000, 0.37728436E-2, 192.06894
0.15909439E-3, 0.15782426E-2, 0.14675927E-3, 0.0000000, 0.0000000, 0.37608051E-2, 192.26759
0.15925847E-3, 0.15798707E-2, 0.14157651E-3, 0.0000000, 0.0000000, 0.37488400E-2, 192.46591
0.15942256E-3, 0.15814984E-2, 0.13640395E-3, 0.0000000, 0.0000000, 0.37369477E-2, 192.66418
0.15958665E-3, 0.15831261E-2, 0.13124471E-3, 0.0000000, 0.0000000, 0.37251280E-2, 192.86252
0.15975069E-3, 0.15847534E-2, 0.12610096E-3, 0.0000000, 0.0000000, 0.37133801E-2, 193.06073
0.15991439E-3, 0.15863772E-2, 0.12095278E-3, 0.0000000, 0.0000000, 0.37017034E-2, 193.25854
0.16007802E-3, 0.15880005E-2, 0.11581567E-3, 0.0000000, 0.0000000, 0.36900986E-2, 193.45630
0.16024165E-3, 0.15896237E-2, 0.11070160E-3, 0.0000000, 0.0000000, 0.36785631E-2, 193.65405
0.16040511E-3, 0.15912454E-2, 0.10559428E-3, 0.0000000, 0.0000000, 0.36670987E-2, 193.85162
0.16056806E-3, 0.15928618E-2, 0.10050018E-3, 0.0000000, 0.0000000, 0.36557028E-2, 194.04854
0.16073078E-3, 0.15944762E-2, 0.95442228E-4, 0.0000000, 0.0000000, 0.36443758E-2, 194.24519
0.16089350E-3, 0.15960904E-2, 0.90384507E-4, 0.0000000, 0.0000000, 0.36331178E-2, 194.44185
0.16105622E-3, 0.15977044E-2, 0.85338077E-4, 0.0000000, 0.0000000, 0.36219277E-2, 194.63850
0.16121889E-3, 0.15993187E-2, 0.80321392E-4, 0.0000000, 0.0000000, 0.36108051E-2, 194.83511
0.16138122E-3, 0.16009287E-2, 0.75304823E-4, 0.0000000, 0.0000000, 0.35997492E-2, 195.03127
0.16154350E-3, 0.16025386E-2, 0.70293958E-4, 0.0000000, 0.0000000, 0.35887596E-2, 195.22739
0.16170577E-3, 0.16041481E-2, 0.65296888E-4, 0.0000000, 0.0000000, 0.35778363E-2, 195.42348
0.16186804E-3, 0.16057576E-2, 0.60302787E-4, 0.0000000, 0.0000000, 0.35669783E-2, 195.61960
0.16203012E-3, 0.16073657E-2, 0.55317418E-4, 0.0000000, 0.0000000, 0.35561854E-2, 195.81548
0.16219194E-3, 0.16089713E-2, 0.50361210E-4, 0.0000000, 0.0000000, 0.35454575E-2, 196.01103
0.16235372E-3, 0.16105762E-2, 0.45406399E-4, 0.0000000, 0.0000000, 0.35347934E-2, 196.20659
0.16251534E-3, 0.16121794E-2, 0.40451239E-4, 0.0000000, 0.0000000, 0.35241933E-2, 196.40187
0.16267669E-3, 0.16137799E-2, 0.35512785E-4, 0.0000000, 0.0000000, 0.35136561E-2, 196.59686
0.16283771E-3, 0.16153774E-2, 0.30577357E-4, 0.0000000, 0.0000000, 0.35031827E-2, 196.79146
0.16299862E-3, 0.16169734E-2, 0.25656424E-4, 0.0000000, 0.0000000, 0.34927705E-2, 196.98592
0.16315954E-3, 0.16185697E-2, 0.20752370E-4, 0.0000000, 0.0000000, 0.34824207E-2, 197.18037
0.16332044E-3, 0.16201658E-2, 0.15857397E-4, 0.0000000, 0.0000000, 0.34721319E-2, 197.37483
0.16348127E-3, 0.16217612E-2, 0.10963879E-4, 0.0000000, 0.0000000, 0.34619058E-2, 197.56917
0.16364174E-3, 0.16233535E-2, 0.60735620E-5, 0.0000000, 0.0000000, 0.34517401E-2, 197.76317
0.16380219E-3, 0.16249451E-2, 0.11994853E-5, 0.0000000, 0.0000000, 0.34416344E-2, 197.95702
0.16396266E-3, 0.16265367E-2, -0.36598067E-5, 0.0000000, 0.0000000, 0.34315891E-2, 198.15097
0.16412309E-3, 0.16281286E-2, -0.85129286E-5, 0.0000000, 0.0000000, 0.34216028E-2, 198.34483
0.16428338E-3, 0.16297182E-2, -0.13353594E-4, 0.0000000, 0.0000000, 0.34116751E-2, 198.53859
0.16444338E-3, 0.16313054E-2, -0.18185761E-4, 0.0000000, 0.0000000, 0.34018063E-2, 198.73195
0.16460316E-3, 0.16328908E-2, -0.23018569E-4, 0.0000000, 0.0000000, 0.33919960E-2, 198.92502
0.16476272E-3, 0.16344734E-2, -0.27848233E-4, 0.0000000, 0.0000000, 0.33822423E-2, 199.11783
0.16492222E-3, 0.16360560E-2, -0.32645417E-4, 0.0000000, 0.0000000, 0.33725461E-2, 199.31062
0.16508145E-3, 0.16376359E-2, -0.37437887E-4, 0.0000000, 0.0000000, 0.33629071E-2, 199.50307
0.16524053E-3, 0.16392139E-2, -0.42232918E-4, 0.0000000, 0.0000000, 0.33533243E-2, 199.69533
