0.27869342E-3, 0.41079431E-3, 0.40604220E-4, 0.19201366E-7, 0.0000000, 9.6691484, 17.456381, 121.58620, 172.23438
0.25902200E-3, 0.35560297E-3, 0.40604220E-4, 0.19201925E-7, 0.0000000, 9.6694107, 17.456793, 121.58620, 172.23438
0.25273889E-3, 0.33819253E-3, 0.40604220E-4, 0.19202419E-7, 0.0000000, 9.6696634, 17.457188, 121.58620, 172.23438
0.22886584E-3, 0.27099112E-3, 0.40604220E-4, 0.19202904E-7, 0.0000000, 9.6698923, 17.457548, 121.58620, 172.23438
0.24671876E-3, 0.32189552E-3, 0.40604220E-4, 0.19203371E-7, 0.0000000, 9.6701403, 17.457935, 121.58620, 172.23438
0.25107124E-3, 0.33459344E-3, 0.40604220E-4, 0.19203869E-7, 0.0000000, 9.6703911, 17.458328, 121.58620, 172.23438
0.25187072E-3, 0.33721459E-3, 0.40604220E-4, 0.19204377E-7, 0.0000000, 9.6706419, 17.458723, 121.58620, 172.23438
0.24125336E-3, 0.30739536E-3, 0.40604220E-4, 0.19204872E-7, 0.0000000, 9.6708860, 17.459106, 121.58620, 172.23438
-0.16923297E-3, 0.40818160E-3, 0.40604220E-4, 0.19205219E-7, 0.11448956E-2, 9.6707172, 17.458843, 121.58620, 172.23438
-0.42335625E-3, 0.50653674E-3, 0.40604220E-4, 0.19204290E-7, 0.18860435E-2, 9.6702919, 17.458176, 121.58620, 172.23438
0.52895062E-4, 0.40141016E-3, 0.40604220E-4, 0.19203938E-7, 0.56782248E-3, 9.6703472, 17.458260, 121.58620, 172.23438
0.25251837E-3, 0.34662869E-3, 0.40604220E-4, 0.19204288E-7, 0.54899247E-5, 9.6705990, 17.458656, 121.58620, 172.23438
0.25415668E-3, 0.34553648E-3, 0.40604220E-4, 0.19204785E-7, 0.0000000, 9.6708546, 17.459057, 121.58620, 172.23438
0.24503923E-3, 0.31986466E-3, 0.40604220E-4, 0.19205265E-7, 0.0000000, 9.6710978, 17.459438, 121.58620, 172.23438
0.24533775E-3, 0.32110204E-3, 0.40604220E-4, 0.19205741E-7, 0.0000000, 9.6713419, 17.459822, 121.58620, 172.23438
0.23926416E-3, 0.30408794E-3, 0.40604220E-4, 0.19206233E-7, 0.0000000, 9.6715803, 17.460196, 121.58620, 172.23438
0.23627888E-3, 0.29590429E-3, 0.40604220E-4, 0.19206718E-7, 0.0000000, 9.6718178, 17.460569, 121.58620, 172.23438
0.23352608E-3, 0.37260674E-3, 0.40604220E-4, 0.19207214E-7, 0.75362936E-4, 9.6720533, 17.460938, 121.58620, 172.23438
0.21272071E-3, 0.40716620E-3, 0.40604220E-4, 0.19207588E-7, 0.15937490E-3, 9.6722631, 17.461266, 121.58620, 172.23438
0.24222588E-3, 0.31390041E-3, 0.40604220E-4, 0.19208082E-7, 0.0000000, 9.6725054, 17.461645, 121.58620, 172.23438
0.22489126E-3, 0.26436950E-3, 0.40604220E-4, 0.19208519E-7, 0.0000000, 9.6727304, 17.462000, 121.58620, 172.23438
0.19962946E-3, 0.19186341E-3, 0.40604220E-4, 0.19208974E-7, 0.0000000, 9.6729317, 17.462315, 121.58620, 172.23438
0.21092304E-3, 0.22483661E-3, 0.40604220E-4, 0.19209381E-7, 0.0000000, 9.6731424, 17.462645, 121.58620, 172.23438
0.21362178E-3, 0.23295725E-3, 0.40604220E-4, 0.19209788E-7, 0.0000000, 9.6733561, 17.462980, 121.58620, 172.23438
0.15930220E-3, 0.23535368E-3, 0.40604220E-4, 0.19210120E-7, 0.14133326E-3, 9.6735172, 17.463232, 121.58620, 172.23438
0.20158749E-3, 0.19868609E-3, 0.40604220E-4, 0.19210443E-7, 0.0000000, 9.6737232, 17.463556, 121.58620, 172.23438
0.19173577E-3, 0.18439235E-3, 0.40604220E-4, 0.19210887E-7, 0.12396711E-4, 9.6739149, 17.463858, 121.58620, 172.23438
-0.50072094E-5, 0.23648606E-3, 0.40604220E-4, 0.19211210E-7, 0.56336587E-3, 9.6739111, 17.463850, 121.58620, 172.23438
-0.67181606E-3, 0.28340681E-3, 0.40604220E-4, 0.19210502E-7, 0.23169396E-2, 9.6732368, 17.462795, 121.58620, 172.23438
-0.80860418E-3, 0.31072216E-3, 0.40604220E-4, 0.19209022E-7, 0.26920196E-2, 9.6724262, 17.461523, 121.58620, 172.23438
-0.69001853E-3, 0.36574772E-3, 0.40604220E-4, 0.19207468E-7, 0.24355876E-2, 9.6717377, 17.460442, 121.58620, 172.23438
-0.36688804E-3, 0.38633391E-3, 0.40604220E-4, 0.19206395E-7, 0.16235118E-2, 9.6713715, 17.459867, 121.58620, 172.23438
0.54732336E-4, 0.38254820E-3, 0.40604220E-4, 0.19206027E-7, 0.53703017E-3, 9.6714249, 17.459951, 121.58620, 172.23438
0.24564861E-3, 0.32968738E-3, 0.40604220E-4, 0.19206414E-7, 0.0000000, 9.6716690, 17.460335, 121.58620, 172.23438
0.23373762E-3, 0.29516622E-3, 0.40604220E-4, 0.19206897E-7, 0.0000000, 9.6719027, 17.460699, 121.58620, 172.23438
0.21112576E-3, 0.22916507E-3, 0.40604220E-4, 0.19207345E-7, 0.0000000, 9.6721134, 17.461033, 121.58620, 172.23438
0.20587975E-3, 0.21413362E-3, 0.40604220E-4, 0.19207759E-7, 0.0000000, 9.6723242, 17.461361, 121.58620, 172.23438
0.17287598E-3, 0.18633717E-3, 0.40604220E-4, 0.19208166E-7, 0.60200429E-4, 9.6724949, 17.461630, 121.58620, 172.23438
-0.50921926E-5, 0.22845717E-3, 0.40604220E-4, 0.19208397E-7, 0.55357447E-3, 9.6724892, 17.461622, 121.58620, 172.23438
-0.27675659E-3, 0.23751878E-3, 0.40604220E-4, 0.19208152E-7, 0.12588188E-2, 9.6722126, 17.461187, 121.58620, 172.23438
-0.66247641E-3, 0.27534395E-3, 0.40604220E-4, 0.19206986E-7, 0.22819224E-2, 9.6715508, 17.460148, 121.58620, 172.23438
-0.75169795E-4, 0.23876224E-3, 0.40604220E-4, 0.19206166E-7, 0.74153993E-3, 9.6714764, 17.460032, 121.58620, 172.23438
0.18508155E-3, 0.22168628E-3, 0.40604220E-4, 0.19206215E-7, 0.58021531E-4, 9.6716623, 17.460323, 121.58620, 172.23438
0.21358725E-3, 0.23972729E-3, 0.40604220E-4, 0.19206604E-7, 0.0000000, 9.6718731, 17.460653, 121.58620, 172.23438
0.21857933E-3, 0.25508803E-3, 0.40604220E-4, 0.19207032E-7, 0.0000000, 9.6720905, 17.460997, 121.58620, 172.23438
0.21933607E-3, 0.25783532E-3, 0.40604220E-4, 0.19207476E-7, 0.0000000, 9.6723108, 17.461342, 121.58620, 172.23438
0.22038873E-3, 0.26148852E-3, 0.40604220E-4, 0.19207890E-7, 0.0000000, 9.6725311, 17.461687, 121.58620, 172.23438
0.20757027E-3, 0.22349671E-3, 0.40604220E-4, 0.19208359E-7, 0.0000000, 9.6727419, 17.462017, 121.58620, 172.23438
-0.93738105E-4, 0.26839232E-3, 0.40604220E-4, 0.19208521E-7, 0.81176410E-3, 9.6726484, 17.461872, 121.58620, 172.23438
-0.90836053E-4, 0.25578131E-3, 0.40604220E-4, 0.19208358E-7, 0.79312309E-3, 9.6725607, 17.461733, 121.58620, 172.23438
-0.71216411E-4, 0.30158038E-3, 0.40604220E-4, 0.19208208E-7, 0.78124902E-3, 9.6724930, 17.461626, 121.58620, 172.23438
-0.51395160E-4, 0.32575999E-3, 0.40604220E-4, 0.19208047E-7, 0.75041171E-3, 9.6724396, 17.461542, 121.58620, 172.23438
-0.47949154E-4, 0.26907548E-3, 0.40604220E-4, 0.19207935E-7, 0.69303659E-3, 9.6723919, 17.461468, 121.58620, 172.23438
0.49430400E-5, 0.17138466E-3, 0.40604220E-4, 0.19207942E-7, 0.47407314E-3, 9.6723976, 17.461477, 121.58620, 172.23438
0.24785999E-4, 0.15587592E-3, 0.40604220E-4, 0.19208008E-7, 0.40959640E-3, 9.6724205, 17.461512, 121.58620, 172.23438
0.32750188E-4, 0.13433714E-3, 0.40604220E-4, 0.19208132E-7, 0.37060570E-3, 9.6724558, 17.461569, 121.58620, 172.23438
-0.70886024E-4, 0.13517510E-3, 0.40604220E-4, 0.19208118E-7, 0.63708070E-3, 9.6723843, 17.461456, 121.58620, 172.23438
0.23328175E-4, 0.12719177E-3, 0.40604220E-4, 0.19208107E-7, 0.38803823E-3, 9.6724052, 17.461489, 121.58620, 172.23438
-0.14868359E-4, 0.11985512E-3, 0.40604220E-4, 0.19208155E-7, 0.47963590E-3, 9.6723928, 17.461470, 121.58620, 172.23438
-0.19210980E-3, 0.12457708E-3, 0.40604220E-4, 0.19207970E-7, 0.93836593E-3, 9.6722040, 17.461172, 121.58620, 172.23438
-0.10322277E-3, 0.10375285E-3, 0.40604220E-4, 0.19207597E-7, 0.69251296E-3, 9.6721020, 17.461012, 121.58620, 172.23438
-0.26349851E-3, 0.10968572E-3, 0.40604220E-4, 0.19207357E-7, 0.11086221E-2, 9.6718397, 17.460604, 121.58620, 172.23438
-0.33365359E-3, 0.11697981E-3, 0.40604220E-4, 0.19206656E-7, 0.12943931E-2, 9.6715059, 17.460077, 121.58620, 172.23438
-0.26332457E-2, 0.18362496E-3, 0.40604220E-4, 0.19204382E-7, 0.72544529E-2, 9.6688728, 17.455950, 121.58620, 172.23438
-0.32278688E-2, 0.34361373E-3, 0.40604220E-4, 0.19197632E-7, 0.89118304E-2, 9.6656446, 17.450886, 121.58620, 172.23438
-0.21333108E-2, 0.25494525E-3, 0.40604220E-4, 0.19192498E-7, 0.60284855E-2, 9.6635132, 17.447542, 121.58620, 172.23438
-0.12912476E-2, 0.17223797E-3, 0.40604220E-4, 0.19189214E-7, 0.37982007E-2, 9.6622200, 17.445515, 121.58620, 172.23438
-0.95481641E-3, 0.18999464E-3, 0.40604220E-4, 0.19186826E-7, 0.29479838E-2, 9.6612644, 17.444014, 121.58620, 172.23438
-0.18861566E-2, 0.20056419E-3, 0.40604220E-4, 0.19184435E-7, 0.53484989E-2, 9.6593761, 17.441051, 121.58620, 172.23438
-0.19096001E-2, 0.20918845E-3, 0.40604220E-4, 0.19180469E-7, 0.54153907E-2, 9.6574659, 17.438057, 121.58620, 172.23438
-0.19409737E-2, 0.24380993E-3, 0.40604220E-4, 0.19176651E-7, 0.55234605E-2, 9.6555243, 17.435009, 121.58620, 172.23438
-0.14913905E-2, 0.27379079E-3, 0.40604220E-4, 0.19173074E-7, 0.43921871E-2, 9.6540346, 17.432671, 121.58620, 172.23438
-0.10425983E-2, 0.19509884E-3, 0.40604220E-4, 0.19170569E-7, 0.31760572E-2, 9.6529922, 17.431036, 121.58620, 172.23438
-0.10143985E-2, 0.19917669E-3, 0.40604220E-4, 0.19168665E-7, 0.31064495E-2, 9.6519794, 17.429447, 121.58620, 172.23438
-0.10951252E-2, 0.20228111E-3, 0.40604220E-4, 0.19166535E-7, 0.33159219E-2, 9.6508846, 17.427729, 121.58620, 172.23438
-0.11838889E-2, 0.21370660E-3, 0.40604220E-4, 0.19164300E-7, 0.35526233E-2, 9.6497011, 17.425871, 121.58620, 172.23438
-0.10723660E-2, 0.23415731E-3, 0.40604220E-4, 0.19161995E-7, 0.32818629E-2, 9.6486282, 17.424189, 121.58620, 172.23438
-0.78794139E-3, 0.22254404E-3, 0.40604220E-4, 0.19160094E-7, 0.25415032E-2, 9.6478405, 17.422953, 121.58620, 172.23438
-0.35543527E-3, 0.21412385E-3, 0.40604220E-4, 0.19159042E-7, 0.14231370E-2, 9.6474848, 17.422394, 121.58620, 172.23438
0.53844371E-4, 0.19034090E-3, 0.40604220E-4, 0.19158565E-7, 0.35239538E-3, 9.6475372, 17.422476, 121.58620, 172.23438
0.19570174E-3, 0.20669904E-3, 0.40604220E-4, 0.19158845E-7, 0.0000000, 9.6477356, 17.422787, 121.58620, 172.23438
0.18314678E-3, 0.16600115E-3, 0.40604220E-4, 0.19159261E-7, 0.0000000, 9.6479197, 17.423077, 121.58620, 172.23438
0.18821952E-3, 0.18376361E-3, 0.40604220E-4, 0.19159687E-7, 0.0000000, 9.6481113, 17.423378, 121.58620, 172.23438
0.20640175E-3, 0.24546200E-3, 0.40604231E-4, 0.19160055E-7, 0.0000000, 9.6483183, 17.423702, 121.58620, 172.23438
0.19556764E-3, 0.21002363E-3, 0.40604242E-4, 0.19160472E-7, 0.0000000, 9.6485128, 17.424007, 121.58620, 172.23438
0.20003387E-3, 0.22603480E-3, 0.40604242E-4, 0.19160836E-7, 0.0000000, 9.6487131, 17.424320, 121.58620, 172.23438
0.18676986E-3, 0.18208202E-3, 0.40604242E-4, 0.19161240E-7, 0.0000000, 9.6489010, 17.424616, 121.58620, 172.23438
0.19122942E-3, 0.19826223E-3, 0.40604242E-4, 0.19161634E-7, 0.0000000, 9.6490974, 17.424925, 121.58620, 172.23438
-0.26137830E-4, 0.22329905E-3, 0.40604245E-4, 0.19161948E-7, 0.57651754E-3, 9.6490746, 17.424887, 121.58620, 172.23438
-0.81666530E-3, 0.22392295E-3, 0.40604245E-4, 0.19161366E-7, 0.26074958E-2, 9.6482573, 17.423607, 121.58620, 172.23438
-0.28129111E-2, 0.36235966E-3, 0.40604271E-4, 0.19157309E-7, 0.78399610E-2, 9.6454439, 17.419189, 121.58620, 172.23438
-0.16528947E-2, 0.32260202E-3, 0.40604293E-4, 0.19152923E-7, 0.48302691E-2, 9.6437902, 17.416595, 121.58620, 172.23438
-0.84051944E-3, 0.30567753E-3, 0.40604296E-4, 0.19150336E-7, 0.27303577E-2, 9.6429510, 17.415277, 121.58620, 172.23438
-0.33576263E-3, 0.25720143E-3, 0.40604304E-4, 0.19149262E-7, 0.13969614E-2, 9.6426172, 17.414755, 121.58620, 172.23438
-0.21773860E-4, 0.25655507E-3, 0.40604304E-4, 0.19148878E-7, 0.58929186E-3, 9.6425943, 17.414719, 121.58620, 172.23438
-0.75154164E-3, 0.26012069E-3, 0.40604307E-4, 0.19148704E-7, 0.24665727E-2, 9.6418428, 17.413538, 121.58620, 172.23438
-0.13447432E-2, 0.30683790E-3, 0.40604315E-4, 0.19146212E-7, 0.40256060E-2, 9.6404991, 17.411428, 121.58620, 172.23438
-0.11787781E-2, 0.33683048E-3, 0.40604333E-4, 0.19143769E-7, 0.36216381E-2, 9.6393194, 17.409578, 121.58620, 172.23438
-0.12269992E-2, 0.39095184E-3, 0.40604413E-4, 0.19141295E-7, 0.37864204E-2, 9.6380920, 17.407652, 121.58620, 172.23438
-0.96792303E-3, 0.39701196E-3, 0.40604464E-4, 0.19139140E-7, 0.31258923E-2, 9.6371250, 17.406134, 121.58620, 172.23438
-0.90662343E-3, 0.41578166E-3, 0.40604522E-4, 0.19137275E-7, 0.29831829E-2, 9.6362181, 17.404709, 121.58620, 172.23438
-0.72091632E-3, 0.44725605E-3, 0.40604566E-4, 0.19135559E-7, 0.25305923E-2, 9.6354990, 17.403582, 121.58620, 172.23438
-0.56297751E-3, 0.39330052E-3, 0.40604617E-4, 0.19134280E-7, 0.20849779E-2, 9.6349344, 17.402695, 121.58620, 172.23438
-0.45312598E-3, 0.40277946E-3, 0.40604653E-4, 0.19133251E-7, 0.18104204E-2, 9.6344814, 17.401983, 121.58620, 172.23438
-0.36287407E-3, 0.40561444E-3, 0.40604704E-4, 0.19132433E-7, 0.15812600E-2, 9.6341162, 17.401409, 121.58620, 172.23438
-0.26574609E-3, 0.39135970E-3, 0.40604737E-4, 0.19131791E-7, 0.13213905E-2, 9.6338482, 17.400988, 121.58620, 172.23438
-0.10227622E-3, 0.41751374E-3, 0.40604780E-4, 0.19131358E-7, 0.92157919E-3, 9.6337461, 17.400829, 121.58620, 172.23438
0.13454005E-4, 0.36287287E-3, 0.40604809E-4, 0.19131249E-7, 0.58300252E-3, 9.6337595, 17.400850, 121.58620, 172.23438
-0.10827814E-2, 0.37696655E-3, 0.40604857E-4, 0.19130741E-7, 0.34109787E-2, 9.6326771, 17.399151, 121.58620, 172.23438
-0.14244145E-2, 0.44541355E-3, 0.40604922E-4, 0.19127947E-7, 0.43417718E-2, 9.6312513, 17.396914, 121.58620, 172.23438
-0.14350201E-2, 0.55969757E-3, 0.40605028E-4, 0.34236411E-4, 0.44233711E-2, 9.6298170, 17.394661, 121.58620, 172.23438
-0.89718198E-3, 0.72337152E-3, 0.40605129E-4, 0.44289493E-4, 0.31597374E-2, 9.6289177, 17.393248, 121.58620, 172.23438
-0.88916766E-3, 0.80249843E-3, 0.40605235E-4, 0.17963468E-4, 0.32311457E-2, 9.6280298, 17.391855, 121.58620, 172.23438
-0.59417047E-3, 0.91009750E-3, 0.40605351E-4, 0.42631359E-5, 0.25760822E-2, 9.6274357, 17.390923, 121.58621, 172.23441
-0.68354548E-3, 0.98722230E-3, 0.40605464E-4, 0.19230109E-7, 0.28773332E-2, 9.6267529, 17.389849, 121.58622, 172.23447
-0.76525519E-3, 0.10064460E-2, 0.40605573E-4, 0.19207180E-7, 0.31093024E-2, 9.6259861, 17.388645, 121.58622, 172.23451
-0.79711358E-3, 0.10069606E-2, 0.40605679E-4, 0.19186325E-7, 0.31976984E-2, 9.6251879, 17.387392, 121.58622, 172.23454
-0.63887244E-3, 0.12062970E-2, 0.40605806E-4, 0.14515479E-6, 0.29581408E-2, 9.6245451, 17.386383, 121.58626, 172.23465
-0.67159190E-3, 0.13138502E-2, 0.40605926E-4, 0.16537958E-5, 0.31365224E-2, 9.6238747, 17.385330, 121.58629, 172.23477
-0.58363157E-3, 0.14125924E-2, 0.40606057E-4, 0.21448464E-6, 0.30016676E-2, 9.6232891, 17.384409, 121.58633, 172.23491
-0.62279135E-3, 0.12967030E-2, 0.40606174E-4, 0.19216451E-7, 0.30149950E-2, 9.6226664, 17.383432, 121.58634, 172.23497
-0.58471854E-3, 0.10374563E-2, 0.40606279E-4, 0.15345875E-4, 0.26916638E-2, 9.6220837, 17.382517, 121.58634, 172.23497
-0.72289858E-3, 0.94577036E-3, 0.40606392E-4, 0.19219446E-7, 0.29885664E-2, 9.6213598, 17.381380, 121.58634, 172.23497
-0.70503348E-3, 0.10127858E-2, 0.40606508E-4, 0.25533936E-5, 0.29984384E-2, 9.6206551, 17.380274, 121.58634, 172.23497
-0.55890938E-3, 0.11027849E-2, 0.40606610E-4, 0.49063739E-4, 0.26546014E-2, 9.6200972, 17.379398, 121.58634, 172.23497
-0.59383182E-3, 0.12757726E-2, 0.40606716E-4, 0.72277039E-5, 0.29352282E-2, 9.6195040, 17.378466, 121.58636, 172.23502
-0.59375702E-3, 0.14930472E-2, 0.40606832E-4, 0.67740675E-5, 0.31240063E-2, 9.6189079, 17.377527, 121.58639, 172.23512
-0.50936179E-3, 0.16752486E-2, 0.40606952E-4, 0.90804349E-7, 0.30748521E-2, 9.6183977, 17.376728, 121.58644, 172.23524
-0.66091295E-3, 0.16012739E-2, 0.40607065E-4, 0.10159065E-4, 0.33979462E-2, 9.6177387, 17.375694, 121.58647, 172.23532
-0.61372796E-3, 0.15508686E-2, 0.40607181E-4, 0.70333542E-7, 0.32490646E-2, 9.6171236, 17.374725, 121.58649, 172.23540
-0.65285910E-3, 0.14041406E-2, 0.40607294E-4, 0.19198779E-7, 0.32278839E-2, 9.6164684, 17.373699, 121.58649, 172.23541
-0.58140873E-3, 0.14660682E-2, 0.40607396E-4, 0.19177005E-7, 0.31010739E-2, 9.6158905, 17.372791, 121.58651, 172.23546
-0.60120318E-3, 0.12590609E-2, 0.40607501E-4, 0.19157989E-7, 0.29760953E-2, 9.6152916, 17.371849, 121.58651, 172.23547
-0.60352893E-3, 0.12086718E-2, 0.40607585E-4, 0.19141861E-7, 0.29404140E-2, 9.6146889, 17.370905, 121.58651, 172.23547
-0.45171683E-3, 0.11848725E-2, 0.40607643E-4, 0.19128752E-7, 0.25311876E-2, 9.6142359, 17.370192, 121.58651, 172.23550
-0.32003431E-3, 0.99644694E-3, 0.40607680E-4, 0.19118605E-7, 0.20302420E-2, 9.6139183, 17.369692, 121.58651, 172.23550
-0.19185169E-3, 0.88328158E-3, 0.40607705E-4, 0.19110969E-7, 0.16029694E-2, 9.6137285, 17.369392, 121.58651, 172.23550
-0.20857310E-3, 0.67525118E-3, 0.40607727E-4, 0.19105324E-7, 0.14652563E-2, 9.6135225, 17.369070, 121.58651, 172.23550
-0.25864478E-3, 0.62859338E-3, 0.40607727E-4, 0.19101021E-7, 0.15533353E-2, 9.6132641, 17.368664, 121.58651, 172.23550
-0.74760709E-3, 0.63069677E-3, 0.40607727E-4, 0.19097557E-7, 0.28120123E-2, 9.6125202, 17.367496, 121.58651, 172.23550
-0.12891090E-2, 0.83874416E-3, 0.40607727E-4, 0.19093349E-7, 0.43850625E-2, 9.6112328, 17.365473, 121.58651, 172.23550
-0.11876907E-2, 0.10269780E-2, 0.40607749E-4, 0.19089484E-7, 0.42885812E-2, 9.6100464, 17.363611, 121.58651, 172.23550
-0.83829870E-3, 0.13577624E-2, 0.40607811E-4, 0.19086329E-7, 0.36796648E-2, 9.6092091, 17.362295, 121.58651, 172.23553
-0.91807696E-3, 0.14113412E-2, 0.40607858E-4, 0.18517496E-4, 0.39151302E-2, 9.6082897, 17.360851, 121.58651, 172.23553
-0.45598540E-3, 0.16173865E-2, 0.40607963E-4, 0.39118837E-4, 0.28893012E-2, 9.6078339, 17.360134, 121.58651, 172.23553
-0.34231771E-3, 0.19220838E-2, 0.40608080E-4, 0.17940998E-5, 0.29050072E-2, 9.6074924, 17.359598, 121.58653, 172.23563
-0.37496959E-3, 0.19976464E-2, 0.40608182E-4, 0.10416516E-5, 0.30608696E-2, 9.6071196, 17.359015, 121.58655, 172.23575
-0.26481284E-3, 0.21836688E-2, 0.40608287E-4, 0.19184434E-7, 0.29476730E-2, 9.6068563, 17.358599, 121.58658, 172.23587
-0.23086260E-3, 0.22576712E-2, 0.40608400E-4, 0.81997141E-5, 0.29231778E-2, 9.6066265, 17.358236, 121.58662, 172.23599
-0.41312547E-3, 0.20570795E-2, 0.40608516E-4, 0.25509061E-6, 0.32270518E-2, 9.6062126, 17.357586, 121.58663, 172.23607
-0.42096514E-3, 0.19416107E-2, 0.40608618E-4, 0.19179712E-7, 0.31486729E-2, 9.6057920, 17.356928, 121.58665, 172.23613
-0.41336264E-3, 0.22228230E-2, 0.40608724E-4, 0.82202414E-5, 0.33746595E-2, 9.6053810, 17.356281, 121.58668, 172.23625
-0.50088385E-3, 0.20450414E-2, 0.40608829E-4, 0.28951417E-4, 0.34244715E-2, 9.6048832, 17.355499, 121.58668, 172.23625
0.45576949E-5, 0.27182163E-2, 0.40608949E-4, 0.19196921E-7, 0.27593956E-2, 9.6048870, 17.355505, 121.58674, 172.23642
-0.25571781E-3, 0.22922808E-2, 0.40609037E-4, 0.74441290E-4, 0.29781582E-2, 9.6046305, 17.355103, 121.58675, 172.23650
-0.26494329E-3, 0.20345689E-2, 0.40609117E-4, 0.12768416E-4, 0.28357380E-2, 9.6043653, 17.354687, 121.58675, 172.23650
-0.42973895E-3, 0.19729778E-2, 0.40609175E-4, 0.10499142E-4, 0.32087995E-2, 9.6039381, 17.354013, 121.58675, 172.23650
-0.49769966E-3, 0.20692474E-2, 0.40609219E-4, 0.49513250E-6, 0.34823758E-2, 9.6034431, 17.353237, 121.58675, 172.23650
-0.44972502E-3, 0.20549386E-2, 0.40609240E-4, 0.65647151E-6, 0.33483198E-2, 9.6029902, 17.352524, 121.58675, 172.23650
-0.19943967E-3, 0.22914512E-2, 0.40609259E-4, 0.16107650E-4, 0.29050084E-2, 9.6027918, 17.352213, 121.58677, 172.23654
-0.53557793E-4, 0.24077643E-2, 0.40609277E-4, 0.18730427E-4, 0.26352711E-2, 9.6027384, 17.352129, 121.58678, 172.23662
0.72595183E-4, 0.30425449E-2, 0.40609324E-4, 0.16924267E-5, 0.29058722E-2, 9.6028118, 17.352243, 121.58685, 172.23679
0.10449896E-3, 0.31618187E-2, 0.40609364E-4, 0.28808413E-5, 0.29362049E-2, 9.6029167, 17.352407, 121.58691, 172.23695
0.15540080E-3, 0.31676986E-2, 0.40609419E-4, 0.19182846E-7, 0.28189798E-2, 9.6030769, 17.352661, 121.58697, 172.23711
0.27107366E-3, 0.30795936E-2, 0.40609440E-4, 0.19161671E-7, 0.24463546E-2, 9.6033487, 17.353088, 121.58702, 172.23726
-0.11798341E-3, 0.27569982E-2, 0.40609462E-4, 0.19142645E-7, 0.31568313E-2, 9.6032314, 17.352903, 121.58704, 172.23737
0.90932008E-4, 0.26864363E-2, 0.40609473E-4, 0.31220305E-4, 0.25271652E-2, 9.6033239, 17.353048, 121.58706, 172.23741
0.36345416E-3, 0.28295750E-2, 0.40609473E-4, 0.32190579E-4, 0.19590266E-2, 9.6036873, 17.353621, 121.58708, 172.23747
0.52649365E-3, 0.36740936E-2, 0.40609499E-4, 0.92568690E-7, 0.23477895E-2, 9.6042137, 17.354446, 121.58715, 172.23764
0.28428261E-3, 0.35101962E-2, 0.40609521E-4, 0.39858965E-5, 0.28218946E-2, 9.6044989, 17.354895, 121.58721, 172.23781
0.35600713E-3, 0.34825054E-2, 0.40609528E-4, 0.19185203E-7, 0.26206155E-2, 9.6048546, 17.355453, 121.58728, 172.23796
0.45566735E-3, 0.33735877E-2, 0.40609528E-4, 0.19164432E-7, 0.22684401E-2, 9.6053085, 17.356167, 121.58733, 172.23808
0.55252505E-3, 0.32712240E-2, 0.40609528E-4, 0.19146130E-7, 0.19288254E-2, 9.6058617, 17.357035, 121.58738, 172.23820
0.24459479E-3, 0.25158955E-2, 0.40609528E-4, 0.19130637E-7, 0.20280997E-2, 9.6061049, 17.357418, 121.58740, 172.23828
0.57189871E-4, 0.27876962E-2, 0.40609528E-4, 0.19117545E-7, 0.27617528E-2, 9.6061621, 17.357508, 121.58744, 172.23839
-0.13685966E-3, 0.29066382E-2, 0.40609528E-4, 0.19107075E-7, 0.33721684E-2, 9.6060247, 17.357292, 121.58747, 172.23846
-0.20638306E-3, 0.31702658E-2, 0.40609528E-4, 0.19098660E-7, 0.37962561E-2, 9.6058187, 17.356968, 121.58749, 172.23860
0.10589897E-3, 0.34426970E-2, 0.40609528E-4, 0.19092516E-7, 0.32474927E-2, 9.6059246, 17.357136, 121.58755, 172.23875
0.49365434E-3, 0.37291208E-2, 0.40609528E-4, 0.19088493E-7, 0.25182916E-2, 9.6064186, 17.357912, 121.58760, 172.23888
0.54193230E-3, 0.32987550E-2, 0.40609528E-4, 0.19086167E-7, 0.19993023E-2, 9.6069613, 17.358763, 121.58765, 172.23900
0.29561046E-3, 0.25600209E-2, 0.40609528E-4, 0.19084627E-7, 0.19509101E-2, 9.6072569, 17.359228, 121.58767, 172.23906
-0.36719419E-4, 0.28794568E-2, 0.40609528E-4, 0.19083181E-7, 0.31022336E-2, 9.6072226, 17.359175, 121.58771, 172.23915
0.24349079E-3, 0.28730114E-2, 0.40609528E-4, 0.19082069E-7, 0.23772924E-2, 9.6074648, 17.359554, 121.58772, 172.23924
0.21956007E-3, 0.23300664E-2, 0.40609528E-4, 0.19081629E-7, 0.19367731E-2, 9.6076822, 17.359898, 121.58772, 172.23924
0.25360679E-3, 0.20590459E-2, 0.40609528E-4, 0.19081412E-7, 0.15985165E-2, 9.6079359, 17.360296, 121.58772, 172.23924
-0.50400943E-3, 0.25669641E-2, 0.40609528E-4, 0.19080995E-7, 0.40177000E-2, 9.6074314, 17.359503, 121.58775, 172.23933
0.66399232E-4, 0.32141595E-2, 0.40609528E-4, 0.19079906E-7, 0.31527712E-2, 9.6074982, 17.359608, 121.58778, 172.23943
0.33446922E-3, 0.27548082E-2, 0.40609528E-4, 0.19080110E-7, 0.20387771E-2, 9.6078300, 17.360128, 121.58779, 172.23952
0.54056424E-3, 0.26632254E-2, 0.40609528E-4, 0.19080796E-7, 0.14248689E-2, 9.6083679, 17.360973, 121.58782, 172.23958
0.44881555E-3, 0.21275359E-2, 0.40609528E-4, 0.19081620E-7, 0.11639007E-2, 9.6088161, 17.361677, 121.58783, 172.23961
0.48092334E-3, 0.20587239E-2, 0.40609528E-4, 0.19082414E-7, 0.10177218E-2, 9.6092978, 17.362434, 121.58784, 172.23965
0.60923269E-3, 0.20885828E-2, 0.40609528E-4, 0.19083341E-7, 0.71582501E-3, 9.6099072, 17.363392, 121.58787, 172.23972
0.24518912E-3, 0.17554772E-2, 0.40609528E-4, 0.19084307E-7, 0.13424259E-2, 9.6101542, 17.363781, 121.58787, 172.23972
-0.17808925E-3, 0.21615149E-2, 0.40609528E-4, 0.19084396E-7, 0.28080109E-2, 9.6099730, 17.363495, 121.58788, 172.23975
-0.19898640E-3, 0.25884830E-2, 0.40609528E-4, 0.19083920E-7, 0.32590050E-2, 9.6097755, 17.363186, 121.58791, 172.23982
0.16382628E-3, 0.22201692E-2, 0.40609528E-4, 0.19083805E-7, 0.19844964E-2, 9.6099377, 17.363440, 121.58791, 172.23985
0.28395993E-3, 0.19680008E-2, 0.40609528E-4, 0.19084332E-7, 0.14414588E-2, 9.6102209, 17.363886, 121.58791, 172.23987
0.23656129E-3, 0.20107934E-2, 0.40609528E-4, 0.19084887E-7, 0.16032574E-2, 9.6104565, 17.364254, 121.58791, 172.23990
0.24328666E-3, 0.21090822E-2, 0.40609528E-4, 0.19085252E-7, 0.16775639E-2, 9.6106977, 17.364634, 121.58793, 172.23994
-0.22220943E-3, 0.17323778E-2, 0.40609528E-4, 0.19085524E-7, 0.25241342E-2, 9.6104765, 17.364286, 121.58793, 172.23994
-0.71292634E-5, 0.20318544E-2, 0.40609528E-4, 0.19085048E-7, 0.22497496E-2, 9.6104689, 17.364275, 121.58794, 172.23997
0.29717432E-3, 0.17244993E-2, 0.40609528E-4, 0.19085345E-7, 0.11816749E-2, 9.6107664, 17.364742, 121.58794, 172.23997
-0.97938208E-3, 0.35673995E-2, 0.40609528E-4, 0.45549964E-5, 0.61736419E-2, 9.6097870, 17.363203, 121.58800, 172.24017
0.12739634E-3, 0.39462959E-2, 0.40609528E-4, 0.23563389E-5, 0.36855051E-2, 9.6099148, 17.363403, 121.58804, 172.24034
0.76578627E-3, 0.48008165E-2, 0.40609517E-4, 0.20981652E-7, 0.28456987E-2, 9.6106777, 17.364601, 121.58810, 172.24051
0.70905261E-3, 0.40137391E-2, 0.40609484E-4, 0.19175518E-7, 0.22613979E-2, 9.6113853, 17.365713, 121.58815, 172.24065
0.99764252E-3, 0.42633759E-2, 0.40609477E-4, 0.19157980E-7, 0.17549455E-2, 9.6123819, 17.367279, 121.58820, 172.24078
0.88618638E-3, 0.35639112E-2, 0.40609448E-4, 0.19143616E-7, 0.13908903E-2, 9.6132679, 17.368671, 121.58824, 172.24088
0.33299290E-3, 0.25736480E-2, 0.40609444E-4, 0.23780518E-4, 0.18655740E-2, 9.6136007, 17.369194, 121.58824, 172.24088
0.26643445E-3, 0.38096341E-2, 0.40609444E-4, 0.10069149E-4, 0.32059459E-2, 9.6138659, 17.369610, 121.58824, 172.24098
0.26236070E-3, 0.37807208E-2, 0.40609444E-4, 0.11809083E-4, 0.31894578E-2, 9.6141291, 17.370024, 121.58825, 172.24112
0.51254017E-3, 0.42126467E-2, 0.40609408E-4, 0.35293820E-5, 0.29604118E-2, 9.6146412, 17.370829, 121.58831, 172.24129
0.47224970E-3, 0.41805208E-2, 0.40609386E-4, 0.28847739E-5, 0.30368136E-2, 9.6151123, 17.371569, 121.58835, 172.24146
0.67689770E-3, 0.45847520E-2, 0.40609331E-4, 0.65288140E-6, 0.28937352E-2, 9.6157866, 17.372629, 121.58840, 172.24162
0.96530851E-3, 0.47802301E-2, 0.40609291E-4, 0.19202734E-7, 0.23388537E-2, 9.6167498, 17.374140, 121.58846, 172.24176
0.11546602E-2, 0.48237983E-2, 0.40609233E-4, 0.19183759E-7, 0.18957965E-2, 9.6179047, 17.375954, 121.58852, 172.24190
0.98895968E-3, 0.40519047E-2, 0.40609200E-4, 0.19167320E-7, 0.16002057E-2, 9.6188927, 17.377504, 121.58858, 172.24202
0.99637243E-3, 0.37916184E-2, 0.40609146E-4, 0.19153621E-7, 0.13384348E-2, 9.6198883, 17.379070, 121.58862, 172.24214
0.84887556E-3, 0.30745156E-2, 0.40609120E-4, 0.19142883E-7, 0.10455714E-2, 9.6207352, 17.380400, 121.58865, 172.24220
-0.28549824E-4, 0.34015467E-2, 0.40609099E-4, 0.11438317E-4, 0.35970812E-2, 9.6207056, 17.380352, 121.58866, 172.24232
0.10747823E-2, 0.54676263E-2, 0.40608989E-4, 0.19219968E-7, 0.27144747E-2, 9.6217794, 17.382038, 121.58873, 172.24249
0.12244035E-2, 0.49335170E-2, 0.40608869E-4, 0.19200659E-7, 0.18311315E-2, 9.6230059, 17.383965, 121.58879, 172.24263
0.79260167E-3, 0.38238985E-2, 0.40608760E-4, 0.19183288E-7, 0.18998190E-2, 9.6237993, 17.385210, 121.58881, 172.24269
0.63320098E-3, 0.33082045E-2, 0.40608676E-4, 0.19168020E-7, 0.18254862E-2, 9.6244316, 17.386204, 121.58883, 172.24272
0.43632989E-3, 0.32263719E-2, 0.40608618E-4, 0.19155681E-7, 0.22550856E-2, 9.6248665, 17.386889, 121.58884, 172.24275
0.29666905E-3, 0.38829537E-2, 0.40608538E-4, 0.19145617E-7, 0.32324169E-2, 9.6251640, 17.387354, 121.58886, 172.24284
0.62519050E-3, 0.46922895E-2, 0.40608440E-4, 0.11124358E-5, 0.31500005E-2, 9.6257896, 17.388336, 121.58890, 172.24300
0.51720801E-3, 0.40948680E-2, 0.40608335E-4, 0.17037057E-4, 0.28508329E-2, 9.6263056, 17.389147, 121.58890, 172.24303
0.58916537E-3, 0.43761837E-2, 0.40608222E-4, 0.28292650E-5, 0.29462853E-2, 9.6268950, 17.390074, 121.58892, 172.24316
0.66968182E-3, 0.43093828E-2, 0.40608109E-4, 0.46283916E-4, 0.26343558E-2, 9.6275663, 17.391127, 121.58894, 172.24324
0.93473832E-3, 0.46056337E-2, 0.40608003E-4, 0.24189818E-4, 0.22558172E-2, 9.6285009, 17.392593, 121.58899, 172.24335
0.82545547E-3, 0.45354422E-2, 0.40607898E-4, 0.12406926E-4, 0.24838538E-2, 9.6293268, 17.393890, 121.58902, 172.24345
0.81886031E-3, 0.45793625E-2, 0.40607774E-4, 0.15189293E-4, 0.25408980E-2, 9.6301432, 17.395174, 121.58907, 172.24359
0.53881790E-3, 0.40646847E-2, 0.40607669E-4, 0.59138451E-5, 0.27856641E-2, 9.6306820, 17.396019, 121.58907, 172.24361
0.92977559E-3, 0.47754226E-2, 0.40607563E-4, 0.19249377E-7, 0.24585768E-2, 9.6316099, 17.397476, 121.58910, 172.24371
0.10969436E-2, 0.48864693E-2, 0.40607425E-4, 0.19229104E-7, 0.21353690E-2, 9.6327105, 17.399202, 121.58916, 172.24385
0.12240002E-2, 0.50156564E-2, 0.40607305E-4, 0.19210855E-7, 0.19324938E-2, 9.6339359, 17.401127, 121.58920, 172.24397
0.93568000E-3, 0.40289294E-2, 0.40607163E-4, 0.19195175E-7, 0.17428431E-2, 9.6348734, 17.402597, 121.58924, 172.24408
0.58383239E-3, 0.36774366E-2, 0.40607058E-4, 0.19181892E-7, 0.23156558E-2, 9.6354561, 17.403515, 121.58926, 172.24414
0.75833040E-3, 0.39491043E-2, 0.40606945E-4, 0.19171164E-7, 0.21245030E-2, 9.6362162, 17.404707, 121.58930, 172.24423
0.10038107E-2, 0.39184634E-2, 0.40606810E-4, 0.19163604E-7, 0.14654023E-2, 9.6372185, 17.406279, 121.58934, 172.24431
0.65559044E-3, 0.37441051E-2, 0.40606690E-4, 0.68195814E-5, 0.21891911E-2, 9.6378746, 17.407309, 121.58936, 172.24437
0.14184008E-2, 0.57497071E-2, 0.40606556E-4, 0.14090951E-5, 0.21316041E-2, 9.6392937, 17.409536, 121.58941, 172.24454
0.10776672E-2, 0.44707879E-2, 0.40606425E-4, 0.72534253E-5, 0.17936912E-2, 9.6403742, 17.411234, 121.58941, 172.24457
0.13415503E-2, 0.55454485E-2, 0.40606294E-4, 0.44066670E-7, 0.21407241E-2, 9.6417189, 17.413345, 121.58947, 172.24474
0.15617857E-2, 0.60864114E-2, 0.40606134E-4, 0.30330291E-5, 0.20858815E-2, 9.6432819, 17.415798, 121.58953, 172.24487
0.14765413E-2, 0.60420707E-2, 0.40605966E-4, 0.91591751E-7, 0.22683465E-2, 9.6447592, 17.418116, 121.58959, 172.24503
0.13351201E-2, 0.54156086E-2, 0.40605817E-4, 0.19258314E-7, 0.20406398E-2, 9.6460953, 17.420214, 121.58967, 172.24522
0.91833359E-3, 0.41936804E-2, 0.40605672E-4, 0.19239689E-7, 0.19551783E-2, 9.6470137, 17.421656, 121.58968, 172.24529
0.43150695E-3, 0.41784262E-2, 0.40605559E-4, 0.21679933E-4, 0.31704847E-2, 9.6474476, 17.422335, 121.58968, 172.24529
0.99272339E-3, 0.51661478E-2, 0.40605428E-4, 0.28660845E-4, 0.26583923E-2, 9.6484413, 17.423895, 121.58974, 172.24542
0.98569668E-3, 0.50361380E-2, 0.40605293E-4, 0.19736579E-4, 0.25633990E-2, 9.6494265, 17.425442, 121.58975, 172.24554
0.86364336E-3, 0.47085988E-2, 0.40605155E-4, 0.53539966E-5, 0.25818876E-2, 9.6502905, 17.426796, 121.58977, 172.24564
0.12473504E-2, 0.54688775E-2, 0.40605031E-4, 0.19287887E-7, 0.23233942E-2, 9.6515369, 17.428753, 121.58982, 172.24577
0.13572506E-2, 0.52772029E-2, 0.40604871E-4, 0.19268185E-7, 0.18606371E-2, 9.6528950, 17.430885, 121.58987, 172.24590
0.12089829E-2, 0.47695246E-2, 0.40604711E-4, 0.19250304E-7, 0.17610012E-2, 9.6541033, 17.432779, 121.58990, 172.24600
0.10428826E-2, 0.47839908E-2, 0.40604555E-4, 0.19234822E-7, 0.22023034E-2, 9.6551466, 17.434418, 121.58994, 172.24612
0.75356447E-3, 0.39629904E-2, 0.40604424E-4, 0.19221948E-7, 0.21670635E-2, 9.6559019, 17.435602, 121.58995, 172.24619
0.94310445E-3, 0.42747101E-2, 0.40604289E-4, 0.19211679E-7, 0.19763915E-2, 9.6568432, 17.437077, 121.59000, 172.24628
0.51933562E-3, 0.37635928E-2, 0.40604162E-4, 0.19204036E-7, 0.25802313E-2, 9.6573629, 17.437895, 121.59000, 172.24631
0.82559860E-3, 0.45400439E-2, 0.40604027E-4, 0.19198350E-7, 0.25309287E-2, 9.6581888, 17.439190, 121.59003, 172.24638
0.12658171E-2, 0.59085311E-2, 0.40603878E-4, 0.99247600E-5, 0.26904515E-2, 9.6594572, 17.441179, 121.59010, 172.24654
0.16304965E-2, 0.62472448E-2, 0.40603692E-4, 0.19292445E-7, 0.20869311E-2, 9.6610889, 17.443739, 121.59016, 172.24670
0.16423087E-2, 0.61836764E-2, 0.40603474E-4, 0.72152625E-5, 0.19908212E-2, 9.6627302, 17.446314, 121.59023, 172.24686
0.16430087E-2, 0.48724478E-2, 0.40603278E-4, 0.34591190E-4, 0.71706285E-3, 9.6643724, 17.448891, 121.59023, 172.24690
0.11702402E-2, 0.47879610E-2, 0.40603114E-4, 0.13943237E-6, 0.18863248E-2, 9.6655407, 17.450724, 121.59025, 172.24699
0.54964883E-3, 0.36947317E-2, 0.40602972E-4, 0.54167749E-5, 0.24364276E-2, 9.6660872, 17.451580, 121.59025, 172.24699
0.45092238E-3, 0.39046602E-2, 0.40602863E-4, 0.12217989E-4, 0.28828769E-2, 9.6665363, 17.452284, 121.59025, 172.24699
0.89622004E-3, 0.50083385E-2, 0.40602714E-4, 0.33308793E-5, 0.27975128E-2, 9.6674337, 17.453691, 121.59029, 172.24710
0.11781234E-2, 0.53709405E-2, 0.40602543E-4, 0.98932851E-7, 0.24222494E-2, 9.6686106, 17.455538, 121.59033, 172.24721
0.12107093E-2, 0.51255319E-2, 0.40602361E-4, 0.19304016E-7, 0.21061939E-2, 9.6698217, 17.457438, 121.59037, 172.24733
0.12331282E-2, 0.49801599E-2, 0.40602190E-4, 0.19285796E-7, 0.19111231E-2, 9.6710539, 17.459370, 121.59042, 172.24745
0.10378263E-2, 0.43210117E-2, 0.40602019E-4, 0.19270033E-7, 0.17863488E-2, 9.6720924, 17.461000, 121.59044, 172.24753
0.10455814E-2, 0.41663204E-2, 0.40601873E-4, 0.19256996E-7, 0.16196037E-2, 9.6731386, 17.462639, 121.59048, 172.24763
0.87340758E-3, 0.35121911E-2, 0.40601732E-4, 0.19246819E-7, 0.14397334E-2, 9.6740103, 17.464005, 121.59049, 172.24771
0.50886744E-3, 0.25329143E-2, 0.40601604E-4, 0.19238771E-7, 0.14443463E-2, 9.6745205, 17.464806, 121.59049, 172.24771
0.37994649E-3, 0.21584884E-2, 0.40601488E-4, 0.19232431E-7, 0.14190904E-2, 9.6748981, 17.465399, 121.59049, 172.24771
0.43886169E-3, 0.20895365E-2, 0.40601415E-4, 0.19227837E-7, 0.12019748E-2, 9.6753359, 17.466085, 121.59049, 172.24771
0.48265568E-3, 0.21068519E-2, 0.40601350E-4, 0.19224780E-7, 0.11057273E-2, 9.6758175, 17.466839, 121.59049, 172.24771
0.56645391E-3, 0.22238337E-2, 0.40601262E-4, 0.19222933E-7, 0.10015188E-2, 9.6763849, 17.467731, 121.59049, 172.24771
0.62245270E-3, 0.21313992E-2, 0.40601175E-4, 0.19222016E-7, 0.76960394E-3, 9.6770048, 17.468702, 121.59049, 172.24771
0.48967596E-3, 0.15521316E-2, 0.40601106E-4, 0.19221632E-7, 0.55970531E-3, 9.6774950, 17.469469, 121.59049, 172.24771
0.53826894E-3, 0.15042990E-2, 0.40601073E-4, 0.19221570E-7, 0.38919563E-3, 9.6780348, 17.470318, 121.59049, 172.24771
0.59266231E-3, 0.14642392E-2, 0.40601019E-4, 0.19221913E-7, 0.21117923E-3, 9.6786280, 17.471249, 121.59049, 172.24771
0.63092634E-3, 0.14172805E-2, 0.40600986E-4, 0.19222572E-7, 0.68031601E-4, 9.6792574, 17.472233, 121.59049, 172.24771
0.62401901E-3, 0.13570362E-2, 0.40600939E-4, 0.19223448E-7, 0.28270450E-4, 9.6798801, 17.473211, 121.59049, 172.24771
0.65521203E-3, 0.14155115E-2, 0.40600913E-4, 0.19224430E-7, 0.34100740E-5, 9.6805344, 17.474237, 121.59049, 172.24771
0.66461909E-3, 0.14376680E-2, 0.40600884E-4, 0.19225551E-7, 0.0000000, 9.6811991, 17.475279, 121.59049, 172.24771
0.63981669E-3, 0.13708845E-2, 0.40600837E-4, 0.19226739E-7, 0.0000000, 9.6818380, 17.476280, 121.59049, 172.24771
0.62667439E-3, 0.13356376E-2, 0.40600811E-4, 0.19227949E-7, 0.0000000, 9.6824675, 17.477268, 121.59049, 172.24771
0.60856179E-3, 0.12869318E-2, 0.40600786E-4, 0.19229144E-7, 0.0000000, 9.6830750, 17.478220, 121.59049, 172.24771
0.57704473E-3, 0.12019137E-2, 0.40600771E-4, 0.19230319E-7, 0.0000000, 9.6836510, 17.479122, 121.59049, 172.24771
0.62461174E-3, 0.13310614E-2, 0.40600749E-4, 0.19231475E-7, 0.0000000, 9.6842747, 17.480101, 121.59049, 172.24771
0.56459021E-3, 0.11687952E-2, 0.40600724E-4, 0.19232639E-7, 0.0000000, 9.6848373, 17.480984, 121.59049, 172.24771
0.59589936E-3, 0.12539506E-2, 0.40600724E-4, 0.19233747E-7, 0.0000000, 9.6854315, 17.481913, 121.59049, 172.24771
0.58469345E-3, 0.12239158E-2, 0.40600698E-4, 0.19234848E-7, 0.0000000, 9.6860151, 17.482830, 121.59049, 172.24771
0.51054987E-3, 0.10232324E-2, 0.40600666E-4, 0.19235886E-7, 0.0000000, 9.6865263, 17.483631, 121.59049, 172.24771
0.45317612E-3, 0.86794409E-3, 0.40600662E-4, 0.19236786E-7, 0.0000000, 9.6869812, 17.484344, 121.59049, 172.24771
0.46378831E-3, 0.89702650E-3, 0.40600662E-4, 0.19237634E-7, 0.0000000, 9.6874447, 17.485069, 121.59049, 172.24771
0.45670330E-3, 0.87809085E-3, 0.40600662E-4, 0.19238531E-7, 0.0000000, 9.6879025, 17.485786, 121.59049, 172.24771
0.47213963E-3, 0.92029298E-3, 0.40600662E-4, 0.19239454E-7, 0.0000000, 9.6883755, 17.486528, 121.59049, 172.24771
0.46623271E-3, 0.90455799E-3, 0.40600662E-4, 0.19240385E-7, 0.0000000, 9.6888437, 17.487263, 121.59049, 172.24771
0.45493813E-3, 0.87417953E-3, 0.40600662E-4, 0.19241307E-7, 0.0000000, 9.6892986, 17.487976, 121.59049, 172.24771
0.46925741E-3, 0.91339624E-3, 0.40600662E-4, 0.19242202E-7, 0.0000000, 9.6897678, 17.488712, 121.59049, 172.24771
0.46448963E-3, 0.90074982E-3, 0.40600662E-4, 0.19243076E-7, 0.0000000, 9.6902332, 17.489443, 121.59049, 172.24771
0.46656921E-3, 0.90671581E-3, 0.40600662E-4, 0.19243968E-7, 0.0000000, 9.6906996, 17.490173, 121.59049, 172.24771
0.42985109E-3, 0.80713473E-3, 0.40600662E-4, 0.19244876E-7, 0.0000000, 9.6911278, 17.490843, 121.59049, 172.24771
0.43259902E-3, 0.81491127E-3, 0.40600662E-4, 0.19245725E-7, 0.0000000, 9.6915598, 17.491520, 121.59049, 172.24771
0.44222368E-3, 0.84141205E-3, 0.40600662E-4, 0.19246597E-7, 0.0000000, 9.6920023, 17.492214, 121.59049, 172.24771
0.43259020E-3, 0.81548421E-3, 0.40600662E-4, 0.19247466E-7, 0.0000000, 9.6924353, 17.492893, 121.59049, 172.24771
0.43665688E-3, 0.82686974E-3, 0.40600662E-4, 0.19248311E-7, 0.0000000, 9.6928711, 17.493576, 121.59049, 172.24771
0.41704345E-3, 0.77372481E-3, 0.40600662E-4, 0.19249153E-7, 0.0000000, 9.6932869, 17.494228, 121.59049, 172.24771
0.40341498E-3, 0.73687336E-3, 0.40600662E-4, 0.19249967E-7, 0.0000000, 9.6936903, 17.494862, 121.59049, 172.24771
0.44362358E-3, 0.84684754E-3, 0.40600662E-4, 0.19250816E-7, 0.0000000, 9.6941357, 17.495558, 121.59049, 172.24771
0.41851218E-3, 0.77863998E-3, 0.40600655E-4, 0.19251692E-7, 0.0000000, 9.6945543, 17.496214, 121.59049, 172.24771
0.49074774E-3, 0.97614282E-3, 0.40600644E-4, 0.19252578E-7, 0.0000000, 9.6950445, 17.496983, 121.59049, 172.24771
0.49969822E-3, 0.10009420E-2, 0.40600637E-4, 0.19253548E-7, 0.0000000, 9.6955423, 17.497763, 121.59049, 172.24771
0.46149726E-3, 0.89693797E-3, 0.40600626E-4, 0.19254516E-7, 0.0000000, 9.6960030, 17.498486, 121.59049, 172.24771
0.25006486E-3, 0.84054976E-3, 0.40600626E-4, 0.19255371E-7, 0.48951490E-3, 9.6962509, 17.498873, 121.59049, 172.24771
-0.20795839E-3, 0.93070965E-3, 0.40600626E-4, 0.19255308E-7, 0.17497968E-2, 9.6960421, 17.498547, 121.59049, 172.24771
-0.76319957E-4, 0.10424568E-2, 0.40600626E-4, 0.19254943E-7, 0.15165105E-2, 9.6959677, 17.498430, 121.59049, 172.24771
0.27829793E-3, 0.94064558E-3, 0.40600622E-4, 0.19255113E-7, 0.51028089E-3, 9.6962461, 17.498867, 121.59049, 172.24771
0.44105024E-3, 0.84340596E-3, 0.40600622E-4, 0.19255900E-7, 0.92699338E-6, 9.6966887, 17.499559, 121.59049, 172.24771
0.34030815E-3, 0.56698115E-3, 0.40600622E-4, 0.19256692E-7, 0.0000000, 9.6970291, 17.500093, 121.59049, 172.24771
0.30913428E-3, 0.48188173E-3, 0.40600622E-4, 0.19257335E-7, 0.0000000, 9.6973391, 17.500578, 121.59049, 172.24771
0.34125173E-3, 0.57013956E-3, 0.40600622E-4, 0.19257973E-7, 0.0000000, 9.6976824, 17.501116, 121.59049, 172.24771
0.32495716E-3, 0.52574347E-3, 0.40600622E-4, 0.19258641E-7, 0.0000000, 9.6980095, 17.501627, 121.59049, 172.24771
0.33311060E-3, 0.54837356E-3, 0.40600622E-4, 0.19259293E-7, 0.0000000, 9.6983433, 17.502153, 121.59049, 172.24771
0.33164336E-3, 0.54462143E-3, 0.40600622E-4, 0.19259964E-7, 0.0000000, 9.6986761, 17.502674, 121.59049, 172.24771
0.32123696E-3, 0.51632093E-3, 0.40600622E-4, 0.19260614E-7, 0.0000000, 9.6989918, 17.503170, 121.59049, 172.24771
0.32806900E-3, 0.53536077E-3, 0.40600622E-4, 0.19261231E-7, 0.0000000, 9.6993217, 17.503685, 121.59049, 172.24771
0.30177945E-3, 0.46338138E-3, 0.40600622E-4, 0.19261845E-7, 0.0000000, 9.6996250, 17.504162, 121.59049, 172.24771
0.30033194E-3, 0.45965580E-3, 0.40600622E-4, 0.19262435E-7, 0.0000000, 9.6999273, 17.504635, 121.59049, 172.24771
0.29347697E-3, 0.44105088E-3, 0.40600622E-4, 0.19263007E-7, 0.0000000, 9.7002192, 17.505093, 121.59049, 172.24771
0.29558237E-3, 0.44710125E-3, 0.40600622E-4, 0.19263579E-7, 0.0000000, 9.7005138, 17.505554, 121.59049, 172.24771
0.29817788E-3, 0.45451612E-3, 0.40600622E-4, 0.19264180E-7, 0.0000000, 9.7008114, 17.506020, 121.59049, 172.24771
0.30439193E-3, 0.47190709E-3, 0.40600622E-4, 0.19264817E-7, 0.0000000, 9.7011166, 17.506498, 121.59049, 172.24771
0.31184277E-3, 0.49272476E-3, 0.40600622E-4, 0.19265435E-7, 0.0000000, 9.7014284, 17.506987, 121.59049, 172.24771
0.31164644E-3, 0.49245410E-3, 0.40600622E-4, 0.19266057E-7, 0.0000000, 9.7017365, 17.507469, 121.59049, 172.24771
0.30391492E-3, 0.47138150E-3, 0.40600622E-4, 0.19266672E-7, 0.0000000, 9.7020388, 17.507944, 121.59049, 172.24771
0.29487829E-3, 0.44668591E-3, 0.40600622E-4, 0.19267262E-7, 0.0000000, 9.7023325, 17.508406, 121.59049, 172.24771
0.29571640E-3, 0.44926596E-3, 0.40600622E-4, 0.19267832E-7, 0.0000000, 9.7026281, 17.508867, 121.59049, 172.24771
0.28460301E-3, 0.41879664E-3, 0.40600622E-4, 0.19268395E-7, 0.0000000, 9.7029123, 17.509312, 121.59049, 172.24771
0.26727971E-3, 0.37110524E-3, 0.40600622E-4, 0.19268969E-7, 0.0000000, 9.7031813, 17.509735, 121.59049, 172.24771
0.28928387E-3, 0.43229753E-3, 0.40600622E-4, 0.19269512E-7, 0.0000000, 9.7034702, 17.510187, 121.59049, 172.24771
0.30798255E-3, 0.48437627E-3, 0.40600622E-4, 0.19270111E-7, 0.0000000, 9.7037830, 17.510677, 121.59049, 172.24771
0.27228400E-3, 0.38568143E-3, 0.40600622E-4, 0.19270688E-7, 0.0000000, 9.7040529, 17.511099, 121.59049, 172.24771
0.27697007E-3, 0.39894265E-3, 0.40600622E-4, 0.19271214E-7, 0.0000000, 9.7043285, 17.511532, 121.59049, 172.24771
0.25116091E-3, 0.32754641E-3, 0.40600622E-4, 0.19271722E-7, 0.0000000, 9.7045832, 17.511932, 121.59049, 172.24771
0.24185314E-3, 0.30192028E-3, 0.40600622E-4, 0.19272152E-7, 0.0000000, 9.7048264, 17.512312, 121.59049, 172.24771
0.25099321E-3, 0.32756361E-3, 0.40600622E-4, 0.19272560E-7, 0.0000000, 9.7050800, 17.512711, 121.59049, 172.24771
0.25505826E-3, 0.33912633E-3, 0.40600622E-4, 0.19273015E-7, 0.0000000, 9.7053347, 17.513109, 121.59049, 172.24771
0.26663748E-3, 0.37161243E-3, 0.40600622E-4, 0.19273489E-7, 0.0000000, 9.7056026, 17.513527, 121.59049, 172.24771
0.24285706E-3, 0.30560367E-3, 0.40600622E-4, 0.19273932E-7, 0.0000000, 9.7058468, 17.513910, 121.59049, 172.24771
0.23777138E-3, 0.29165763E-3, 0.40600622E-4, 0.19274347E-7, 0.0000000, 9.7060862, 17.514286, 121.59049, 172.24771
0.24109421E-3, 0.30116941E-3, 0.40600622E-4, 0.19274825E-7, 0.0000000, 9.7063284, 17.514666, 121.59049, 172.24771
0.23050501E-3, 0.27182125E-3, 0.40600622E-4, 0.19275291E-7, 0.0000000, 9.7065620, 17.515032, 121.59049, 172.24771
0.23076253E-3, 0.27276101E-3, 0.40600622E-4, 0.19275760E-7, 0.0000000, 9.7067928, 17.515392, 121.59049, 172.24771
0.24424132E-3, 0.31070216E-3, 0.40600622E-4, 0.19276220E-7, 0.0000000, 9.7070379, 17.515776, 121.59049, 172.24771
0.24289179E-3, 0.30716177E-3, 0.40600622E-4, 0.19276728E-7, 0.0000000, 9.7072802, 17.516155, 121.59049, 172.24771
0.25958027E-3, 0.35417307E-3, 0.40600622E-4, 0.19277266E-7, 0.0000000, 9.7075367, 17.516560, 121.59049, 172.24771
0.26884157E-3, 0.38041058E-3, 0.40600622E-4, 0.19277836E-7, 0.0000000, 9.7078066, 17.516981, 121.59049, 172.24771
0.25489714E-3, 0.34155184E-3, 0.40600622E-4, 0.19278303E-7, 0.0000000, 9.7080612, 17.517380, 121.59049, 172.24771
0.23328661E-3, 0.28112473E-3, 0.40600622E-4, 0.19278733E-7, 0.0000000, 9.7082930, 17.517744, 121.59049, 172.24771
0.24352745E-3, 0.31016319E-3, 0.40600622E-4, 0.19279268E-7, 0.0000000, 9.7085381, 17.518127, 121.59049, 172.24771
0.25214019E-3, 0.33465077E-3, 0.40600622E-4, 0.19279803E-7, 0.0000000, 9.7087908, 17.518522, 121.59049, 172.24771
