27.999998, 259.99997, 40.000000, 66.000000, 62.481773, 73.011101, 5.4091125, 9.8524981, 9.7750368
28.000002, 260.00003, 39.999996, 66.000000, 62.462517, 72.976814, 5.4091125, 9.8524981, 9.7750368
27.999998, 260.00000, 40.000004, 66.000000, 62.443546, 72.943069, 5.4091125, 9.8524981, 9.7750368
28.000002, 260.00000, 40.000000, 66.000008, 62.424877, 72.909889, 5.4091163, 9.8524981, 9.7750368
28.000002, 260.00003, 40.000000, 66.000000, 62.406502, 72.877258, 5.4091163, 9.8524981, 9.7750368
28.000000, 259.99997, 40.000000, 66.000000, 62.388401, 72.845161, 5.4091134, 9.8524981, 9.7750368
28.000002, 260.00003, 40.000000, 65.999992, 62.370609, 72.813614, 5.4091101, 9.8524981, 9.7750368
28.000000, 260.00000, 40.000000, 66.000000, 62.353088, 72.782616, 5.4091096, 9.8524981, 9.7750368
27.999996, 260.00000, 40.000000, 66.000000, 62.335880, 72.752190, 5.4091153, 9.8524981, 9.7750368
28.000000, 260.00003, 40.000000, 66.000008, 62.318962, 72.722321, 5.4091210, 9.8524981, 9.7750368
28.000000, 259.99997, 40.000000, 65.999992, 62.302338, 72.693001, 5.4091148, 9.8524981, 9.7750368
27.999998, 260.00003, 40.000000, 66.000000, 62.286007, 72.664215, 5.4091086, 9.8524981, 9.7750368
28.000000, 260.00000, 40.000000, 66.000000, 62.269951, 72.635971, 5.4091110, 9.8524981, 9.7750368
27.999998, 260.00000, 40.000000, 66.000000, 62.254181, 72.608253, 5.4091134, 9.8524981, 9.7750368
28.000000, 260.00003, 40.000000, 66.000008, 62.238678, 72.581047, 5.4091163, 9.8524981, 9.7750368
28.000000, 259.99997, 40.000000, 66.000008, 62.223442, 72.554352, 5.4091182, 9.8524981, 9.7750368
28.000000, 260.00003, 40.000004, 66.000000, 62.208477, 72.528168, 5.4091134, 9.8524981, 9.7750368
28.000002, 260.00000, 40.000000, 65.999992, 62.193768, 72.502472, 5.4091129, 9.8524981, 9.7750368
27.999998, 260.00000, 40.000000, 65.999992, 62.179314, 72.477272, 5.4091125, 9.8524981, 9.7750368
28.000000, 260.00003, 40.000000, 66.000008, 62.165119, 72.452545, 5.4091120, 9.8524981, 9.7750368
28.000002, 259.99997, 40.000004, 66.000008, 62.151173, 72.428291, 5.4091115, 9.8524981, 9.7750368
28.000000, 260.00003, 40.000004, 66.000008, 62.137470, 72.404518, 5.4091187, 9.8524981, 9.7750368
28.000000, 260.00000, 40.000000, 65.999992, 62.124012, 72.381180, 5.4091172, 9.8524981, 9.7750368
28.000000, 260.00000, 40.000000, 65.999992, 62.110786, 72.358307, 5.4091134, 9.8524981, 9.7750368
28.000000, 260.00003, 40.000000, 65.999992, 62.097801, 72.335907, 5.4091101, 9.8524981, 9.7750368
28.000002, 259.99997, 40.000000, 66.000000, 62.085052, 72.313927, 5.4091082, 9.8524981, 9.7750368
28.000000, 260.00003, 40.000000, 66.000008, 62.072533, 72.292381, 5.4091129, 9.8524981, 9.7750368
28.000000, 260.00000, 40.000000, 66.000008, 62.060238, 72.271278, 5.4091182, 9.8524981, 9.7750368
28.000000, 260.00000, 40.000000, 65.999992, 62.048168, 72.250580, 5.4091196, 9.8524981, 9.7750368
28.000000, 260.00003, 40.000000, 66.000000, 62.036320, 72.230293, 5.4091129, 9.8524981, 9.7750368
28.000000, 259.99997, 40.000000, 66.000000, 62.024670, 72.210426, 5.4091082, 9.8524981, 9.7750368
27.999998, 260.00003, 40.000004, 66.000000, 62.013241, 72.190964, 5.4091105, 9.8524981, 9.7750368
28.000000, 260.00000, 40.000000, 66.000008, 62.002026, 72.171890, 5.4091125, 9.8524981, 9.7750368
28.000002, 260.00000, 40.000000, 66.000000, 61.991009, 72.153221, 5.4091148, 9.8524981, 9.7750368
28.000000, 260.00003, 39.999996, 66.000000, 61.980202, 72.134933, 5.4091167, 9.8524981, 9.7750368
28.000000, 259.99997, 40.000000, 66.000000, 61.969593, 72.117035, 5.4091144, 9.8524981, 9.7750368
28.000002, 260.00003, 40.000000, 65.999992, 61.959183, 72.099518, 5.4091134, 9.8524981, 9.7750368
28.000000, 260.00000, 40.000000, 66.000008, 61.948967, 72.082367, 5.4091125, 9.8524981, 9.7750368
27.999998, 260.00000, 39.999996, 66.000000, 61.938942, 72.065582, 5.4091115, 9.8524981, 9.7750368
28.000000, 260.00003, 40.000004, 66.000000, 61.929100, 72.049164, 5.4091105, 9.8524981, 9.7750368
28.000000, 259.99997, 40.000000, 66.000000, 61.919468, 72.033104, 5.4091096, 9.8524981, 9.7750368
27.999998, 260.00003, 40.000000, 66.000000, 61.910000, 72.017403, 5.4091163, 9.8524981, 9.7750368
28.000002, 260.00000, 40.000004, 65.999992, 61.900719, 72.002045, 5.4091201, 9.8524981, 9.7750368
28.000000, 260.00000, 39.999996, 66.000008, 61.891628, 71.987030, 5.4091158, 9.8524981, 9.7750368
28.000000, 260.00003, 40.000000, 66.000000, 61.882698, 71.972359, 5.4091115, 9.8524981, 9.7750368
28.000002, 259.99997, 39.999996, 66.000000, 61.873955, 71.958023, 5.4091077, 9.8524981, 9.7750368
28.000000, 260.00003, 40.000000, 66.000000, 61.865383, 71.944016, 5.4091072, 9.8524981, 9.7750368
28.000002, 260.00000, 40.000004, 66.000000, 61.856979, 71.930344, 5.4091120, 9.8524981, 9.7750368
28.000000, 260.00000, 39.999996, 65.999992, 61.848736, 71.916985, 5.4091167, 9.8524981, 9.7750368
28.000002, 260.00003, 40.000000, 66.000000, 61.840660, 71.903954, 5.4091210, 9.8524981, 9.7750368
28.000000, 259.99997, 40.000000, 66.000008, 61.832764, 71.891235, 5.4091167, 9.8524981, 9.7750368
28.000000, 259.99997, 40.000000, 66.000000, 61.825008, 71.878822, 5.4091091, 9.8524981, 9.7750368
27.999998, 260.00000, 39.999996, 66.000000, 61.817413, 71.866722, 5.4091082, 9.8524981, 9.7750368
28.000000, 260.00000, 40.000000, 65.999992, 61.809975, 71.854919, 5.4091101, 9.8524981, 9.7750368
28.000000, 260.00000, 40.000000, 65.999992, 61.802700, 71.843414, 5.4091115, 9.8524981, 9.7750368
28.000002, 259.99997, 39.999996, 66.000000, 61.795586, 71.832207, 5.4091129, 9.8524981, 9.7750368
28.000000, 259.99997, 40.000004, 66.000000, 61.788605, 71.821297, 5.4091148, 9.8524981, 9.7750368
28.000000, 260.00000, 40.000004, 66.000000, 61.781796, 71.810684, 5.4091163, 9.8524981, 9.7750368
28.000000, 260.00000, 40.000000, 66.000000, 61.775139, 71.800346, 5.4091148, 9.8524981, 9.7750368
28.000000, 260.00000, 40.000000, 66.000000, 61.768612, 71.790283, 5.4091134, 9.8524981, 9.7750368
28.000000, 259.99997, 40.000004, 65.999992, 61.762218, 71.780502, 5.4091120, 9.8524981, 9.7750368
28.000002, 259.99997, 40.000000, 66.000000, 61.755993, 71.770988, 5.4091105, 9.8524981, 9.7750368
28.000000, 260.00000, 40.000000, 66.000000, 61.749882, 71.761749, 5.4091091, 9.8524981, 9.7750368
28.000000, 260.00000, 40.000000, 66.000000, 61.743919, 71.752762, 5.4091077, 9.8524981, 9.7750368
27.999998, 260.00000, 40.000000, 66.000000, 61.738102, 71.744049, 5.4091110, 9.8524981, 9.7750368
28.000000, 259.99997, 40.000004, 66.000000, 61.732403, 71.735596, 5.4091182, 9.8524981, 9.7750368
27.999998, 259.99997, 40.000000, 65.999992, 61.726849, 71.727409, 5.4091210, 9.8524981, 9.7750368
27.999998, 260.00000, 40.000004, 66.000000, 61.721424, 71.719475, 5.4091167, 9.8524981, 9.7750368
28.000000, 260.00000, 39.999996, 66.000000, 61.716129, 71.711800, 5.4091120, 9.8524981, 9.7750368
28.000000, 260.00000, 40.000000, 66.000000, 61.710964, 71.704376, 5.4091077, 9.8524981, 9.7750368
28.000000, 259.99997, 40.000000, 66.000000, 61.705925, 71.697182, 5.4091039, 9.8524981, 9.7750368
28.000000, 259.99997, 39.999996, 66.000000, 61.701015, 71.690239, 5.4091082, 9.8524981, 9.7750368
28.000000, 260.00000, 40.000000, 66.000000, 61.696236, 71.683548, 5.4091125, 9.8524981, 9.7750368
27.999998, 260.00000, 40.000000, 66.000000, 61.691566, 71.677078, 5.4091167, 9.8524981, 9.7750368
28.000002, 260.00000, 40.000000, 66.000008, 61.687008, 71.670853, 5.4091206, 9.8524981, 9.7750368
28.000002, 259.99997, 40.000000, 66.000008, 61.682587, 71.664864, 5.4091196, 9.8524981, 9.7750368
28.000002, 259.99997, 40.000000, 66.000000, 61.678284, 71.659103, 5.4091120, 9.8524981, 9.7750368
28.000002, 260.00000, 40.000008, 65.999992, 61.674088, 71.653557, 5.4091072, 9.8524981, 9.7750368
27.999998, 260.00000, 40.000000, 66.000000, 61.670013, 71.648254, 5.4091086, 9.8524981, 9.7750368
28.000002, 260.00000, 40.000000, 66.000000, 61.666058, 71.643150, 5.4091096, 9.8524981, 9.7750368
28.000000, 259.99997, 39.999992, 66.000000, 61.662205, 71.638275, 5.4091105, 9.8524981, 9.7750368
27.999998, 259.99997, 40.000000, 66.000008, 61.658474, 71.633621, 5.4091120, 9.8524981, 9.7750368
27.999998, 260.00000, 40.000000, 66.000000, 61.654846, 71.629173, 5.4091129, 9.8524981, 9.7750368
28.000000, 260.00000, 40.000000, 66.000000, 61.651329, 71.624931, 5.4091139, 9.8524981, 9.7750368
28.000000, 260.00000, 40.000000, 66.000000, 61.647915, 71.620918, 5.4091177, 9.8524981, 9.7750368
28.000000, 259.99997, 40.000000, 66.000000, 61.644615, 71.617111, 5.4091167, 9.8524981, 9.7750368
28.000000, 259.99997, 40.000000, 66.000000, 61.641411, 71.613503, 5.4091148, 9.8524981, 9.7750368
28.000000, 260.00000, 40.000000, 66.000000, 61.638325, 71.610092, 5.4091125, 9.8524981, 9.7750368
27.999998, 260.00000, 40.000000, 66.000000, 61.635334, 71.606895, 5.4091105, 9.8524981, 9.7750368
27.999998, 260.00000, 40.000000, 65.999992, 61.632442, 71.603889, 5.4091086, 9.8524981, 9.7750368
28.000000, 259.99997, 40.000000, 66.000000, 61.629658, 71.601074, 5.4091067, 9.8524981, 9.7750368
28.000000, 259.99997, 39.999996, 66.000000, 61.626976, 71.598457, 5.4091048, 9.8524981, 9.7750368
28.000000, 260.00000, 40.000000, 65.999992, 61.624393, 71.596031, 5.4091101, 9.8524981, 9.7750368
28.000002, 260.00000, 40.000000, 66.000000, 61.621899, 71.593788, 5.4091167, 9.8524981, 9.7750368
27.999998, 260.00000, 40.000000, 66.000000, 61.619503, 71.591751, 5.4091234, 9.8524981, 9.7750368
28.000000, 259.99997, 40.000000, 65.999992, 61.617203, 71.589905, 5.4091220, 9.8524981, 9.7750368
28.000000, 259.99997, 40.000000, 66.000000, 61.614994, 71.588211, 5.4091167, 9.8524981, 9.7750368
28.000000, 260.00000, 40.000000, 66.000000, 61.612885, 71.586708, 5.4091120, 9.8524981, 9.7750368
27.999996, 260.00000, 40.000000, 66.000000, 61.610870, 71.585396, 5.4091067, 9.8524981, 9.7750368
28.000002, 260.00000, 40.000000, 66.000000, 61.608944, 71.584259, 5.4091015, 9.8524981, 9.7750368
28.000000, 259.99997, 40.000004, 66.000008, 61.607113, 71.583290, 5.4091048, 9.8524981, 9.7750368
28.000000, 259.99997, 40.000004, 66.000000, 61.605350, 71.582497, 5.4091086, 9.8524981, 9.7750368
28.000000, 260.00000, 40.000000, 66.000000, 61.603695, 71.581879, 5.4091125, 9.8524981, 9.7750368
27.999996, 260.00000, 40.000000, 66.000000, 61.602116, 71.581429, 5.4091158, 9.8524981, 9.7750368
28.000000, 260.00000, 40.000000, 65.999992, 61.600628, 71.581146, 5.4091196, 9.8524981, 9.7750368
28.000000, 259.99997, 40.000004, 66.000000, 61.599583, 71.581680, 5.4091234, 9.8524981, 9.7750368
28.000000, 259.99997, 40.000004, 66.000000, 61.606934, 71.597099, 5.4091201, 9.8524981, 9.7750368
28.000000, 260.00000, 40.000004, 66.000000, 61.614250, 71.612526, 5.4091120, 9.8524981, 9.7750368
28.000000, 260.00000, 40.000004, 66.000008, 61.621578, 71.627968, 5.4091039, 9.8524981, 9.7750368
27.999998, 260.00000, 40.000000, 66.000000, 61.628887, 71.643410, 5.4091001, 9.8524981, 9.7750368
28.000000, 259.99997, 39.999996, 66.000000, 61.636192, 71.658875, 5.4091005, 9.8524981, 9.7750368
28.000000, 259.99997, 40.000000, 66.000000, 61.643494, 71.674339, 5.4091010, 9.8524981, 9.7750368
28.000000, 260.00000, 40.000000, 66.000000, 61.650784, 71.689804, 5.4091020, 9.8524981, 9.7750368
28.000000, 260.00000, 39.999996, 66.000000, 61.658081, 71.705299, 5.4091024, 9.8524981, 9.7750368
28.000000, 260.00000, 40.000000, 65.999992, 61.665359, 71.720787, 5.4091029, 9.8524981, 9.7750368
28.000000, 259.99997, 40.000000, 66.000000, 61.672634, 71.736275, 5.4091034, 9.8524981, 9.7750368
28.000002, 259.99997, 40.000000, 66.000000, 61.679920, 71.751785, 5.4091043, 9.8524981, 9.7750368
28.000000, 260.00000, 40.000000, 65.999992, 61.687168, 71.767303, 5.4091048, 9.8524981, 9.7750368
28.000000, 260.00000, 40.000004, 66.000000, 61.694443, 71.782814, 5.4091053, 9.8524981, 9.7750368
28.000002, 260.00000, 40.000000, 66.000000, 61.701702, 71.798347, 5.4091058, 9.8524981, 9.7750368
28.000002, 259.99997, 39.999996, 66.000000, 61.708950, 71.813889, 5.4091067, 9.8524981, 9.7750368
28.000000, 259.99997, 39.999996, 66.000000, 61.716209, 71.829437, 5.4091072, 9.8524981, 9.7750368
28.000002, 260.00000, 40.000000, 66.000000, 61.723442, 71.844986, 5.4091096, 9.8524981, 9.7750368
28.000002, 260.00000, 40.000000, 66.000000, 61.730671, 71.860550, 5.4091191, 9.8524981, 9.7750368
28.000002, 260.00000, 40.000000, 66.000000, 61.737907, 71.876114, 5.4091201, 9.8524981, 9.7750368
28.000002, 259.99997, 40.000000, 66.000000, 61.745125, 71.891678, 5.4091172, 9.8524981, 9.7750368
28.000000, 259.99997, 39.999996, 66.000000, 61.752350, 71.907272, 5.4091148, 9.8524981, 9.7750368
28.000000, 260.00000, 40.000000, 66.000000, 61.759563, 71.922859, 5.4091125, 9.8524981, 9.7750368
27.999998, 260.00000, 40.000004, 66.000000, 61.766777, 71.938454, 5.4091101, 9.8524981, 9.7750368
28.000000, 260.00000, 39.999996, 66.000000, 61.773998, 71.954056, 5.4091077, 9.8524981, 9.7750368
27.999998, 259.99997, 40.000000, 66.000000, 61.781193, 71.969666, 5.4091048, 9.8524981, 9.7750368
27.999998, 259.99997, 40.000000, 66.000000, 61.788380, 71.985291, 5.4091024, 9.8524981, 9.7750368
28.000000, 260.00000, 40.000004, 66.000000, 61.795582, 72.000923, 5.4091001, 9.8524981, 9.7750368
27.999998, 260.00000, 40.000000, 66.000000, 61.802784, 72.016548, 5.4090977, 9.8524981, 9.7750368
27.999998, 260.00000, 40.000000, 66.000000, 61.809952, 72.032181, 5.4090953, 9.8524981, 9.7750368
28.000000, 259.99997, 40.000000, 66.000000, 61.817120, 72.047821, 5.4090924, 9.8524981, 9.7750368
27.999998, 259.99997, 40.000004, 66.000000, 61.824303, 72.063484, 5.4090900, 9.8524981, 9.7750368
28.000000, 260.00000, 40.000000, 65.999992, 61.831478, 72.079147, 5.4090958, 9.8524981, 9.7750368
27.999998, 260.00000, 40.000000, 66.000000, 61.838646, 72.094826, 5.4091020, 9.8524981, 9.7750368
28.000000, 260.00000, 40.000004, 66.000000, 61.845795, 72.110497, 5.4091082, 9.8524981, 9.7750368
28.000000, 259.99997, 39.999996, 65.999992, 61.852959, 72.126183, 5.4091144, 9.8524981, 9.7750368
27.999998, 259.99997, 40.000000, 65.999992, 61.860111, 72.141869, 5.4091206, 9.8524981, 9.7750368
27.999998, 260.00000, 40.000000, 66.000000, 61.867260, 72.157562, 5.4091268, 9.8524981, 9.7750368
27.999998, 260.00000, 40.000004, 66.000000, 61.874401, 72.173264, 5.4091330, 9.8524981, 9.7750368
28.000000, 260.00000, 40.000000, 66.000000, 61.881538, 72.188972, 5.4091277, 9.8524981, 9.7750368
27.999998, 259.99997, 40.000000, 66.000000, 61.888691, 72.204689, 5.4091220, 9.8524981, 9.7750368
27.999998, 259.99997, 40.000000, 66.000000, 61.895828, 72.220451, 5.4091163, 9.8524981, 9.7750368
28.000000, 260.00000, 39.999996, 66.000000, 61.902958, 72.236137, 5.4091110, 9.8524981, 9.7750368
27.999998, 260.00000, 40.000000, 66.000000, 61.910076, 72.251915, 5.4091053, 9.8524981, 9.7750368
28.000000, 260.00000, 40.000000, 66.000000, 61.917187, 72.267609, 5.4090996, 9.8524981, 9.7750368
27.999998, 259.99997, 40.000000, 66.000000, 61.924301, 72.283401, 5.4090943, 9.8524981, 9.7750368
28.000000, 259.99997, 39.999996, 66.000000, 61.931419, 72.299103, 5.4090886, 9.8524981, 9.7750368
28.000000, 260.00000, 40.000004, 66.000000, 61.938534, 72.314903, 5.4090877, 9.8524981, 9.7750368
27.999998, 260.00000, 40.000000, 66.000000, 61.945644, 72.330612, 5.4090910, 9.8524981, 9.7750368
27.999998, 260.00000, 40.000000, 66.000000, 61.952755, 72.346428, 5.4090943, 9.8524981, 9.7750368
28.000002, 259.99997, 40.000004, 66.000000, 61.959858, 72.362160, 5.4090972, 9.8524981, 9.7750368
28.000002, 259.99997, 39.999996, 65.999992, 61.966957, 72.377998, 5.4091005, 9.8524981, 9.7750368
28.000002, 260.00000, 40.000000, 66.000000, 61.974052, 72.393730, 5.4091039, 9.8524981, 9.7750368
28.000002, 260.00000, 39.999996, 66.000000, 61.981140, 72.409576, 5.4091067, 9.8524981, 9.7750368
28.000000, 260.00000, 40.000000, 66.000008, 61.988228, 72.425323, 5.4091101, 9.8524981, 9.7750368
28.000000, 259.99997, 40.000000, 66.000000, 61.995308, 72.441170, 5.4091134, 9.8524981, 9.7750368
28.000000, 259.99997, 40.000000, 65.999992, 62.002388, 72.456940, 5.4091163, 9.8524981, 9.7750368
28.000002, 260.00000, 39.999996, 66.000008, 62.009464, 72.472786, 5.4091196, 9.8524981, 9.7750368
27.999998, 260.00000, 40.000000, 65.999992, 62.016541, 72.488571, 5.4091229, 9.8524981, 9.7750368
28.000000, 260.00000, 40.000000, 66.000000, 62.023613, 72.504417, 5.4091258, 9.8524981, 9.7750368
28.000000, 259.99997, 40.000000, 66.000008, 62.030682, 72.520226, 5.4091277, 9.8524981, 9.7750368
27.999998, 259.99997, 40.000000, 66.000000, 62.037746, 72.536064, 5.4091191, 9.8524981, 9.7750368
28.000000, 260.00000, 40.000004, 66.000000, 62.044815, 72.551903, 5.4091105, 9.8524981, 9.7750368
27.999998, 260.00000, 40.000000, 66.000000, 62.051876, 72.567741, 5.4091020, 9.8524981, 9.7750368
28.000002, 260.00000, 40.000000, 66.000000, 62.058933, 72.583618, 5.4091010, 9.8524981, 9.7750368
28.000000, 259.99997, 40.000000, 66.000000, 62.065987, 72.599457, 5.4091010, 9.8524981, 9.7750368
28.000000, 259.99997, 39.999992, 66.000000, 62.073040, 72.615364, 5.4091015, 9.8524981, 9.7750368
27.999998, 260.00000, 40.000000, 66.000008, 62.080093, 72.631187, 5.4091015, 9.8524981, 9.7750368
27.999998, 260.00000, 40.000000, 66.000000, 62.087135, 72.647102, 5.4091015, 9.8524981, 9.7750368
28.000002, 260.00000, 39.999996, 65.999992, 62.094181, 72.662949, 5.4091015, 9.8524981, 9.7750368
28.000000, 259.99997, 39.999996, 66.000008, 62.101231, 72.678841, 5.4091015, 9.8524981, 9.7750368
28.000000, 259.99997, 40.000000, 65.999992, 62.108280, 72.694725, 5.4091020, 9.8524981, 9.7750368
27.999998, 260.00000, 40.000008, 65.999992, 62.115322, 72.710602, 5.4091020, 9.8524981, 9.7750368
27.999998, 260.00000, 40.000004, 66.000000, 62.122345, 72.726532, 5.4091020, 9.8524981, 9.7750368
27.999998, 260.00000, 40.000000, 66.000000, 62.129375, 72.742393, 5.4091020, 9.8524981, 9.7750368
28.000000, 259.99997, 39.999996, 65.999992, 62.136402, 72.758347, 5.4091020, 9.8524981, 9.7750368
27.999998, 259.99997, 40.000000, 66.000000, 62.143429, 72.774223, 5.4091024, 9.8524981, 9.7750368
27.999996, 260.00000, 40.000000, 66.000008, 62.150455, 72.790154, 5.4091024, 9.8524981, 9.7750368
27.999998, 260.00000, 40.000000, 65.999992, 62.157478, 72.806076, 5.4091024, 9.8524981, 9.7750368
28.000000, 260.00000, 40.000000, 66.000000, 62.164505, 72.821983, 5.4091024, 9.8524981, 9.7750368
28.000000, 259.99997, 40.000004, 66.000008, 62.171516, 72.837959, 5.4091029, 9.8524981, 9.7750368
27.999998, 259.99997, 40.000000, 66.000000, 62.178513, 72.853836, 5.4091029, 9.8524981, 9.7750368
28.000002, 260.00000, 40.000000, 66.000000, 62.185520, 72.869797, 5.4091101, 9.8524981, 9.7750368
28.000000, 260.00000, 40.000000, 66.000000, 62.192539, 72.885727, 5.4091191, 9.8524981, 9.7750368
28.000000, 260.00000, 40.000000, 66.000000, 62.199558, 72.901672, 5.4091277, 9.8524981, 9.7750368
28.000002, 259.99997, 40.000000, 66.000000, 62.206581, 72.917664, 5.4091282, 9.8524981, 9.7750368
28.000000, 259.99997, 40.000000, 66.000008, 62.213581, 72.933563, 5.4091253, 9.8524981, 9.7750368
28.000000, 260.00000, 40.000000, 66.000000, 62.220570, 72.949547, 5.4091225, 9.8524981, 9.7750368
28.000000, 260.00000, 39.999996, 65.999992, 62.227558, 72.965492, 5.4091191, 9.8524981, 9.7750368
27.999998, 260.00000, 39.999996, 66.000000, 62.234550, 72.981461, 5.4091163, 9.8524981, 9.7750368
27.999996, 259.99997, 40.000000, 66.000000, 62.241570, 72.997498, 5.4091134, 9.8524981, 9.7750368
28.000004, 259.99997, 40.000000, 66.000008, 62.248566, 73.013412, 5.4091105, 9.8524981, 9.7750368
28.000000, 260.00000, 40.000000, 66.000000, 62.255543, 73.029404, 5.4091077, 9.8524981, 9.7750368
28.000002, 260.00000, 40.000000, 66.000000, 62.262524, 73.045395, 5.4091043, 9.8524981, 9.7750368
27.999998, 260.00000, 40.000000, 66.000000, 62.269512, 73.061363, 5.4091015, 9.8524981, 9.7750368
28.000000, 259.99997, 40.000000, 65.999992, 62.276512, 73.077400, 5.4090986, 9.8524981, 9.7750368
28.000000, 259.99997, 40.000000, 66.000000, 62.283489, 73.093369, 5.4090958, 9.8524981, 9.7750368
28.000000, 260.00000, 40.000000, 66.000000, 62.290470, 73.109352, 5.4090924, 9.8524981, 9.7750368
28.000002, 260.00000, 40.000004, 66.000000, 62.297455, 73.125420, 5.4090896, 9.8524981, 9.7750368
28.000000, 260.00000, 40.000004, 66.000000, 62.304440, 73.141373, 5.4090867, 9.8524981, 9.7750368
28.000000, 259.99997, 40.000000, 66.000000, 62.311401, 73.157394, 5.4090838, 9.8524981, 9.7750368
28.000000, 259.99997, 40.000000, 66.000000, 62.318382, 73.173431, 5.4090819, 9.8524981, 9.7750368
28.000002, 260.00000, 40.000000, 66.000000, 62.325367, 73.189407, 5.4090877, 9.8524981, 9.7750368
28.000000, 260.00000, 39.999996, 66.000000, 62.332340, 73.205467, 5.4090934, 9.8524981, 9.7750368
28.000000, 260.00000, 40.000000, 66.000000, 62.339287, 73.221489, 5.4090991, 9.8524981, 9.7750368
28.000000, 259.99997, 39.999996, 66.000000, 62.346268, 73.237480, 5.4091048, 9.8524981, 9.7750368
28.000000, 259.99997, 40.000004, 66.000008, 62.353252, 73.253563, 5.4091105, 9.8524981, 9.7750368
28.000000, 260.00000, 40.000004, 66.000000, 62.360203, 73.269585, 5.4091163, 9.8524981, 9.7750368
28.000000, 260.00000, 39.999996, 66.000000, 62.367149, 73.285606, 5.4091220, 9.8524981, 9.7750368
27.999998, 260.00000, 40.000000, 66.000000, 62.374138, 73.301682, 5.4091277, 9.8524981, 9.7750368
28.000000, 259.99997, 40.000004, 66.000000, 62.381107, 73.317719, 5.4091334, 9.8524981, 9.7750368
28.000000, 259.99997, 40.000000, 66.000000, 62.388035, 73.333755, 5.4091392, 9.8524981, 9.7750368
27.999998, 260.00000, 40.000000, 65.999992, 62.395000, 73.349854, 5.4091430, 9.8524981, 9.7750368
28.000000, 260.00000, 40.000004, 66.000000, 62.401985, 73.365875, 5.4091368, 9.8524981, 9.7750368
28.000002, 260.00000, 40.000000, 66.000008, 62.408916, 73.381927, 5.4091311, 9.8524981, 9.7750368
28.000000, 259.99997, 40.000004, 66.000000, 62.415852, 73.398048, 5.4091249, 9.8524981, 9.7750368
28.000000, 259.99997, 40.000004, 66.000000, 62.422840, 73.414062, 5.4091187, 9.8524981, 9.7750368
28.000000, 260.00000, 40.000000, 66.000008, 62.429771, 73.430138, 5.4091129, 9.8524981, 9.7750368
28.000002, 260.00000, 39.999996, 66.000000, 62.436707, 73.446259, 5.4091067, 9.8524981, 9.7750368
28.000000, 260.00000, 40.000000, 66.000000, 62.443680, 73.462288, 5.4091005, 9.8524981, 9.7750368
28.000000, 259.99997, 40.000000, 66.000000, 62.450615, 73.478363, 5.4090948, 9.8524981, 9.7750368
28.000000, 259.99997, 40.000000, 66.000000, 62.457554, 73.494492, 5.4090886, 9.8524981, 9.7750368
28.000002, 260.00000, 40.000000, 66.000000, 62.464512, 73.510536, 5.4090824, 9.8524981, 9.7750368
27.999998, 260.00000, 40.000004, 66.000008, 62.471451, 73.526627, 5.4090810, 9.8524981, 9.7750368
28.000002, 260.00000, 40.000000, 66.000000, 62.478390, 73.542747, 5.4090834, 9.8524981, 9.7750368
27.999998, 259.99997, 40.000004, 66.000000, 62.485329, 73.558830, 5.4090862, 9.8524981, 9.7750368
28.000000, 259.99997, 40.000000, 65.999992, 62.492271, 73.574913, 5.4090891, 9.8524981, 9.7750368
28.000000, 260.00000, 40.000000, 66.000008, 62.499218, 73.591034, 5.4090915, 9.8524981, 9.7750368
28.000000, 260.00000, 40.000000, 66.000000, 62.506138, 73.607155, 5.4090943, 9.8524981, 9.7750368
28.000000, 260.00000, 40.000000, 66.000008, 62.513081, 73.623222, 5.4090967, 9.8524981, 9.7750368
28.000002, 259.99997, 40.000000, 66.000000, 62.520000, 73.639328, 5.4090996, 9.8524981, 9.7750368
28.000000, 259.99997, 40.000000, 66.000000, 62.526939, 73.655510, 5.4091024, 9.8524981, 9.7750368
27.999998, 260.00000, 40.000004, 66.000000, 62.533897, 73.671562, 5.4091048, 9.8524981, 9.7750368
28.000000, 260.00000, 40.000000, 66.000008, 62.540787, 73.687653, 5.4091077, 9.8524981, 9.7750368
28.000000, 260.00000, 40.000000, 66.000008, 62.547745, 73.703850, 5.4091101, 9.8524981, 9.7750368
28.000000, 259.99997, 40.000000, 66.000008, 62.554672, 73.719940, 5.4091129, 9.8524981, 9.7750368
28.000000, 259.99997, 40.000000, 66.000008, 62.561588, 73.736031, 5.4091158, 9.8524981, 9.7750368
28.000000, 260.00000, 40.000000, 66.000000, 62.568554, 73.752205, 5.4091182, 9.8524981, 9.7750368
28.000000, 260.00000, 39.999996, 66.000000, 62.575432, 73.768341, 5.4091210, 9.8524981, 9.7750368
28.000000, 260.00000, 39.999996, 66.000000, 62.582394, 73.784439, 5.4091234, 9.8524981, 9.7750368
28.000002, 259.99997, 40.000000, 66.000000, 62.589306, 73.800575, 5.4091263, 9.8524981, 9.7750368
28.000000, 259.99997, 39.999996, 66.000000, 62.596226, 73.816772, 5.4091291, 9.8524981, 9.7750368
28.000002, 260.00000, 40.000004, 65.999992, 62.603172, 73.832870, 5.4091315, 9.8524981, 9.7750368
28.000000, 260.00000, 40.000000, 66.000000, 62.610050, 73.848969, 5.4091344, 9.8524981, 9.7750368
27.999998, 260.00000, 40.000000, 66.000000, 62.617023, 73.865166, 5.4091263, 9.8524981, 9.7750368
28.000002, 259.99997, 40.000000, 66.000000, 62.623909, 73.881332, 5.4091172, 9.8524981, 9.7750368
28.000000, 259.99997, 39.999996, 65.999992, 62.630852, 73.897430, 5.4091082, 9.8524981, 9.7750368
28.000000, 260.00000, 40.000000, 66.000000, 62.637749, 73.913589, 5.4091053, 9.8524981, 9.7750368
28.000002, 260.00000, 40.000004, 66.000000, 62.644661, 73.929787, 5.4091048, 9.8524981, 9.7750368
28.000002, 260.00000, 40.000000, 66.000000, 62.651585, 73.945930, 5.4091043, 9.8524981, 9.7750368
28.000000, 259.99997, 40.000000, 66.000000, 62.658478, 73.962036, 5.4091039, 9.8524981, 9.7750368
28.000002, 259.99997, 40.000000, 65.999992, 62.665417, 73.978241, 5.4091034, 9.8524981, 9.7750368
28.000000, 260.00000, 40.000000, 66.000000, 62.672314, 73.994461, 5.4091029, 9.8524981, 9.7750368
28.000000, 260.00000, 40.000000, 65.999992, 62.679237, 74.010559, 5.4091029, 9.8524981, 9.7750368
28.000002, 260.00000, 40.000000, 66.000000, 62.686142, 74.026711, 5.4091024, 9.8524981, 9.7750368
27.999998, 259.99997, 40.000004, 66.000000, 62.693062, 74.042908, 5.4091020, 9.8524981, 9.7750368
28.000000, 259.99997, 40.000000, 65.999992, 62.699974, 74.059120, 5.4091015, 9.8524981, 9.7750368
28.000000, 260.00000, 40.000004, 66.000008, 62.706879, 74.075218, 5.4091010, 9.8524981, 9.7750368
28.000002, 260.00000, 40.000000, 66.000000, 62.713795, 74.091408, 5.4091005, 9.8524981, 9.7750368
27.999998, 260.00000, 40.000000, 66.000000, 62.720692, 74.107605, 5.4091005, 9.8524981, 9.7750368
28.000002, 259.99997, 40.000000, 66.000000, 62.727608, 74.123825, 5.4091001, 9.8524981, 9.7750368
28.000000, 259.99997, 40.000000, 66.000000, 62.734505, 74.139938, 5.4090996, 9.8524981, 9.7750368
28.000000, 260.00000, 40.000000, 66.000000, 62.741425, 74.156143, 5.4090991, 9.8524981, 9.7750368
28.000000, 260.00000, 40.000004, 65.999992, 62.748314, 74.172363, 5.4090986, 9.8524981, 9.7750368
27.999998, 260.00000, 40.000004, 66.000008, 62.755230, 74.188568, 5.4090981, 9.8524981, 9.7750368
28.000002, 259.99997, 40.000000, 66.000000, 62.762127, 74.204704, 5.4090981, 9.8524981, 9.7750368
28.000000, 259.99997, 40.000000, 66.000000, 62.769043, 74.220901, 5.4090977, 9.8524981, 9.7750368
28.000000, 260.00000, 40.000000, 66.000000, 62.775928, 74.237144, 5.4090972, 9.8524981, 9.7750368
28.000000, 260.00000, 40.000004, 66.000008, 62.782852, 74.253342, 5.4090967, 9.8524981, 9.7750368
28.000000, 260.00000, 40.000004, 66.000000, 62.789734, 74.269485, 5.4090962, 9.8524981, 9.7750368
28.000000, 259.99997, 40.000000, 66.000000, 62.796665, 74.285690, 5.4090958, 9.8524981, 9.7750368
28.000000, 259.99997, 39.999996, 66.000008, 62.803532, 74.301933, 5.4090958, 9.8524981, 9.7750368
28.000000, 260.00000, 39.999996, 65.999992, 62.810471, 74.318153, 5.4090953, 9.8524981, 9.7750368
28.000000, 260.00000, 40.000000, 65.999992, 62.817326, 74.334297, 5.4090977, 9.8524981, 9.7750368
27.999998, 260.00000, 40.000004, 65.999992, 62.824280, 74.350502, 5.4091058, 9.8524981, 9.7750368
28.000002, 259.99997, 40.000000, 66.000000, 62.831112, 74.366745, 5.4091144, 9.8524981, 9.7750368
28.000000, 259.99997, 40.000000, 66.000000, 62.838078, 74.383003, 5.4091225, 9.8524981, 9.7750368
28.000000, 260.00000, 39.999996, 66.000000, 62.844910, 74.399139, 5.4091311, 9.8524981, 9.7750368
28.000002, 260.00000, 40.000004, 66.000000, 62.851856, 74.415344, 5.4091392, 9.8524981, 9.7750368
27.999998, 260.00000, 40.000000, 66.000000, 62.858715, 74.431572, 5.4091463, 9.8524981, 9.7750368
28.000000, 259.99997, 40.000000, 65.999992, 62.865639, 74.447876, 5.4091430, 9.8524981, 9.7750368
28.000000, 259.99997, 40.000000, 66.000000, 62.872524, 74.464005, 5.4091396, 9.8524981, 9.7750368
28.000000, 260.00000, 40.000004, 66.000000, 62.879417, 74.480209, 5.4091363, 9.8524981, 9.7750368
28.000002, 260.00000, 40.000004, 66.000000, 62.886333, 74.496414, 5.4091325, 9.8524981, 9.7750368
28.000002, 260.00000, 40.000004, 66.000000, 62.893196, 74.512718, 5.4091291, 9.8524981, 9.7750368
27.999998, 259.99997, 40.000000, 66.000008, 62.900124, 74.528908, 5.4091258, 9.8524981, 9.7750368
28.000000, 259.99997, 40.000000, 66.000000, 62.906979, 74.545113, 5.4091225, 9.8524981, 9.7750368
28.000000, 260.00000, 40.000000, 65.999992, 62.913898, 74.561310, 5.4091187, 9.8524981, 9.7750368
27.999998, 260.00000, 40.000000, 66.000000, 62.920761, 74.577599, 5.4091153, 9.8524981, 9.7750368
28.000002, 260.00000, 40.000000, 66.000000, 62.927673, 74.593864, 5.4091120, 9.8524981, 9.7750368
28.000000, 259.99997, 40.000000, 65.999992, 62.934570, 74.610031, 5.4091086, 9.8524981, 9.7750368
28.000000, 259.99997, 39.999996, 66.000000, 62.941452, 74.626236, 5.4091048, 9.8524981, 9.7750368
28.000000, 260.00000, 40.000004, 66.000000, 62.948353, 74.642487, 5.4091015, 9.8524981, 9.7750368
28.000000, 260.00000, 40.000000, 66.000008, 62.955227, 74.658783, 5.4090981, 9.8524981, 9.7750368
28.000000, 260.00000, 40.000000, 65.999992, 62.962120, 74.674980, 5.4090948, 9.8524981, 9.7750368
28.000002, 259.99997, 40.000004, 66.000000, 62.969013, 74.691185, 5.4090910, 9.8524981, 9.7750368
27.999998, 259.99997, 40.000000, 66.000000, 62.975899, 74.707397, 5.4090877, 9.8524981, 9.7750368
28.000002, 260.00000, 40.000000, 66.000000, 62.982780, 74.723701, 5.4090843, 9.8524981, 9.7750368
28.000000, 260.00000, 40.000000, 66.000000, 62.989677, 74.739990, 5.4090810, 9.8524981, 9.7750368
28.000000, 260.00000, 40.000000, 66.000008, 62.996555, 74.756172, 5.4090772, 9.8524981, 9.7750368
28.000000, 259.99997, 40.000000, 66.000000, 63.003460, 74.772377, 5.4090738, 9.8524981, 9.7750368
28.000000, 259.99997, 40.000000, 66.000000, 63.010330, 74.788628, 5.4090738, 9.8524981, 9.7750368
28.000000, 260.00000, 40.000000, 65.999992, 63.017216, 74.804932, 5.4090791, 9.8524981, 9.7750368
28.000000, 260.00000, 40.000004, 66.000000, 63.024117, 74.821182, 5.4090843, 9.8524981, 9.7750368
28.000000, 260.00000, 40.000000, 66.000008, 63.030975, 74.837387, 5.4090896, 9.8524981, 9.7750368
28.000000, 259.99997, 40.000000, 66.000000, 63.037910, 74.853584, 5.4090948, 9.8524981, 9.7750368
28.000000, 259.99997, 40.000000, 66.000000, 63.044765, 74.869881, 5.4091001, 9.8524981, 9.7750368
28.000000, 260.00000, 40.000004, 66.000000, 63.051643, 74.886177, 5.4091053, 9.8524981, 9.7750368
28.000000, 260.00000, 40.000000, 66.000000, 63.058556, 74.902428, 5.4091105, 9.8524981, 9.7750368
27.999998, 260.00000, 40.000000, 65.999992, 63.065399, 74.918633, 5.4091153, 9.8524981, 9.7750368
28.000002, 259.99997, 40.000000, 66.000000, 63.072338, 74.934845, 5.4091206, 9.8524981, 9.7750368
28.000000, 259.99997, 40.000000, 66.000000, 63.079197, 74.951149, 5.4091258, 9.8524981, 9.7750368
28.000000, 260.00000, 40.000004, 66.000000, 63.086052, 74.967445, 5.4091311, 9.8524981, 9.7750368
28.000000, 260.00000, 40.000000, 66.000000, 63.093002, 74.983704, 5.4091363, 9.8524981, 9.7750368
28.000000, 260.00000, 40.000000, 66.000008, 63.099831, 74.999908, 5.4091415, 9.8524981, 9.7750368
27.999998, 259.99997, 39.999996, 66.000000, 63.106728, 75.016129, 5.4091468, 9.8524981, 9.7750368
28.000000, 259.99997, 40.000000, 66.000000, 63.113636, 75.032433, 5.4091520, 9.8524981, 9.7750368
28.000000, 260.00000, 40.000000, 66.000000, 63.120453, 75.048729, 5.4091573, 9.8524981, 9.7750368
28.000000, 260.00000, 40.000000, 66.000000, 63.127392, 75.065010, 5.4091558, 9.8524981, 9.7750368
27.999998, 260.00000, 40.000000, 66.000000, 63.134262, 75.081207, 5.4091492, 9.8524981, 9.7750368
28.000000, 259.99997, 40.000000, 65.999992, 63.141106, 75.097435, 5.4091425, 9.8524981, 9.7750368
28.000002, 259.99997, 39.999996, 66.000000, 63.148048, 75.113739, 5.4091363, 9.8524981, 9.7750368
27.999998, 260.00000, 40.000000, 66.000000, 63.154892, 75.130035, 5.4091296, 9.8524981, 9.7750368
28.000002, 260.00000, 40.000000, 66.000008, 63.161766, 75.146339, 5.4091229, 9.8524981, 9.7750368
28.000000, 260.00000, 40.000000, 66.000000, 63.168701, 75.162537, 5.4091167, 9.8524981, 9.7750368
28.000002, 259.99997, 40.000000, 66.000000, 63.175518, 75.178749, 5.4091101, 9.8524981, 9.7750368
28.000000, 259.99997, 40.000004, 66.000000, 63.182415, 75.195053, 5.4091039, 9.8524981, 9.7750368
28.000000, 260.00000, 40.000000, 65.999992, 63.189342, 75.211349, 5.4090972, 9.8524981, 9.7750368
27.999998, 260.00000, 40.000000, 66.000000, 63.196144, 75.227699, 5.4090905, 9.8524981, 9.7750368
27.999998, 260.00000, 40.000000, 65.999992, 63.203060, 75.243904, 5.4090843, 9.8524981, 9.7750368
27.999998, 259.99997, 40.000000, 66.000000, 63.209976, 75.260094, 5.4090776, 9.8524981, 9.7750368
28.000000, 259.99997, 40.000000, 65.999992, 63.216789, 75.276382, 5.4090757, 9.8524981, 9.7750368
28.000002, 260.00000, 40.000000, 66.000000, 63.223698, 75.292679, 5.4090781, 9.8524981, 9.7750368
28.000000, 260.00000, 40.000000, 66.000008, 63.230610, 75.308990, 5.4090800, 9.8524981, 9.7750368
28.000002, 260.00000, 40.000000, 66.000008, 63.237431, 75.325287, 5.4090824, 9.8524981, 9.7750368
28.000000, 259.99997, 40.000004, 66.000000, 63.244331, 75.341484, 5.4090843, 9.8524981, 9.7750368
28.000000, 259.99997, 40.000000, 66.000000, 63.251232, 75.357727, 5.4090867, 9.8524981, 9.7750368
27.999998, 260.00000, 40.000000, 65.999992, 63.258076, 75.374031, 5.4090886, 9.8524981, 9.7750368
28.000002, 260.00000, 40.000000, 66.000008, 63.264969, 75.390320, 5.4090910, 9.8524981, 9.7750368
28.000002, 260.00000, 40.000000, 66.000000, 63.271862, 75.406693, 5.4090934, 9.8524981, 9.7750368
28.000000, 259.99997, 40.000000, 66.000008, 63.278721, 75.422897, 5.4090953, 9.8524981, 9.7750368
28.000000, 259.99997, 40.000004, 66.000000, 63.285606, 75.439095, 5.4090977, 9.8524981, 9.7750368
28.000000, 260.00000, 40.000000, 65.999992, 63.292492, 75.455391, 5.4090996, 9.8524981, 9.7750368
28.000002, 260.00000, 40.000000, 66.000000, 63.299362, 75.471687, 5.4091020, 9.8524981, 9.7750368
27.999998, 260.00000, 40.000000, 66.000000, 63.306244, 75.487984, 5.4091039, 9.8524981, 9.7750368
27.999998, 259.99997, 40.000004, 66.000000, 63.313122, 75.504341, 5.4091063, 9.8524981, 9.7750368
28.000000, 259.99997, 39.999996, 66.000000, 63.320007, 75.520538, 5.4091082, 9.8524981, 9.7750368
28.000000, 260.00000, 40.000000, 66.000000, 63.326881, 75.536758, 5.4091105, 9.8524981, 9.7750368
28.000002, 260.00000, 40.000000, 66.000000, 63.333752, 75.553055, 5.4091125, 9.8524981, 9.7750368
27.999998, 259.99997, 40.000000, 66.000000, 63.340618, 75.569351, 5.4091148, 9.8524981, 9.7750368
27.999998, 260.00000, 40.000000, 66.000000, 63.347519, 75.585678, 5.4091172, 9.8524981, 9.7750368
28.000002, 260.00003, 40.000000, 66.000000, 63.354382, 75.602013, 5.4091191, 9.8524981, 9.7750368
28.000002, 260.00003, 40.000000, 66.000000, 63.361240, 75.618210, 5.4091215, 9.8524981, 9.7750368
28.000000, 259.99997, 40.000004, 66.000000, 63.368160, 75.634445, 5.4091234, 9.8524981, 9.7750368
27.999998, 260.00000, 39.999996, 66.000000, 63.375015, 75.650742, 5.4091258, 9.8524981, 9.7750368
28.000002, 260.00003, 39.999992, 66.000000, 63.381870, 75.667030, 5.4091277, 9.8524981, 9.7750368
28.000002, 260.00003, 40.000000, 66.000000, 63.388790, 75.683357, 5.4091301, 9.8524981, 9.7750368
27.999998, 260.00000, 40.000004, 66.000000, 63.395660, 75.699707, 5.4091320, 9.8524981, 9.7750368
28.000000, 259.99997, 40.000004, 66.000000, 63.402508, 75.715904, 5.4091344, 9.8524981, 9.7750368
27.999998, 260.00000, 40.000000, 66.000000, 63.409370, 75.732132, 5.4091363, 9.8524981, 9.7750368
28.000000, 260.00003, 40.000000, 66.000000, 63.416309, 75.748428, 5.4091387, 9.8524981, 9.7750368
