1.1485505, 0.35872027E-1, 0.84775859, 0.71520992E-2, 9.3499727, 9.9830284, 58.715420, 1220.8691, 852.52698
1.1470000, 0.35886154E-1, 0.84218287, 0.71472013E-2, 9.3494272, 9.9811459, 58.702866, 1220.8646, 852.52698
1.1454089, 0.35898332E-1, 0.83654588, 0.71423054E-2, 9.3490200, 9.9793930, 58.690796, 1220.8607, 852.52698
1.1437565, 0.35907630E-1, 0.83079845, 0.71374183E-2, 9.3493433, 9.9783010, 58.681007, 1220.8569, 852.52698
1.1421431, 0.35918556E-1, 0.82518202, 0.71325307E-2, 9.3489895, 9.9766140, 58.669224, 1220.8527, 852.52698
1.1405455, 0.35930049E-1, 0.81963921, 0.71276431E-2, 9.3484087, 9.9747362, 58.656830, 1220.8481, 852.52698
1.1389540, 0.35941683E-1, 0.81414676, 0.71227667E-2, 9.3477268, 9.9727793, 58.644211, 1220.8440, 852.52698
1.1373429, 0.35952300E-1, 0.80864257, 0.71178903E-2, 9.3473530, 9.9711056, 58.632599, 1220.8397, 852.52698
1.1464819, 0.36443818E-1, 0.82743573, 0.71130139E-2, 9.3456345, 9.9682388, 58.616943, 1220.8344, 852.52698
1.1617503, 0.37217256E-1, 0.86031824, 0.71081449E-2, 9.3433819, 9.9648371, 58.599266, 1220.8276, 852.52698
1.1618615, 0.37307914E-1, 0.85863107, 0.71032802E-2, 9.3430548, 9.9631252, 58.587257, 1220.8234, 852.52698
1.1601446, 0.37315547E-1, 0.85262609, 0.70984140E-2, 9.3429956, 9.9616623, 58.576103, 1220.8193, 852.52698
1.1584318, 0.37323274E-1, 0.84667087, 0.70935534E-2, 9.3424950, 9.9598131, 58.563694, 1220.8149, 852.52698
1.1567113, 0.37330512E-1, 0.84073555, 0.70886984E-2, 9.3419409, 9.9579287, 58.551205, 1220.8104, 852.52698
1.1549866, 0.37337393E-1, 0.83482802, 0.70838439E-2, 9.3412352, 9.9559202, 58.538322, 1220.8057, 852.52698
1.1532507, 0.37343614E-1, 0.82893074, 0.70789913E-2, 9.3406887, 9.9540615, 58.525997, 1220.8013, 852.52698
1.1515070, 0.37349362E-1, 0.82305294, 0.70741475E-2, 9.3401842, 9.9522524, 58.513866, 1220.7970, 852.52698
1.1546137, 0.37573822E-1, 0.82866067, 0.70693032E-2, 9.3387756, 9.9496365, 58.499023, 1220.7908, 852.52698
1.1569542, 0.37764397E-1, 0.83239228, 0.70644594E-2, 9.3372164, 9.9468794, 58.483681, 1220.7848, 852.52698
1.1551887, 0.37769433E-1, 0.82645088, 0.70596263E-2, 9.3367090, 9.9450626, 58.471508, 1220.7804, 852.52698
1.1533868, 0.37772708E-1, 0.82046127, 0.70547927E-2, 9.3365383, 9.9435568, 58.460419, 1220.7764, 852.52698
1.1515505, 0.37774291E-1, 0.81442606, 0.70499596E-2, 9.3372955, 9.9428816, 58.452164, 1220.7734, 852.52698
1.1509793, 0.37832685E-1, 0.81130522, 0.70451335E-2, 9.3375559, 9.9417772, 58.442520, 1220.7700, 852.52698
1.1505138, 0.37895758E-1, 0.80847770, 0.70403116E-2, 9.3379288, 9.9407740, 58.433231, 1220.7668, 852.52698
1.1501380, 0.37962891E-1, 0.80598640, 0.70354892E-2, 9.3386183, 9.9400549, 58.424915, 1220.7635, 852.52698
1.1490668, 0.37998669E-1, 0.80187970, 0.70306715E-2, 9.3396139, 9.9396162, 58.417557, 1220.7606, 852.52698
1.1483101, 0.38048428E-1, 0.79853141, 0.70258593E-2, 9.3406734, 9.9392405, 58.410427, 1220.7577, 852.52698
1.1537673, 0.38378175E-1, 0.80937481, 0.70210481E-2, 9.3409042, 9.9381275, 58.400822, 1220.7548, 852.52698
1.1691233, 0.39159343E-1, 0.84230900, 0.70162383E-2, 9.3403511, 9.9362803, 58.388630, 1220.7504, 852.52698
1.1830678, 0.39884243E-1, 0.87248963, 0.70114373E-2, 9.3397141, 9.9343071, 58.375839, 1220.7450, 852.52698
1.1910604, 0.40340986E-1, 0.88916355, 0.70066368E-2, 9.3387156, 9.9319773, 58.361713, 1220.7394, 852.52698
1.1931801, 0.40528264E-1, 0.89216471, 0.70018359E-2, 9.3375473, 9.9294825, 58.346977, 1220.7332, 852.52698
1.1921397, 0.40569663E-1, 0.88764602, 0.69970442E-2, 9.3361387, 9.9267750, 58.331558, 1220.7266, 852.52698
1.1902764, 0.40572897E-1, 0.88119054, 0.69922539E-2, 9.3351555, 9.9244528, 58.317471, 1220.7205, 852.52698
1.1884086, 0.40575773E-1, 0.87476659, 0.69874641E-2, 9.3344812, 9.9224148, 58.304390, 1220.7153, 852.52698
1.1869671, 0.40598162E-1, 0.86940235, 0.69826809E-2, 9.3346796, 9.9211636, 58.293945, 1220.7119, 852.52698
1.1850744, 0.40599644E-1, 0.86299461, 0.69779013E-2, 9.3349838, 9.9200134, 58.283882, 1220.7084, 852.52698
1.1853452, 0.40700454E-1, 0.86176348, 0.69731222E-2, 9.3356457, 9.9191866, 58.274937, 1220.7053, 852.52698
1.1918143, 0.41087270E-1, 0.87395167, 0.69683464E-2, 9.3354740, 9.9176178, 58.263496, 1220.7006, 852.52698
1.2015675, 0.41628648E-1, 0.89337575, 0.69635767E-2, 9.3351936, 9.9159241, 58.251556, 1220.6959, 852.52698
1.2106917, 0.42144734E-1, 0.91211015, 0.69588087E-2, 9.3348198, 9.9141150, 58.239109, 1220.6914, 852.52698
1.2121438, 0.42304430E-1, 0.91339493, 0.69540399E-2, 9.3350334, 9.9128151, 58.228294, 1220.6870, 852.52698
1.2109994, 0.42342812E-1, 0.90854615, 0.69492818E-2, 9.3352957, 9.9115582, 58.217659, 1220.6826, 852.52698
1.2095090, 0.42364918E-1, 0.90290374, 0.69445246E-2, 9.3349943, 9.9098148, 58.205425, 1220.6780, 852.52698
1.2078782, 0.42380325E-1, 0.89696109, 0.69397669E-2, 9.3342533, 9.9076862, 58.191963, 1220.6729, 852.52698
1.2060820, 0.42387865E-1, 0.89065892, 0.69350158E-2, 9.3333426, 9.9054222, 58.178085, 1220.6680, 852.52698
1.2041391, 0.42388428E-1, 0.88404500, 0.69302698E-2, 9.3322783, 9.9030333, 58.163826, 1220.6626, 852.52698
1.2021711, 0.42387675E-1, 0.87741351, 0.69255233E-2, 9.3318405, 9.9012070, 58.151489, 1220.6578, 852.52698
1.2008274, 0.42386554E-1, 0.87081409, 0.69207787E-2, 9.3304615, 9.8985615, 58.136490, 1220.6516, 852.52698
1.1994743, 0.42384908E-1, 0.86423790, 0.69160433E-2, 9.3292360, 9.8960609, 58.122005, 1220.6453, 852.52698
1.1981156, 0.42382911E-1, 0.85769147, 0.69113076E-2, 9.3270245, 9.8927011, 58.104717, 1220.6379, 852.52698
1.1967560, 0.42380799E-1, 0.85118771, 0.69065723E-2, 9.3242378, 9.8888426, 58.085823, 1220.6302, 852.52698
1.1953992, 0.42378683E-1, 0.84473348, 0.69018458E-2, 9.3224859, 9.8859100, 58.070026, 1220.6237, 852.52698
1.1940448, 0.42376567E-1, 0.83832806, 0.68971212E-2, 9.3226233, 9.8846626, 58.059818, 1220.6200, 852.52698
1.1926922, 0.42374454E-1, 0.83197123, 0.68923961E-2, 9.3229961, 9.8836317, 58.050392, 1220.6165, 852.52698
1.1914327, 0.42376522E-1, 0.82588047, 0.68876771E-2, 9.3237410, 9.8829422, 58.042118, 1220.6134, 852.52698
1.1904860, 0.42392906E-1, 0.82057703, 0.68829637E-2, 9.3244228, 9.8822041, 58.033710, 1220.6104, 852.52698
1.1891390, 0.42390797E-1, 0.81435496, 0.68782493E-2, 9.3251762, 9.8815355, 58.025593, 1220.6072, 852.52698
1.1879554, 0.42396046E-1, 0.80856454, 0.68735373E-2, 9.3260164, 9.8809547, 58.017788, 1220.6042, 852.52698
1.1875266, 0.42435989E-1, 0.80462301, 0.68688346E-2, 9.3267174, 9.8802576, 58.009636, 1220.6013, 852.52698
1.1865118, 0.42448897E-1, 0.79930168, 0.68641305E-2, 9.3278494, 9.8799534, 58.002796, 1220.5984, 852.52698
1.1864529, 0.42505741E-1, 0.79629350, 0.68594282E-2, 9.3287945, 9.8794889, 57.995476, 1220.5955, 852.52698
1.1856256, 0.42527184E-1, 0.79148293, 0.68547335E-2, 9.3295746, 9.8788834, 57.987701, 1220.5925, 852.52698
1.2051258, 0.43489359E-1, 0.83284992, 0.68500410E-2, 9.3286667, 9.8767729, 57.974911, 1220.5876, 852.52698
1.2277751, 0.44613477E-1, 0.88095224, 0.68453499E-2, 9.3247690, 9.8719292, 57.952816, 1220.5787, 852.52698
1.2338303, 0.44964254E-1, 0.89184433, 0.68406626E-2, 9.3236685, 9.8695126, 57.938557, 1220.5732, 852.52698
1.2338576, 0.45030456E-1, 0.88853747, 0.68359808E-2, 9.3242369, 9.8685684, 57.929142, 1220.5703, 852.52698
1.2335587, 0.45081183E-1, 0.88446718, 0.68312990E-2, 9.3240833, 9.8669958, 57.917686, 1220.5659, 852.52698
1.2525840, 0.46052027E-1, 0.92404538, 0.68266196E-2, 9.3230877, 9.8646584, 57.903679, 1220.5604, 852.52698
1.2789229, 0.47389913E-1, 0.97814721, 0.68219486E-2, 9.3217611, 9.8619528, 57.888172, 1220.5543, 852.52698
1.3076541, 0.48867911E-1, 1.0369204, 0.68172775E-2, 9.3197556, 9.8585548, 57.870087, 1220.5472, 852.52698
1.3212830, 0.49617447E-1, 1.0632340, 0.68126065E-2, 9.3181238, 9.8554153, 57.852581, 1220.5400, 852.52698
1.3238106, 0.49818628E-1, 1.0648776, 0.68079443E-2, 9.3185635, 9.8540888, 57.840935, 1220.5356, 852.52698
1.3266538, 0.50035931E-1, 1.0672631, 0.68032849E-2, 9.3186913, 9.8524847, 57.828396, 1220.5302, 852.52698
1.3300004, 0.50279077E-1, 1.0708156, 0.67986245E-2, 9.3187141, 9.8507814, 57.815510, 1220.5243, 852.52698
1.3322042, 0.50465703E-1, 1.0716847, 0.67939684E-2, 9.3185892, 9.8489408, 57.802208, 1220.5184, 852.52698
1.3329834, 0.50581299E-1, 1.0692008, 0.67893192E-2, 9.3178959, 9.8466043, 57.787277, 1220.5120, 852.52698
1.3331683, 0.50668541E-1, 1.0653865, 0.67846701E-2, 9.3171091, 9.8441916, 57.772118, 1220.5055, 852.52698
1.3354428, 0.50890785E-1, 1.0678601, 0.67800209E-2, 9.3164988, 9.8419304, 57.757469, 1220.4991, 852.52698
1.3343666, 0.50945308E-1, 1.0624948, 0.67753820E-2, 9.3161268, 9.8398876, 57.743546, 1220.4939, 852.52698
1.3331099, 0.50990671E-1, 1.0567344, 0.67707440E-2, 9.3148842, 9.8370905, 57.727200, 1220.4874, 852.52698
1.3318161, 0.51034033E-1, 1.0509247, 0.67661051E-2, 9.3146343, 9.8351736, 57.713764, 1220.4816, 852.52698
1.3305329, 0.51077791E-1, 1.0451794, 0.67614731E-2, 9.3137436, 9.8327026, 57.698551, 1220.4749, 852.52698
1.3292501, 0.51121421E-1, 1.0394739, 0.67568454E-2, 9.3109131, 9.8285322, 57.677860, 1220.4662, 852.52698
1.3279121, 0.51162150E-1, 1.0336739, 0.67522177E-2, 9.3090105, 9.8251896, 57.659893, 1220.4589, 852.52698
1.3265234, 0.51200192E-1, 1.0277908, 0.67475918E-2, 9.3064957, 9.8213186, 57.640255, 1220.4508, 852.52698
1.3250842, 0.51235568E-1, 1.0218256, 0.67429752E-2, 9.3052034, 9.8185349, 57.624180, 1220.4442, 852.52698
1.3236210, 0.51269613E-1, 1.0158432, 0.67383586E-2, 9.3032789, 9.8152075, 57.606388, 1220.4366, 852.52698
1.3245019, 0.51420186E-1, 1.0154289, 0.67337421E-2, 9.3004169, 9.8110619, 57.585976, 1220.4282, 852.52698
1.3323424, 0.51918559E-1, 1.0305569, 0.67291334E-2, 9.2976866, 9.8070230, 57.565880, 1220.4202, 852.52698
1.3614250, 0.53493798E-1, 1.0923893, 0.67245266E-2, 9.2909822, 9.7994251, 57.534016, 1220.4067, 852.52698
1.3772928, 0.54416057E-1, 1.1255922, 0.67199208E-2, 9.2866125, 9.7938023, 57.508301, 1220.3962, 852.52698
1.3818539, 0.54764632E-1, 1.1330972, 0.67153173E-2, 9.2835732, 9.7893181, 57.486164, 1220.3870, 852.52698
1.3821703, 0.54895852E-1, 1.1307335, 0.67107226E-2, 9.2815304, 9.7857084, 57.466866, 1220.3792, 852.52698
1.3817619, 0.54989867E-1, 1.1266669, 0.67061284E-2, 9.2789364, 9.7816210, 57.446041, 1220.3710, 852.52698
1.3943852, 0.55754818E-1, 1.1512406, 0.67015337E-2, 9.2756176, 9.7768965, 57.423161, 1220.3617, 852.52698
1.4219348, 0.57305820E-1, 1.2075280, 0.66969479E-2, 9.2706652, 9.7706633, 57.395153, 1220.3500, 852.52698
1.4451451, 0.58650251E-1, 1.2540050, 0.66923625E-2, 9.2661715, 9.7647533, 57.367916, 1220.3385, 852.52698
1.4669716, 0.59937861E-1, 1.2969168, 0.66877790E-2, 9.2620430, 9.7590904, 57.341232, 1220.3270, 852.52698
1.4819344, 0.60870059E-1, 1.3255309, 0.66831987E-2, 9.2585773, 9.7539530, 57.316048, 1220.3167, 852.52698
1.4905822, 0.61467465E-1, 1.3407613, 0.66786264E-2, 9.2557850, 9.7493744, 57.292549, 1220.3070, 852.52698
1.4943563, 0.61803095E-1, 1.3452060, 0.66740522E-2, 9.2527714, 9.7445869, 57.268349, 1220.2970, 852.52698
1.4967175, 0.62062770E-1, 1.3464168, 0.66694790E-2, 9.2502766, 9.7402525, 57.245605, 1220.2875, 852.52698
1.4982646, 0.62278666E-1, 1.3457437, 0.66649159E-2, 9.2472239, 9.7354269, 57.221294, 1220.2776, 852.52698
1.4991598, 0.62459342E-1, 1.3435638, 0.66603539E-2, 9.2438231, 9.7302999, 57.196033, 1220.2670, 852.52698
1.4998362, 0.62628262E-1, 1.3408937, 0.66557913E-2, 9.2402630, 9.7250395, 57.170353, 1220.2567, 852.52698
1.5003105, 0.62786289E-1, 1.3377727, 0.66512325E-2, 9.2353754, 9.7186222, 57.140991, 1220.2449, 852.52698
1.5005945, 0.62934019E-1, 1.3342309, 0.66466811E-2, 9.2313375, 9.7129545, 57.114063, 1220.2336, 852.52698
1.5144253, 0.63821301E-1, 1.3599895, 0.66421307E-2, 9.2267303, 9.7067842, 57.085503, 1220.2214, 852.52698
1.5355279, 0.65117560E-1, 1.4012682, 0.66375807E-2, 9.2212200, 9.6997604, 57.054001, 1220.2083, 852.52698
1.5724440, 0.67312613E-1, 1.4626970, 0.66330377E-2, 9.2125311, 9.6898890, 57.012997, 1220.1917, 852.52698
1.6436663, 0.71522318E-1, 1.5678316, 0.66284984E-2, 9.1967249, 9.6736307, 56.950840, 1220.1656, 852.52698
1.7062811, 0.75353630E-1, 1.6590873, 0.66239606E-2, 9.1795359, 9.6560030, 56.883835, 1220.1377, 852.52698
1.7240496, 0.76578185E-1, 1.6792125, 0.66194246E-2, 9.1601076, 9.6363277, 56.810001, 1220.1067, 852.52698
1.7467119, 0.78108802E-1, 1.7079293, 0.66148955E-2, 9.1392241, 9.6153297, 56.731735, 1220.0734, 852.52698
1.7728524, 0.79867274E-1, 1.7437102, 0.66103665E-2, 9.1190825, 9.5949354, 56.655144, 1220.0405, 852.52698
1.7950597, 0.81403844E-1, 1.7750520, 0.66058361E-2, 9.1008997, 9.5762033, 56.583672, 1220.0100, 852.52698
1.8151859, 0.82826488E-1, 1.8024144, 0.66013159E-2, 9.0802031, 9.5552139, 56.504719, 1219.9762, 852.52698
1.8414330, 0.84644198E-1, 1.8351153, 0.65967976E-2, 9.0559359, 9.5310469, 56.415295, 1219.9379, 852.52698
1.8660764, 0.86380638E-1, 1.8653351, 0.65922798E-2, 9.0304279, 9.5057402, 56.321911, 1219.8970, 852.52698
1.8909940, 0.88152580E-1, 1.8972760, 0.65877661E-2, 9.0085535, 9.4835672, 56.238365, 1219.8610, 852.52698
1.9134284, 0.89782961E-1, 1.9232522, 0.65832576E-2, 8.9936237, 9.4674416, 56.174065, 1219.8330, 852.52698
1.9389282, 0.91627158E-1, 1.9542372, 0.65787500E-2, 8.9811049, 9.4533806, 56.116352, 1219.8080, 852.52698
1.9640576, 0.93465820E-1, 1.9841003, 0.65742424E-2, 8.9676676, 9.4384699, 56.055683, 1219.7819, 852.52698
1.9831132, 0.94923191E-1, 2.0042012, 0.65697436E-2, 8.9529495, 9.4223957, 55.990826, 1219.7539, 852.52698
2.0125031, 0.97076587E-1, 2.0410969, 0.65652467E-2, 8.9351673, 9.4035912, 55.917240, 1219.7216, 852.52698
2.0364833, 0.98891877E-1, 2.0715866, 0.65607494E-2, 8.9141273, 9.3818712, 55.834007, 1219.6851, 852.52698
2.0639887, 0.10096136, 2.1057434, 0.65562571E-2, 8.8902378, 9.3576050, 55.742329, 1219.6443, 852.52704
2.0933092, 0.10317517, 2.1414397, 0.65517710E-2, 8.8689909, 9.3356028, 55.657631, 1219.6067, 852.52704
2.1223645, 0.10539421, 2.1773911, 0.65472848E-2, 8.8493795, 9.3149748, 55.577187, 1219.5707, 852.52704
2.1512425, 0.10762379, 2.2147286, 0.65427991E-2, 8.8331003, 9.2972126, 55.505798, 1219.5389, 852.52704
2.1779191, 0.10972209, 2.2521586, 0.65383222E-2, 8.8173704, 9.2798748, 55.435562, 1219.5073, 852.52704
2.2030399, 0.11173021, 2.2903457, 0.65338467E-2, 8.8067923, 9.2670050, 55.379585, 1219.4822, 852.52704
2.2238145, 0.11344798, 2.3230770, 0.65293727E-2, 8.7987356, 9.2562923, 55.330421, 1219.4600, 852.52704
2.2394984, 0.11481638, 2.3471303, 0.65249018E-2, 8.7924185, 9.2470608, 55.285904, 1219.4396, 852.52704
2.2533078, 0.11605906, 2.3680253, 0.65204371E-2, 8.7883997, 9.2398090, 55.247669, 1219.4221, 852.52704
2.2623255, 0.11696492, 2.3789566, 0.65159723E-2, 8.7860241, 9.2339735, 55.213955, 1219.4064, 852.52704
2.2675524, 0.11760210, 2.3816295, 0.65115071E-2, 8.7867107, 9.2308121, 55.188862, 1219.3949, 852.52704
2.2716160, 0.11815726, 2.3817346, 0.65070512E-2, 8.7879496, 9.2281342, 55.165352, 1219.3845, 852.52704
2.2823796, 0.11919492, 2.3955228, 0.65025971E-2, 8.7887611, 9.2250853, 55.140671, 1219.3732, 852.52704
2.3091159, 0.12139287, 2.4410555, 0.64981454E-2, 8.7868748, 9.2196321, 55.108116, 1219.3579, 852.52704
2.3437569, 0.12418768, 2.5003371, 0.64936955E-2, 8.7830944, 9.2124434, 55.069767, 1219.3405, 852.52704
2.3742914, 0.12670957, 2.5523450, 0.64892517E-2, 8.7767525, 9.2029238, 55.023678, 1219.3191, 852.52704
2.4008040, 0.12895569, 2.5879786, 0.64848089E-2, 8.7679205, 9.1911707, 54.970207, 1219.2948, 852.52704
2.4266765, 0.13117230, 2.6154373, 0.64803655E-2, 8.7528372, 9.1739120, 54.898865, 1219.2615, 852.52704
2.4544861, 0.13355266, 2.6460836, 0.64759310E-2, 8.7336063, 9.1529913, 54.815853, 1219.2229, 852.52704
2.4857199, 0.13621235, 2.6820536, 0.64714989E-2, 8.7139511, 9.1316481, 54.731300, 1219.1832, 852.52704
2.5142171, 0.13868704, 2.7137270, 0.64670672E-2, 8.6919661, 9.1082201, 54.639881, 1219.1404, 852.52710
2.5407388, 0.14103052, 2.7421081, 0.64626378E-2, 8.6698246, 9.0846119, 54.547615, 1219.0972, 852.52710
2.5741735, 0.14392720, 2.7818279, 0.64582149E-2, 8.6516991, 9.0644560, 54.466221, 1219.0588, 852.52710
2.6029644, 0.14648832, 2.8163104, 0.64537940E-2, 8.6360512, 9.0464067, 54.391335, 1219.0237, 852.52710
2.6337988, 0.14923041, 2.8509524, 0.64493725E-2, 8.6172504, 9.0255585, 54.307281, 1218.9838, 852.52710
2.6668594, 0.15217152, 2.8882985, 0.64449557E-2, 8.6014185, 9.0072498, 54.230995, 1218.9474, 852.52710
2.6931412, 0.15459895, 2.9167402, 0.64405454E-2, 8.5773821, 8.9817305, 54.131680, 1218.8997, 852.52740
2.7217007, 0.15722586, 2.9469328, 0.64361342E-2, 8.5597496, 8.9617596, 54.049458, 1218.8601, 852.52740
2.7486286, 0.15974121, 2.9741406, 0.64317244E-2, 8.5459623, 8.9451017, 53.978008, 1218.8257, 852.52740
2.7828372, 0.16286448, 3.0127442, 0.64273253E-2, 8.5333948, 8.9294643, 53.909657, 1218.7928, 852.52740
2.8172739, 0.16603306, 3.0517898, 0.64229267E-2, 8.5200615, 8.9131031, 53.838879, 1218.7582, 852.52740
2.8478074, 0.16890776, 3.0841978, 0.64185285E-2, 8.5073814, 8.8972588, 53.769573, 1218.7242, 852.52740
2.8751543, 0.17154105, 3.1114883, 0.64141341E-2, 8.4923563, 8.8793306, 53.693417, 1218.6871, 852.52740
2.9026210, 0.17420202, 3.1391084, 0.64097457E-2, 8.4764404, 8.8605919, 53.614532, 1218.6486, 852.52740
2.9324849, 0.17708150, 3.1704702, 0.64053563E-2, 8.4537783, 8.8359356, 53.516766, 1218.6005, 852.52759
2.9622979, 0.17997716, 3.2016730, 0.64009679E-2, 8.4306173, 8.8107967, 53.417255, 1218.5511, 852.52771
2.9914260, 0.18283564, 3.2334294, 0.63965879E-2, 8.4082489, 8.7863054, 53.319614, 1218.5028, 852.52783
3.0161681, 0.18534127, 3.2622344, 0.63922098E-2, 8.3894005, 8.7648363, 53.231392, 1218.4587, 852.52789
3.0449278, 0.18820426, 3.2970817, 0.63878321E-2, 8.3765230, 8.7485228, 53.159435, 1218.4224, 852.52789
3.0665936, 0.19047828, 3.3142674, 0.63834558E-2, 8.3621635, 8.7308817, 53.082989, 1218.3840, 852.52789
3.0880611, 0.19274741, 3.3311839, 0.63790884E-2, 8.3460321, 8.7116785, 53.001488, 1218.3428, 852.52795
3.1173017, 0.19569936, 3.3611991, 0.63747223E-2, 8.3214827, 8.6851254, 52.896744, 1218.2896, 852.52826
3.1465061, 0.19866735, 3.3916619, 0.63703582E-2, 8.2997026, 8.6609373, 52.799286, 1218.2397, 852.52838
3.1743081, 0.20153216, 3.4232922, 0.63659963E-2, 8.2803984, 8.6388655, 52.708374, 1218.1931, 852.52850
3.1964049, 0.20391436, 3.4507968, 0.63616401E-2, 8.2657375, 8.6207876, 52.630013, 1218.1528, 852.52856
3.2124605, 0.20577760, 3.4699850, 0.63572838E-2, 8.2552357, 8.6062956, 52.562931, 1218.1178, 852.52856
3.2282722, 0.20762648, 3.4897399, 0.63529294E-2, 8.2513437, 8.5975266, 52.513939, 1218.0924, 852.52856
3.2486289, 0.20988435, 3.5185671, 0.63485829E-2, 8.2463245, 8.5877504, 52.461700, 1218.0653, 852.52856
3.2726243, 0.21247528, 3.5536437, 0.63442369E-2, 8.2415905, 8.5781794, 52.410049, 1218.0383, 852.52856
3.2995844, 0.21534382, 3.5923219, 0.63398927E-2, 8.2371531, 8.5688210, 52.358967, 1218.0116, 852.52856
3.3251798, 0.21810661, 3.6285772, 0.63355509E-2, 8.2319498, 8.5587482, 52.305519, 1217.9834, 852.52856
3.3413298, 0.22003654, 3.6477320, 0.63312161E-2, 8.2272587, 8.5490866, 52.253288, 1217.9557, 852.52856
3.3530960, 0.22157951, 3.6588528, 0.63268817E-2, 8.2254601, 8.5419130, 52.208832, 1217.9323, 852.52856
3.3618670, 0.22285736, 3.6638954, 0.63225464E-2, 8.2273884, 8.5379553, 52.174461, 1217.9136, 852.52856
3.3831682, 0.22526912, 3.6952703, 0.63182190E-2, 8.2272139, 8.5321598, 52.134350, 1217.8927, 852.52856
3.3945982, 0.22679819, 3.7060356, 0.63138944E-2, 8.2281914, 8.5273333, 52.097214, 1217.8729, 852.52856
3.4006782, 0.22784664, 3.7051353, 0.63095712E-2, 8.2317162, 8.5247049, 52.066952, 1217.8566, 852.52856
3.4050970, 0.22874632, 3.7005281, 0.63052471E-2, 8.2353811, 8.5222139, 52.037205, 1217.8406, 852.52856
3.4305081, 0.23155309, 3.7389953, 0.63009332E-2, 8.2354641, 8.5166302, 51.997993, 1217.8197, 852.52856
3.4567504, 0.23445192, 3.7800801, 0.62966202E-2, 8.2339172, 8.5095682, 51.954037, 1217.7958, 852.52856
3.4656579, 0.23577812, 3.7849939, 0.62923068E-2, 8.2362146, 8.5057926, 51.920155, 1217.7773, 852.52856
3.4701412, 0.23670211, 3.7801862, 0.62879985E-2, 8.2379627, 8.5015574, 51.884941, 1217.7585, 852.52856
3.4726880, 0.23745014, 3.7710218, 0.62836958E-2, 8.2412748, 8.4986839, 51.854008, 1217.7418, 852.52856
3.4735129, 0.23804094, 3.7579672, 0.62793936E-2, 8.2443466, 8.4956264, 51.822655, 1217.7245, 852.52856
3.4727447, 0.23848611, 3.7413099, 0.62750909E-2, 8.2464838, 8.4917965, 51.789116, 1217.7058, 852.52856
3.4758053, 0.23928152, 3.7335048, 0.62707951E-2, 8.2501411, 8.4893007, 51.759762, 1217.6895, 852.52856
3.4890521, 0.24101193, 3.7483258, 0.62665036E-2, 8.2507944, 8.4842329, 51.722733, 1217.6692, 852.52856
3.5069964, 0.24318005, 3.7730281, 0.62622121E-2, 8.2497349, 8.4776745, 51.681213, 1217.6459, 852.52856
3.5127077, 0.24422908, 3.7710557, 0.62579215E-2, 8.2526579, 8.4745102, 51.649857, 1217.6283, 852.52856
3.5135627, 0.24483193, 3.7582138, 0.62536402E-2, 8.2567797, 8.4723988, 51.621777, 1217.6124, 852.52856
3.5172873, 0.24569939, 3.7519388, 0.62493593E-2, 8.2602377, 8.4697399, 51.592213, 1217.5958, 852.52856
3.5219350, 0.24665342, 3.7476661, 0.62450785E-2, 8.2632341, 8.4666977, 51.561581, 1217.5786, 852.52856
3.5323298, 0.24813843, 3.7561107, 0.62408010E-2, 8.2676573, 8.4648895, 51.534721, 1217.5632, 852.52856
3.5407052, 0.24944144, 3.7601223, 0.62365313E-2, 8.2707281, 8.4619102, 51.504395, 1217.5455, 852.52856
3.5386519, 0.24978210, 3.7406919, 0.62322612E-2, 8.2759876, 8.4608221, 51.479767, 1217.5311, 852.52856
3.6130300, 0.25722006, 3.8555167, 0.62279953E-2, 8.2674036, 8.4479074, 51.420406, 1217.4969, 852.52856
3.6635585, 0.26250359, 3.9308434, 0.62237303E-2, 8.2586575, 8.4346876, 51.359612, 1217.4622, 852.52856
3.6882789, 0.26539043, 3.9605887, 0.62194713E-2, 8.2469311, 8.4188747, 51.291111, 1217.4225, 852.52856
3.7063379, 0.26766017, 3.9810934, 0.62152119E-2, 8.2424984, 8.4092445, 51.240616, 1217.3932, 852.52856
3.7186859, 0.26939717, 3.9913177, 0.62109530E-2, 8.2379808, 8.3995266, 51.189873, 1217.3635, 852.52856
3.7287731, 0.27092436, 3.9974322, 0.62067038E-2, 8.2365599, 8.3924370, 51.146824, 1217.3384, 852.52856
3.7511501, 0.27362233, 4.0224643, 0.62024561E-2, 8.2376003, 8.3874340, 51.109810, 1217.3171, 852.52856
3.7840319, 0.27733535, 4.0536809, 0.61982097E-2, 8.2242584, 8.3701887, 51.037342, 1217.2747, 852.52856
3.8203053, 0.28139427, 4.0901175, 0.61939633E-2, 8.2115259, 8.3534279, 50.966164, 1217.2325, 852.52856
3.8500886, 0.28485227, 4.1165452, 0.61897272E-2, 8.1959000, 8.3341732, 50.887714, 1217.1858, 852.52856
3.8853583, 0.28885832, 4.1515203, 0.61854897E-2, 8.1809616, 8.3154688, 50.810772, 1217.1398, 852.52856
3.9168220, 0.29251757, 4.1810913, 0.61812541E-2, 8.1633301, 8.2944460, 50.727028, 1217.0895, 852.52869
3.9418421, 0.29556784, 4.2043014, 0.61770198E-2, 8.1458569, 8.2735291, 50.643494, 1217.0393, 852.52881
3.9613988, 0.29809755, 4.2228079, 0.61727939E-2, 8.1315517, 8.2552748, 50.567566, 1216.9934, 852.52905
3.9761870, 0.30016950, 4.2356467, 0.61685671E-2, 8.1249342, 8.2435131, 50.510288, 1216.9586, 852.52905
3.9872453, 0.30188218, 4.2422104, 0.61643412E-2, 8.1212177, 8.2341986, 50.460075, 1216.9281, 852.52905
3.9966497, 0.30343643, 4.2459764, 0.61601223E-2, 8.1211834, 8.2279978, 50.418854, 1216.9030, 852.52905
4.0323558, 0.30757925, 4.2854147, 0.61559076E-2, 8.1158094, 8.2172794, 50.364777, 1216.8698, 852.52905
4.0560255, 0.31055620, 4.3042140, 0.61516920E-2, 8.0951939, 8.1936636, 50.273926, 1216.8135, 852.52936
4.0760651, 0.31318560, 4.3227706, 0.61474764E-2, 8.0815353, 8.1759014, 50.199661, 1216.7673, 852.52948
4.0958900, 0.31580263, 4.3446341, 0.61432705E-2, 8.0770044, 8.1658173, 50.147209, 1216.7350, 852.52948
4.1101680, 0.31787786, 4.3560925, 0.61390665E-2, 8.0768776, 8.1594296, 50.105221, 1216.7086, 852.52948
4.1325159, 0.32076147, 4.3834782, 0.61348625E-2, 8.0776424, 8.1537828, 50.065384, 1216.6833, 852.52948
4.1599364, 0.32416254, 4.4183388, 0.61306576E-2, 8.0756474, 8.1457815, 50.018894, 1216.6544, 852.52948
4.1887126, 0.32771382, 4.4515009, 0.61264653E-2, 8.0703020, 8.1349220, 49.964333, 1216.6201, 852.52948
4.2229061, 0.33182532, 4.4844794, 0.61222711E-2, 8.0636349, 8.1229200, 49.906467, 1216.5836, 852.52948
4.2574334, 0.33599108, 4.5161657, 0.61180773E-2, 8.0523481, 8.1070070, 49.837650, 1216.5398, 852.52948
4.2841253, 0.33938444, 4.5355244, 0.61138868E-2, 8.0418139, 8.0916996, 49.770248, 1216.4963, 852.52948
4.3100467, 0.34271336, 4.5536375, 0.61097047E-2, 8.0295725, 8.0749483, 49.698925, 1216.4501, 852.52948
4.3419666, 0.34666559, 4.5809407, 0.61055203E-2, 8.0181398, 8.0588589, 49.629501, 1216.4050, 852.52948
4.3706408, 0.35030445, 4.6031690, 0.61013377E-2, 8.0067444, 8.0427761, 49.560055, 1216.3597, 852.52948
4.4050241, 0.35454303, 4.6338706, 0.74869762E-2, 7.9989686, 8.0297060, 49.498978, 1216.3197, 852.52948
4.4267292, 0.35749984, 4.6458163, 0.14661338E-1, 7.9868493, 8.0129795, 49.427795, 1216.2729, 852.52954
4.4473200, 0.36035144, 4.6587577, 0.21800846E-1, 7.9750252, 7.9964972, 49.357330, 1216.2266, 852.52960
4.4635353, 0.36276132, 4.6684914, 0.28189139E-1, 7.9647818, 7.9813361, 49.290550, 1216.1824, 852.52972
4.4768701, 0.36488086, 4.6754899, 0.34031890E-1, 7.9618316, 7.9722667, 49.240604, 1216.1493, 852.52972
4.4952312, 0.36752486, 4.6928077, 0.41304033E-1, 7.9618082, 7.9656372, 49.197426, 1216.1205, 852.52972
4.5071163, 0.36950597, 4.6984644, 0.46887621E-1, 7.9621148, 7.9592748, 49.155018, 1216.0919, 852.52972
4.5145693, 0.37104225, 4.6961055, 0.51318172E-1, 7.9635081, 7.9538260, 49.115158, 1216.0651, 852.52972
4.5294337, 0.37336403, 4.7022104, 0.57304978E-1, 7.9629812, 7.9467931, 49.071056, 1216.0349, 852.52972
4.5479126, 0.37604141, 4.7085524, 0.63698791E-1, 7.9463148, 7.9263415, 48.990871, 1215.9801, 852.52997
4.5664783, 0.37873536, 4.7139902, 0.70032559E-1, 7.9378247, 7.9126916, 48.929081, 1215.9375, 852.52997
4.5884781, 0.38179505, 4.7265434, 0.77352405E-1, 7.9230313, 7.8938098, 48.853275, 1215.8851, 852.53015
4.6072373, 0.38452622, 4.7367582, 0.84119171E-1, 7.9065075, 7.8734903, 48.773594, 1215.8300, 852.53040
4.6285586, 0.38753507, 4.7482934, 0.91298036E-1, 7.8894792, 7.8527489, 48.692753, 1215.7739, 852.53070
4.6476827, 0.39032084, 4.7604575, 0.98284699E-1, 7.8777666, 7.8364162, 48.623783, 1215.7260, 852.53070
4.6631799, 0.39273405, 4.7696629, 0.10462105, 7.8750567, 7.8275437, 48.574902, 1215.6917, 852.53070
4.6927447, 0.39663246, 4.7929201, 0.11373796, 7.8702936, 7.8169641, 48.521423, 1215.6542, 852.53070
4.7188549, 0.40018123, 4.8104315, 0.12200115, 7.8593698, 7.8012724, 48.454266, 1215.6064, 852.53070
4.7453175, 0.40377963, 4.8281927, 0.13034002, 7.8494706, 7.7864180, 48.389393, 1215.5604, 852.53070
4.7730327, 0.40752342, 4.8478198, 0.13899212, 7.8417182, 7.7733288, 48.329300, 1215.5175, 852.53070
4.7957759, 0.41075563, 4.8612514, 0.14657924, 7.8298931, 7.7568645, 48.260292, 1215.4678, 852.53088
4.8144855, 0.41356644, 4.8721042, 0.15349679, 7.8206501, 7.7425323, 48.196991, 1215.4222, 852.53094
4.8306684, 0.41611576, 4.8818207, 0.16003729, 7.8161445, 7.7321105, 48.144112, 1215.3838, 852.53094
4.8496132, 0.41896576, 4.8968573, 0.16734342, 7.8128414, 7.7226782, 48.093914, 1215.3473, 852.53094
4.8684783, 0.42181477, 4.9135566, 0.17478789, 7.8142142, 7.7170911, 48.053883, 1215.3176, 852.53094
4.8824592, 0.42414954, 4.9223976, 0.18103069, 7.8154178, 7.7113562, 48.013538, 1215.2878, 852.53094
4.9031067, 0.42720276, 4.9442525, 0.18912563, 7.8197546, 7.7081938, 47.979980, 1215.2632, 852.53094
4.9197278, 0.42983297, 4.9578962, 0.19609067, 7.8217039, 7.7030559, 47.941334, 1215.2345, 852.53094
4.9473577, 0.43365306, 4.9791179, 0.20496754, 7.8093796, 7.6861911, 47.872395, 1215.1831, 852.53113
4.9674363, 0.43667200, 4.9880056, 0.21196292, 7.7953777, 7.6679487, 47.799961, 1215.1285, 852.53125
4.9883413, 0.43978804, 4.9993248, 0.21926208, 7.7829142, 7.6509719, 47.730778, 1215.0768, 852.53131
4.9923735, 0.44109234, 4.9808469, 0.22214718, 7.7763519, 7.6388435, 47.674034, 1215.0338, 852.53131
5.0170507, 0.44462636, 4.9953065, 0.23014064, 7.7703476, 7.6271949, 47.618851, 1214.9918, 852.53131
5.0438681, 0.44846040, 5.0137010, 0.23878182, 7.7706604, 7.6207104, 47.576504, 1214.9595, 852.53131
5.0741138, 0.45269731, 5.0380812, 0.24835153, 7.7699823, 7.6134019, 47.531948, 1214.9253, 852.53131
5.0998697, 0.45639506, 5.0551620, 0.25674421, 7.7632370, 7.6011248, 47.475315, 1214.8817, 852.53131
5.1243057, 0.45995191, 5.0701342, 0.26481307, 7.7547359, 7.5874100, 47.415161, 1214.8350, 852.53137
5.1452513, 0.46313709, 5.0825343, 0.27227256, 7.7485104, 7.5755477, 47.359756, 1214.7920, 852.53137
5.1633792, 0.46602303, 5.0939517, 0.27933127, 7.7448058, 7.5657401, 47.309620, 1214.7528, 852.53137
5.1791463, 0.46865773, 5.1039319, 0.28600347, 7.7455511, 7.5595560, 47.268669, 1214.7205, 852.53137
5.1902394, 0.47078708, 5.1068225, 0.29155043, 7.7488222, 7.5554276, 47.232975, 1214.6923, 852.53137
5.1989312, 0.47266021, 5.1061697, 0.29652825, 7.7559409, 7.5544372, 47.205200, 1214.6699, 852.53137
5.2067428, 0.47451872, 5.1060619, 0.30153108, 7.7671947, 7.5568147, 47.185371, 1214.6541, 852.53137
5.2108121, 0.47616118, 5.1021891, 0.30598861, 7.7806020, 7.5609527, 47.168720, 1214.6407, 852.53137
5.2101035, 0.47756487, 5.0937033, 0.30980417, 7.7950287, 7.5659385, 47.152409, 1214.6276, 852.53137
5.2060142, 0.47882360, 5.0824099, 0.31322506, 7.8099465, 7.5713487, 47.135818, 1214.6139, 852.53137
5.1991348, 0.47994748, 5.0684500, 0.31627217, 7.8247099, 7.5766649, 47.118061, 1214.5995, 852.53137
5.1883774, 0.48087320, 5.0504584, 0.31876349, 7.8403373, 7.5827165, 47.100800, 1214.5854, 852.53137
5.1735420, 0.48159590, 5.0283175, 0.32068157, 7.8589768, 7.5912390, 47.088047, 1214.5746, 852.53137
5.1551499, 0.48216158, 5.0030079, 0.32215464, 7.8783202, 7.6003742, 47.075481, 1214.5637, 852.53137
5.1350598, 0.48265523, 4.9763608, 0.32342330, 7.8978605, 7.6097140, 47.062881, 1214.5527, 852.53137
5.1139789, 0.48310593, 4.9490085, 0.32457039, 7.9175057, 7.6191854, 47.050369, 1214.5419, 852.53137
5.0921879, 0.48352194, 4.9211292, 0.32561934, 7.9373364, 7.6288481, 47.038227, 1214.5315, 852.53137
5.0697918, 0.48391324, 4.8929400, 0.32659808, 7.9567757, 7.6382437, 47.025440, 1214.5203, 852.53137
5.0470467, 0.48428214, 4.8644953, 0.32751366, 7.9759092, 7.6474385, 47.012318, 1214.5090, 852.53137
5.0235810, 0.48461935, 4.8355889, 0.32833880, 7.9952998, 7.6568856, 46.999683, 1214.4980, 852.53137
4.9996433, 0.48493180, 4.8063726, 0.32909331, 8.0147457, 7.6664243, 46.987297, 1214.4873, 852.53137
4.9752493, 0.48522064, 4.7768707, 0.32978016, 8.0343342, 7.6761208, 46.975323, 1214.4767, 852.53137
4.9506021, 0.48549280, 4.7472386, 0.33042002, 8.0542345, 7.6861115, 46.964115, 1214.4668, 852.53137
4.9256649, 0.48575091, 4.7175374, 0.33102006, 8.0732994, 7.6954813, 46.951683, 1214.4557, 852.53137
4.9004126, 0.48598784, 4.6876030, 0.33155915, 8.0932026, 7.7055597, 46.940891, 1214.4458, 852.53137
4.8747048, 0.48620465, 4.6574564, 0.33204007, 8.1125154, 7.7152190, 46.929241, 1214.4348, 852.53137
4.8484397, 0.48639545, 4.6269741, 0.33244616, 8.1318617, 7.7249532, 46.917751, 1214.4238, 852.53137
4.8214116, 0.48655450, 4.5960193, 0.33275947, 8.1523428, 7.7356329, 46.908134, 1214.4150, 852.53137
4.7932558, 0.48668167, 4.5645947, 0.33297995, 8.1738558, 7.7471790, 46.899975, 1214.4076, 852.53137
4.7651176, 0.48679483, 4.5331006, 0.33315980, 8.1949873, 7.7584662, 46.891556, 1214.3997, 852.53137
4.7372117, 0.48690006, 4.5016747, 0.33331704, 8.2159586, 7.7696710, 46.883327, 1214.3923, 852.53137
4.7090592, 0.48699656, 4.4702950, 0.33344880, 8.2365818, 7.7806439, 46.874718, 1214.3843, 852.53137
4.6808887, 0.48708686, 4.4390192, 0.33356276, 8.2571230, 7.7915974, 46.866272, 1214.3763, 852.53137
4.6526737, 0.48717025, 4.4078317, 0.33365706, 8.2776823, 7.8026090, 46.858124, 1214.3687, 852.53137
4.6243949, 0.48724809, 4.3767595, 0.33373544, 8.2978449, 7.8133516, 46.849621, 1214.3606, 852.53137
4.5960417, 0.48731896, 4.3457699, 0.33379346, 8.3179255, 7.8240719, 46.841244, 1214.3524, 852.53137
4.5678272, 0.48738194, 4.3148365, 0.33382794, 8.3377295, 7.8346148, 46.832829, 1214.3442, 852.53137
4.5393424, 0.48743504, 4.2839174, 0.33383372, 8.3580675, 7.8456221, 46.825344, 1214.3373, 852.53137
4.5108571, 0.48748398, 4.2531390, 0.33382726, 8.3781834, 7.8564963, 46.817795, 1214.3297, 852.53137
4.4826512, 0.48752898, 4.2225094, 0.33380958, 8.3978596, 7.8670635, 46.810005, 1214.3221, 852.53137
4.4544268, 0.48756829, 4.1919823, 0.33377489, 8.4175291, 7.8776674, 46.802483, 1214.3147, 852.53137
4.4258847, 0.48759928, 4.1614981, 0.33371580, 8.4370480, 7.8881993, 46.794857, 1214.3070, 852.53137
4.3986917, 0.48762214, 4.1310582, 0.33361974, 8.4562473, 7.8985052, 46.787731, 1214.2996, 852.53137
4.3918290, 0.48764187, 4.1007795, 0.33339158, 8.4682589, 7.9029641, 46.780933, 1214.2921, 852.53137
4.3849678, 0.48766065, 4.0707068, 0.33316338, 8.4793568, 7.9067526, 46.773090, 1214.2839, 852.53137
4.3780937, 0.48767683, 4.0408010, 0.33293518, 8.4907608, 7.9108210, 46.765869, 1214.2767, 852.53137
4.3711953, 0.48768941, 4.0110407, 0.33270702, 8.5006285, 7.9137359, 46.756798, 1214.2672, 852.53137
4.3642650, 0.48769754, 3.9813983, 0.33247930, 8.5101547, 7.9164252, 46.747478, 1214.2572, 852.53137
4.3573093, 0.48770183, 3.9518938, 0.33225182, 8.5202551, 7.9195962, 46.739113, 1214.2482, 852.53137
4.3542166, 0.48809853, 3.9317069, 0.33202428, 8.5306082, 7.9230042, 46.731262, 1214.2400, 852.53137
4.3593073, 0.48932934, 3.9309263, 0.33179682, 8.5403967, 7.9259853, 46.722771, 1214.2307, 852.53137
4.3600821, 0.49012122, 3.9200556, 0.33156949, 8.5497608, 7.9286466, 46.713806, 1214.2207, 852.53137
4.3542318, 0.49023753, 3.8936365, 0.33134273, 8.5599146, 7.9319425, 46.705994, 1214.2125, 852.53137
4.3472142, 0.49023378, 3.8646100, 0.33111593, 8.5701942, 7.9353771, 46.698540, 1214.2047, 852.53137
4.3401728, 0.49022630, 3.8357151, 0.33088914, 8.5820866, 7.9400935, 46.693306, 1214.1989, 852.53137
4.3331218, 0.49021673, 3.8069925, 0.33066234, 8.5944424, 7.9452014, 46.688820, 1214.1930, 852.53137
4.3260837, 0.49020723, 3.7784894, 0.33043608, 8.6059904, 7.9497256, 46.683502, 1214.1864, 852.53137
4.3191137, 0.49020341, 3.7503362, 0.33020997, 8.6177444, 7.9544420, 46.678604, 1214.1802, 852.53137
4.3120642, 0.49019033, 3.7221777, 0.32998386, 8.6291723, 7.9589438, 46.673466, 1214.1738, 852.53137
4.3050084, 0.49017543, 3.6941898, 0.32975775, 8.6404867, 7.9633956, 46.668354, 1214.1674, 852.53137
4.2979531, 0.49015945, 3.6663890, 0.32953185, 8.6518841, 7.9679446, 46.663498, 1214.1615, 852.53137
4.2908916, 0.49014160, 3.6387534, 0.32930642, 8.6629944, 7.9723091, 46.658459, 1214.1556, 852.53137
4.2838101, 0.49012044, 3.6112506, 0.32908106, 8.6745405, 7.9770393, 46.654087, 1214.1510, 852.53137
4.2767105, 0.49009648, 3.5838864, 0.32885563, 8.6859808, 7.9817224, 46.649731, 1214.1462, 852.53137
4.2696147, 0.49007186, 3.5567117, 0.32863024, 8.6974335, 7.9864507, 46.645554, 1214.1416, 852.53137
4.2625313, 0.49004719, 3.5297415, 0.32840538, 8.7087021, 7.9910688, 46.641296, 1214.1368, 852.53137
4.2554593, 0.49002257, 3.5029769, 0.32818067, 8.7197704, 7.9955668, 46.636959, 1214.1317, 852.53137
4.2483988, 0.48999789, 3.4764154, 0.32795596, 8.7305565, 7.9998822, 46.632446, 1214.1265, 852.53137
4.2413502, 0.48997325, 3.4500546, 0.32773122, 8.7410297, 8.0039902, 46.627712, 1214.1210, 852.53137
4.2343135, 0.48994863, 3.4238937, 0.32750672, 8.7513685, 8.0080309, 46.622990, 1214.1156, 852.53137
4.2272878, 0.48992395, 3.3979313, 0.32728273, 8.7617550, 8.0121384, 46.618450, 1214.1100, 852.53137
4.2202744, 0.48989934, 3.3721662, 0.32705864, 8.7722263, 8.0163450, 46.614136, 1214.1047, 852.53137
4.2132730, 0.48987466, 3.3465965, 0.32683462, 8.7825432, 8.0204639, 46.609802, 1214.0999, 852.53137
4.2062826, 0.48985004, 3.3212202, 0.32661062, 8.7929974, 8.0247192, 46.605743, 1214.0953, 852.53137
4.1993036, 0.48982534, 3.2960362, 0.32638714, 8.8037519, 8.0292358, 46.602139, 1214.0916, 852.53137
4.1923361, 0.48980072, 3.2710435, 0.32616383, 8.8138266, 8.0332632, 46.597916, 1214.0862, 852.53137
4.1853809, 0.48977605, 3.2462404, 0.32594049, 8.8232956, 8.0368595, 46.593178, 1214.0796, 852.53137
4.1784368, 0.48975143, 3.2216256, 0.32571715, 8.8335457, 8.0410833, 46.589401, 1214.0752, 852.53137
4.1715040, 0.48972675, 3.1971970, 0.32549399, 8.8435450, 8.0451450, 46.585484, 1214.0707, 852.53137
4.1645827, 0.48970214, 3.1729538, 0.32527140, 8.8540955, 8.0496464, 46.582264, 1214.0668, 852.53137
4.1576738, 0.48967746, 3.1488945, 0.32504874, 8.8647680, 8.0542736, 46.579281, 1214.0631, 852.53137
4.1507754, 0.48965281, 3.1250174, 0.32482612, 8.8750753, 8.0586519, 46.576035, 1214.0590, 852.53137
4.1438890, 0.48962820, 3.1013217, 0.32460347, 8.8851452, 8.0628815, 46.572651, 1214.0547, 852.53137
4.1370134, 0.48960352, 3.0778055, 0.32438129, 8.8947783, 8.0668068, 46.568951, 1214.0502, 852.53137
4.1301498, 0.48957890, 3.0544674, 0.32415938, 8.9049454, 8.0711622, 46.565895, 1214.0460, 852.53137
4.1232972, 0.48955423, 3.0313065, 0.32393739, 8.9151316, 8.0755625, 46.562973, 1214.0419, 852.53137
4.1164560, 0.48952961, 3.0083210, 0.32371548, 8.9251080, 8.0798283, 46.559940, 1214.0377, 852.53137
4.1096263, 0.48950490, 2.9855099, 0.32349366, 8.9352674, 8.0842657, 46.557190, 1214.0339, 852.53137
4.1028085, 0.48948029, 2.9628718, 0.32327241, 8.9453058, 8.0886354, 46.554424, 1214.0302, 852.53137
4.0960011, 0.48945561, 2.9404054, 0.32305115, 8.9548340, 8.0926447, 46.551262, 1214.0261, 852.53137
4.0892053, 0.48943099, 2.9181092, 0.32282990, 8.9642859, 8.0966225, 46.548122, 1214.0221, 852.53137
4.0824208, 0.48940632, 2.8959818, 0.32260865, 8.9731169, 8.1001616, 46.544502, 1214.0176, 852.53137
4.0756478, 0.48938170, 2.8740230, 0.32238775, 8.9815502, 8.1034279, 46.540604, 1214.0126, 852.53137
4.0688858, 0.48935702, 2.8522303, 0.32216722, 8.9902916, 8.1069489, 46.537098, 1214.0083, 852.53137
4.0621347, 0.48933238, 2.8306034, 0.32194668, 8.9995804, 8.1109085, 46.534199, 1214.0040, 852.53137
4.0553961, 0.48930776, 2.8091400, 0.32172611, 9.0084381, 8.1145658, 46.530987, 1213.9994, 852.53137
4.0486679, 0.48928308, 2.7878392, 0.32150552, 9.0169077, 8.1179590, 46.527512, 1213.9946, 852.53137
