0.24082401E-3, 0.21953315E-1, 0.28692583E-1, 0.18833885E-3, -0.17022317E-1, 0.29341041E-2, 291.03354
0.24079361E-3, 0.17889630E-1, 0.25118828E-1, 0.0000000, -0.16920760E-1, 0.29186653E-2, 290.99945
0.24076964E-3, 0.17128682E-1, 0.24161259E-1, 0.0000000, -0.16927779E-1, 0.29028291E-2, 290.97119
0.24073744E-3, 0.12691668E-1, 0.19605560E-1, 0.0000000, -0.16942823E-1, 0.28866716E-2, 290.93784
0.24071132E-3, 0.16919130E-1, 0.23586871E-1, 0.0000000, -0.16912162E-1, 0.28706098E-2, 290.90186
0.24068143E-3, 0.18115833E-1, 0.24816193E-1, 0.0000000, -0.16819207E-1, 0.28548122E-2, 290.86450
0.24065544E-3, 0.18377665E-1, 0.25286196E-1, 0.0000000, -0.16738586E-1, 0.28392074E-2, 290.83237
0.24063296E-3, 0.16220475E-1, 0.23302576E-1, 0.0000000, -0.16690299E-1, 0.28236131E-2, 290.80563
0.24050087E-3, 0.18677223E-1, 0.31381093E-1, 0.34799188E-1, -0.15874410E-1, 0.28196068E-2, 290.64243
0.23952055E-3, 0.18779792E-1, 0.35453435E-1, 0.54369796E-1, -0.83521195E-2, 0.29319378E-2, 289.45816
0.23932061E-3, 0.16045351E-1, 0.24115236E-1, 0.50762617E-2, -0.67040864E-2, 0.29691909E-2, 289.22134
0.23947624E-3, 0.15290713E-1, 0.22385523E-1, 0.0000000, -0.77944580E-2, 0.29547859E-2, 289.41037
0.23962319E-3, 0.18077560E-1, 0.24916772E-1, 0.0000000, -0.88384934E-2, 0.29378613E-2, 289.58435
0.23974288E-3, 0.18481927E-1, 0.25089957E-1, 0.0000000, -0.97276866E-2, 0.29210125E-2, 289.72906
0.23984154E-3, 0.19510921E-1, 0.25875358E-1, 0.0000000, -0.10474830E-1, 0.29042414E-2, 289.84818
0.23992486E-3, 0.18179633E-1, 0.24783691E-1, 0.0000000, -0.11136339E-1, 0.28875167E-2, 289.95065
0.24000130E-3, 0.17637545E-1, 0.24391096E-1, 0.0000000, -0.11760351E-1, 0.28708191E-2, 290.04251
0.23994166E-3, 0.20447517E-1, 0.29849557E-1, 0.14916465E-1, -0.11409052E-1, 0.28717008E-2, 289.96640
0.23975542E-3, 0.22734845E-1, 0.30881472E-1, 0.12677000E-1, -0.99973781E-2, 0.28918879E-2, 289.73941
0.23980869E-3, 0.17522473E-1, 0.24484670E-1, 0.0000000, -0.10390768E-1, 0.28821349E-2, 289.80884
0.23989620E-3, 0.15820060E-1, 0.22305422E-1, 0.0000000, -0.11141068E-1, 0.28651876E-2, 289.91678
0.23996549E-3, 0.99567072E-2, 0.16599219E-1, 0.0000000, -0.11796068E-1, 0.28481600E-2, 290.00659
0.24005568E-3, 0.68247039E-2, 0.19438844E-1, 0.32279638E-2, -0.12569331E-1, 0.28333804E-2, 290.11679
0.24016062E-3, 0.65864581E-2, 0.18716693E-1, 0.33475100E-2, -0.13588518E-1, 0.28253419E-2, 290.24405
0.24018557E-3, 0.86219683E-2, 0.16761677E-1, 0.28546972E-2, -0.14043483E-1, 0.28191707E-2, 290.27426
0.24018378E-3, 0.80979913E-2, 0.14836131E-1, 0.26114241E-3, -0.14227337E-1, 0.28106479E-2, 290.27325
0.24019589E-3, 0.74541317E-2, 0.14368985E-1, 0.20708374E-2, -0.14472635E-1, 0.27980097E-2, 290.28671
0.24004547E-3, 0.73566590E-2, 0.19379573E-1, 0.21844164E-1, -0.13453946E-1, 0.28073571E-2, 290.10233
0.23945778E-3, 0.91639981E-2, 0.24606230E-1, 0.54410718E-1, -0.89238854E-2, 0.28750028E-2, 289.38818
0.23875565E-3, 0.11524171E-1, 0.25828209E-1, 0.50365034E-1, -0.34312883E-2, 0.29692883E-2, 288.53616
0.23833044E-3, 0.16719002E-1, 0.28529165E-1, 0.30774215E-1, -0.16482754E-3, 0.30427100E-2, 288.01736
0.23833815E-3, 0.20896111E-1, 0.29751085E-1, 0.11006972E-1, -0.97896933E-4, 0.30687654E-2, 288.02301
0.23854588E-3, 0.24781428E-1, 0.31157311E-1, 0.15280045E-2, -0.15138068E-2, 0.30660923E-2, 288.27115
0.23878610E-3, 0.21950230E-1, 0.28476520E-1, 0.0000000, -0.32370023E-2, 0.30491243E-2, 288.56470
0.23900734E-3, 0.19688344E-1, 0.26472444E-1, 0.0000000, -0.48406553E-2, 0.30308815E-2, 288.83310
0.23919766E-3, 0.13895452E-1, 0.21126609E-1, 0.41323851E-3, -0.62779812E-2, 0.30149336E-2, 289.06787
0.23936645E-3, 0.13516874E-1, 0.20355040E-1, 0.0000000, -0.75721676E-2, 0.29975704E-2, 289.27188
0.23949388E-3, 0.98859295E-2, 0.18108666E-1, 0.47807936E-2, -0.86488388E-2, 0.29840064E-2, 289.42877
0.23944736E-3, 0.73613888E-2, 0.23169894E-1, 0.24611279E-1, -0.84032901E-2, 0.29980626E-2, 289.37360
0.23919507E-3, 0.75680837E-2, 0.24200015E-1, 0.35374295E-1, -0.64852014E-2, 0.30452544E-2, 289.06805
0.23877816E-3, 0.12270128E-1, 0.25226939E-1, 0.34153789E-1, -0.33786634E-2, 0.31120155E-2, 288.56290
0.23871845E-3, 0.13926789E-1, 0.21918794E-1, 0.87250574E-2, -0.28606651E-2, 0.31382656E-2, 288.49380
0.23889459E-3, 0.15108881E-1, 0.21576690E-1, 0.37031173E-3, -0.41291970E-2, 0.31319684E-2, 288.70926
0.23909246E-3, 0.18715369E-1, 0.24824047E-1, 0.0000000, -0.55913320E-2, 0.31169592E-2, 288.94623
0.23925817E-3, 0.21759849E-1, 0.27323343E-1, 0.0000000, -0.68360451E-2, 0.31007002E-2, 289.14368
0.23939414E-3, 0.22611769E-1, 0.28169125E-1, 0.0000000, -0.78855557E-2, 0.30834414E-2, 289.30719
0.23950520E-3, 0.23759106E-1, 0.28943324E-1, 0.0000000, -0.87894984E-2, 0.30651106E-2, 289.44223
0.23960731E-3, 0.18343981E-1, 0.25058320E-1, 0.0000000, -0.96390648E-2, 0.30462840E-2, 289.56958
0.23970811E-3, 0.24984330E-1, 0.30505285E-1, 0.0000000, -0.10430533E-1, 0.30276987E-2, 289.68280
0.23977985E-3, 0.23388334E-1, 0.29447587E-1, 0.0000000, -0.11026460E-1, 0.30093635E-2, 289.77023
0.23983528E-3, 0.31129342E-1, 0.35170898E-1, 0.0000000, -0.11458421E-1, 0.29910957E-2, 289.82935
0.23984798E-3, 0.35588525E-1, 0.38459565E-1, 0.0000000, -0.11577087E-1, 0.29729179E-2, 289.84189
0.23985955E-3, 0.26775315E-1, 0.32138817E-1, 0.0000000, -0.11764350E-1, 0.29548681E-2, 289.86536
0.23990301E-3, 0.14043679E-1, 0.20764414E-1, 0.0000000, -0.12283506E-1, 0.29369507E-2, 289.92905
0.23995549E-3, 0.12711305E-1, 0.19208793E-1, 0.0000000, -0.12859122E-1, 0.29191650E-2, 289.99185
0.23999286E-3, 0.10401758E-1, 0.16864371E-1, 0.0000000, -0.13337500E-1, 0.29015501E-2, 290.03793
0.24002517E-3, 0.10448894E-1, 0.17122608E-1, 0.25900683E-3, -0.13766804E-1, 0.28866078E-2, 290.07526
0.24004585E-3, 0.10234642E-1, 0.16552674E-1, 0.0000000, -0.14117948E-1, 0.28699890E-2, 290.09933
0.24005970E-3, 0.94977189E-2, 0.15900983E-1, 0.91180591E-4, -0.14406555E-1, 0.28527982E-2, 290.11545
0.24006719E-3, 0.97856047E-2, 0.16618026E-1, 0.12583807E-2, -0.14605816E-1, 0.28391192E-2, 290.12262
0.24005448E-3, 0.77591031E-2, 0.13944712E-1, 0.28431424E-3, -0.14623882E-1, 0.28276599E-2, 290.10898
0.24003361E-3, 0.81067784E-2, 0.14955647E-1, 0.29461314E-2, -0.14637838E-1, 0.28145881E-2, 290.08429
0.24001031E-3, 0.93890680E-2, 0.15883954E-1, 0.54127537E-3, -0.14560284E-1, 0.28055401E-2, 290.05472
0.23957038E-3, 0.11441432E-1, 0.26125191E-1, 0.67110404E-1, -0.11067039E-1, 0.28401106E-2, 289.51999
0.23817738E-3, 0.28404012E-1, 0.45151819E-1, 0.77469260E-1, 0.79220574E-3, 0.30120737E-2, 287.82065
0.23784075E-3, 0.18537128E-1, 0.29118421E-1, 0.23026388E-1, 0.36074300E-2, 0.30845385E-2, 287.42514
0.23805737E-3, 0.11919425E-1, 0.19249374E-1, 0.32049941E-2, 0.20114747E-2, 0.30893597E-2, 287.69363
0.23833811E-3, 0.16695259E-1, 0.23429872E-1, 0.27613314E-2, -0.11770340E-3, 0.30783317E-2, 288.03040
0.23814064E-3, 0.12312617E-1, 0.28696442E-1, 0.65360680E-1, 0.99828490E-3, 0.31157220E-2, 287.79590
0.23715223E-3, 0.10630478E-1, 0.31751934E-1, 0.87838799E-1, 0.76045548E-2, 0.32632533E-2, 286.59970
0.23611837E-3, 0.13072578E-1, 0.37058558E-1, 0.95360838E-1, 0.13304221E-1, 0.34346196E-2, 285.34628
0.23549661E-3, 0.20192694E-1, 0.35867412E-1, 0.47328491E-1, 0.16312912E-1, 0.35736347E-2, 284.59030
0.23575706E-3, 0.14567415E-1, 0.23844207E-1, 0.11067652E-1, 0.14808727E-1, 0.36050121E-2, 284.91367
0.23619109E-3, 0.16093051E-1, 0.25719525E-1, 0.12145929E-1, 0.12345928E-1, 0.36076098E-2, 285.43533
0.23648259E-3, 0.16477628E-1, 0.26419571E-1, 0.13870291E-1, 0.10647197E-1, 0.36226991E-2, 285.78519
0.23680790E-3, 0.18193265E-1, 0.27338170E-1, 0.10000662E-1, 0.88663949E-2, 0.36298383E-2, 286.17542
0.23717091E-3, 0.22958228E-1, 0.30653382E-1, 0.51465197E-2, 0.68209791E-2, 0.36270837E-2, 286.60938
0.23752227E-3, 0.23994040E-1, 0.31136079E-1, 0.31793145E-2, 0.47796289E-2, 0.36190806E-2, 287.03323
0.23775762E-3, 0.20612707E-1, 0.30111304E-1, 0.11694638E-1, 0.33721286E-2, 0.36208220E-2, 287.32257
0.23804218E-3, 0.22781685E-1, 0.28631546E-1, 0.34603145E-3, 0.17252208E-2, 0.36142659E-2, 287.66962
0.23833070E-3, 0.29257182E-1, 0.33630095E-1, 0.18487597E-4, -0.17802768E-4, 0.35987825E-2, 288.01593
0.23858875E-3, 0.20778934E-1, 0.27654614E-1, 0.0000000, -0.16368562E-2, 0.35825772E-2, 288.33524
0.23884352E-3, 0.25561545E-1, 0.31303290E-1, 0.0000000, -0.31955121E-2, 0.35664383E-2, 288.63550
0.23902318E-3, 0.41531682E-1, 0.42597633E-1, 0.0000000, -0.42770645E-2, 0.35504876E-2, 288.83731
0.23914597E-3, 0.32517835E-1, 0.36997680E-1, 0.0000000, -0.51022680E-2, 0.35343808E-2, 288.99533
0.23927979E-3, 0.38015850E-1, 0.40469781E-1, 0.0000000, -0.59636715E-2, 0.35180522E-2, 289.15207
0.23939455E-3, 0.27418254E-1, 0.33127423E-1, 0.0000000, -0.67794896E-2, 0.35014495E-2, 289.30106
0.23952582E-3, 0.32736320E-1, 0.36720611E-1, 0.0000000, -0.76546990E-2, 0.34846906E-2, 289.45270
0.23958685E-3, 0.37954286E-1, 0.42118527E-1, 0.77742692E-2, -0.81043234E-2, 0.34698588E-2, 289.52197
0.23940255E-3, 0.30039830E-1, 0.41474797E-1, 0.30183323E-1, -0.69494564E-2, 0.34875404E-2, 289.30661
0.23844188E-3, 0.36653772E-1, 0.65790653E-1, 0.99205002E-1, -0.10268250E-2, 0.36154522E-2, 288.13797
0.23761815E-3, 0.32245796E-1, 0.53125009E-1, 0.56969278E-1, 0.36518273E-2, 0.37563904E-2, 287.14590
0.23743429E-3, 0.36621902E-1, 0.45746855E-1, 0.19504678E-1, 0.46043270E-2, 0.38177248E-2, 286.92026
0.23764829E-3, 0.33516169E-1, 0.39896164E-1, 0.51777274E-2, 0.35290252E-2, 0.38197646E-2, 287.18259
0.23791014E-3, 0.38721301E-1, 0.43069094E-1, 0.26968219E-2, 0.22131845E-2, 0.38113759E-2, 287.49301
0.23801666E-3, 0.29191192E-1, 0.47323145E-1, 0.45049377E-1, 0.14756107E-2, 0.38162509E-2, 287.63004
0.23720441E-3, 0.24284916E-1, 0.57974122E-1, 0.92736661E-1, 0.47820108E-2, 0.39569461E-2, 286.65051
0.23647009E-3, 0.23436228E-1, 0.56414049E-1, 0.78661643E-1, 0.71246866E-2, 0.41085323E-2, 285.76205
0.23593614E-3, 0.21420103E-1, 0.55275556E-1, 0.73905595E-1, 0.83300667E-2, 0.42428030E-2, 285.11771
0.23561213E-3, 0.24294339E-1, 0.52209787E-1, 0.52596550E-1, 0.89865290E-2, 0.43547070E-2, 284.72406
0.23561466E-3, 0.28331265E-1, 0.48726439E-1, 0.32683562E-1, 0.89732073E-2, 0.44195517E-2, 284.72458
0.23581709E-3, 0.38501825E-1, 0.50212540E-1, 0.16813189E-1, 0.85065523E-2, 0.44471943E-2, 284.96118
0.23608838E-3, 0.37161477E-1, 0.47222808E-1, 0.12105581E-1, 0.77512730E-2, 0.44551385E-2, 285.29236
0.23636300E-3, 0.43615900E-1, 0.50493646E-1, 0.93681579E-2, 0.69335215E-2, 0.44573904E-2, 285.61972
0.23661955E-3, 0.47886897E-1, 0.52491803E-1, 0.71675680E-2, 0.61421245E-2, 0.44540088E-2, 285.92654
0.23685106E-3, 0.50048187E-1, 0.53374775E-1, 0.64354613E-2, 0.54117683E-2, 0.44478741E-2, 286.20493
0.23701445E-3, 0.65008588E-1, 0.61070886E-1, 0.57582925E-2, 0.49234782E-2, 0.44405377E-2, 286.38974
0.23712276E-3, 0.55545155E-1, 0.56030232E-1, 0.51206006E-2, 0.45707142E-2, 0.44319257E-2, 286.53201
0.23717970E-3, 0.33682533E-1, 0.59460938E-1, 0.48734359E-1, 0.42752046E-2, 0.44462988E-2, 286.62064
0.23674361E-3, 0.29801644E-1, 0.65615654E-1, 0.72149798E-1, 0.53965473E-2, 0.45618904E-2, 286.09375
0.30900097, 0.29994506E-1, 0.85149609E-1, 0.10924166, 0.94782915E-2, 0.46857973E-2, 283.87802
0.52189535, 0.22121003E-1, 0.12904783, 0.18979521, 0.24367245E-1, 0.49691857E-2, 270.83078
0.20552637, 0.24105867E-1, 0.13951217, 0.16771968, 0.15786745E-1, 0.52728006E-2, 260.73019
0.48663232E-1, 0.28133014E-1, 0.15400909, 0.53063564E-1, 0.24411818E-2, 0.54359431E-2, 258.62271
0.21645681E-3, 0.32514278E-1, 0.16336790, 0.66613324E-1, 0.31942846E-2, 0.55201030E-2, 260.04282
0.21761398E-3, 0.34430049E-1, 0.15990683, 0.77152915E-1, 0.36056454E-2, 0.56162425E-2, 261.72546
0.21854500E-3, 0.34864627E-1, 0.14928459, 0.68807557E-1, 0.35499525E-2, 0.57202182E-2, 263.11038
0.21963882E-3, 0.41020222E-1, 0.16497256, 0.63101023E-1, 0.28272667E-2, 0.58142734E-2, 264.64911
0.60208136E-3, 0.38289230E-1, 0.18693687, 0.75420931E-1, 0.24360986E-2, 0.59034405E-2, 266.57111
0.11872654E-2, 0.42121518E-1, 0.19527581, 0.71246557E-1, 0.20887833E-2, 0.60011200E-2, 268.67639
0.22429322E-3, 0.37362352E-1, 0.17476335, 0.73512472E-1, 0.20433823E-2, 0.60982220E-2, 270.71216
0.18089461, 0.23764752E-1, 0.13438454, 0.65392531E-1, 0.22138855E-2, 0.61849165E-2, 268.74988
0.22391256E-3, 0.20712934E-1, 0.12086952, 0.73395260E-1, 0.23865481E-2, 0.62807766E-2, 269.01196
0.33262849E-1, 0.22143479E-1, 0.12707517, 0.72387405E-1, 0.20501527E-2, 0.63744113E-2, 269.64255
0.56333184, 0.23588937E-1, 0.13537690, 0.56927640E-1, 0.18969012E-2, 0.64633801E-2, 263.88428
0.80739371E-1, 0.29038943E-1, 0.15429920, 0.84141955E-1, 0.39700414E-2, 0.65460620E-2, 256.61774
0.68058893E-1, 0.38654637E-1, 0.17465624, 0.72256133E-1, 0.35440046E-2, 0.66571771E-2, 257.56497
0.10256738E-2, 0.42687807E-1, 0.19255130, 0.79654865E-1, 0.35383308E-2, 0.67548379E-2, 258.24445
0.11841273, 0.35555374E-1, 0.17783222, 0.83688825E-1, 0.36694540E-2, 0.68610278E-2, 258.16193
0.67238504E-3, 0.33844840E-1, 0.16910391, 0.83659522E-1, 0.35848506E-2, 0.69726710E-2, 258.91269
0.21649191E-3, 0.31075127E-1, 0.15019256, 0.84949702E-1, 0.38170107E-2, 0.70855250E-2, 260.25854
0.21714692E-3, 0.37950188E-1, 0.14785331, 0.82570992E-1, 0.43636230E-2, 0.72009750E-2, 261.31750
0.21760627E-3, 0.33699851E-1, 0.11792217, 0.81004836E-1, 0.62327422E-2, 0.73075742E-2, 262.11716
0.21776409E-3, 0.36996130E-1, 0.10365407, 0.70568651E-1, 0.83382912E-2, 0.74140965E-2, 262.50641
0.21777893E-3, 0.44562221E-1, 0.93954198E-1, 0.55108141E-1, 0.97028790E-2, 0.75107301E-2, 262.68054
0.21779434E-3, 0.44063311E-1, 0.80756053E-1, 0.50039355E-1, 0.12164329E-1, 0.75875246E-2, 262.82678
0.21792007E-3, 0.45268442E-1, 0.71296804E-1, 0.35042088E-1, 0.14121920E-1, 0.76392135E-2, 263.07468
0.21823455E-3, 0.33536240E-1, 0.53117950E-1, 0.22761447E-1, 0.17994100E-1, 0.76590045E-2, 263.53781
0.21872541E-3, 0.32259215E-1, 0.49820315E-1, 0.18959673E-1, 0.22363231E-1, 0.76654078E-2, 264.18243
0.21927939E-3, 0.26491050E-1, 0.52349590E-1, 0.39839394E-1, 0.25614031E-1, 0.76725637E-2, 264.89276
0.21924792E-3, 0.23517843E-1, 0.69097668E-1, 0.88900685E-1, 0.21876179E-1, 0.77721630E-2, 264.88217
0.21880692E-3, 0.25471007E-1, 0.81473418E-1, 0.11144365, 0.17387688E-1, 0.79292506E-2, 264.36487
0.21826055E-3, 0.38542196E-1, 0.98007910E-1, 0.10011745, 0.11921163E-1, 0.81056263E-2, 263.70578
0.14041276, 0.32973833E-1, 0.11369583, 0.80801092E-1, 0.69612227E-2, 0.82326345E-2, 262.39993
0.43690372, 0.27902370E-1, 0.15155178, 0.74314952E-1, 0.32176080E-2, 0.83276518E-2, 256.47592
0.21433914E-1, 0.35284549E-1, 0.17699897, 0.79790592E-1, 0.39444356E-2, 0.84252004E-2, 252.14680
0.11392982E-1, 0.36253966E-1, 0.18042782, 0.88871464E-1, 0.42036949E-2, 0.85260319E-2, 253.46027
0.21244102E-3, 0.42172723E-1, 0.19524379, 0.82035542E-1, 0.35944167E-2, 0.86311642E-2, 255.28172
0.10093086, 0.42720851E-1, 0.19711046, 0.76637410E-1, 0.31466254E-2, 0.87295556E-2, 257.02914
0.28436908E-2, 0.36058307E-1, 0.17412227, 0.95195554E-1, 0.42503541E-2, 0.88354032E-2, 256.61340
0.21459330E-3, 0.35679612E-1, 0.16032237, 0.85514665E-1, 0.40552369E-2, 0.89528700E-2, 257.91254
0.89163713E-1, 0.39132398E-1, 0.18002678, 0.88473186E-1, 0.35947016E-2, 0.90605468E-2, 258.28091
0.32319820, 0.31151541E-1, 0.16325335, 0.93875296E-1, 0.45626513E-2, 0.91761434E-2, 253.54469
0.21038309E-3, 0.52322756E-1, 0.21320936, 0.77433012E-1, 0.37002328E-2, 0.92817955E-2, 252.57719
0.80077821, 0.33716772E-1, 0.17577703, 0.82646489E-1, 0.58381269E-2, 0.93729049E-2, 238.85567
0.13095748, 0.26624653E-1, 0.15353470, 0.78374892E-1, 0.58451821E-2, 0.94686374E-2, 235.47568
0.10749479, 0.24986170E-1, 0.14701621, 0.97021952E-1, 0.74053388E-2, 0.95707243E-2, 234.20753
0.50127371E-2, 0.26563514E-1, 0.15253809, 0.97925343E-1, 0.76110451E-2, 0.96929539E-2, 233.51407
0.84875906E-2, 0.25751755E-1, 0.14953560, 0.87704092E-1, 0.65570604E-2, 0.98116575E-2, 234.57645
0.16460280, 0.29860899E-1, 0.16432294, 0.79155028E-1, 0.55775684E-2, 0.99095581E-2, 234.33322
0.18993358, 0.31136673E-1, 0.17032184, 0.79735570E-1, 0.60720136E-2, 0.99928202E-2, 230.70576
0.19550294E-1, 0.44483654E-1, 0.21159361, 0.86247988E-1, 0.62187463E-2, 0.10090564E-1, 230.92476
0.30466205E-1, 0.46203885E-1, 0.21554665, 0.86122580E-1, 0.59569674E-2, 0.10190169E-1, 232.63864
0.19528637E-3, 0.48810560E-1, 0.21175711, 0.85541092E-1, 0.61258916E-2, 0.10292944E-1, 234.57872
0.19678706E-3, 0.53763364E-1, 0.19150367, 0.77746533E-1, 0.67436816E-2, 0.10387735E-1, 236.64502
0.19770178E-3, 0.40535577E-1, 0.15639327, 0.87660372E-1, 0.76463604E-2, 0.10484571E-1, 238.00052
0.29015481, 0.32536328E-1, 0.16601676, 0.64717174E-1, 0.43498906E-2, 0.10577667E-1, 235.59288
0.32561332, 0.34280244E-1, 0.17716976, 0.63908644E-1, 0.43889340E-2, 0.10639369E-1, 230.90413
0.91999146E-3, 0.51961590E-1, 0.22844096, 0.85352562E-1, 0.61724707E-2, 0.10706478E-1, 229.22827
0.39798282E-1, 0.47628786E-1, 0.21272486, 0.85716039E-1, 0.61991382E-2, 0.10802341E-1, 231.12305
0.19380519E-3, 0.51065251E-1, 0.19869961, 0.84972128E-1, 0.70730010E-2, 0.10902734E-1, 232.81044
0.19492539E-3, 0.62337153E-1, 0.17148088, 0.73886715E-1, 0.96892305E-2, 0.10994929E-1, 234.41182
0.19556991E-3, 0.78055777E-1, 0.14697348, 0.57821553E-1, 0.13485621E-1, 0.11070775E-1, 235.41121
0.19585827E-3, 0.57080500E-1, 0.10749738, 0.58085535E-1, 0.17610200E-1, 0.11129725E-1, 235.98326
0.19600001E-3, 0.58590591E-1, 0.11477340, 0.72259776E-1, 0.19758122E-1, 0.11209921E-1, 236.31845
0.19609070E-3, 0.53411476E-1, 0.11367515, 0.82649820E-1, 0.19085923E-1, 0.11300265E-1, 236.56319
0.19615072E-3, 0.40805820E-1, 0.11261100, 0.89698203E-1, 0.15413653E-1, 0.11410794E-1, 236.74680
0.19630847E-3, 0.44185638E-1, 0.11798243, 0.86022079E-1, 0.14968591E-1, 0.11525598E-1, 237.00819
0.19652536E-3, 0.60505409E-1, 0.11550440, 0.58818478E-1, 0.15666744E-1, 0.11621507E-1, 237.30957
0.19681160E-3, 0.64159073E-1, 0.98449156E-1, 0.46109241E-1, 0.20205831E-1, 0.11673299E-1, 237.69370
0.19712573E-3, 0.52050579E-1, 0.76254681E-1, 0.36828578E-1, 0.27002322E-1, 0.11705118E-1, 238.11612
0.19736777E-3, 0.49547695E-1, 0.89129470E-1, 0.76933816E-1, 0.32451540E-1, 0.11762608E-1, 238.43250
0.19755364E-3, 0.58081184E-1, 0.82650833E-1, 0.45702379E-1, 0.31249113E-1, 0.11834011E-1, 238.66394
0.19807849E-3, 0.51168129E-1, 0.67487098E-1, 0.28237859E-1, 0.37334744E-1, 0.11851615E-1, 239.31642
0.19886685E-3, 0.53616397E-1, 0.66454694E-1, 0.22706041E-1, 0.44051476E-1, 0.11843616E-1, 240.27524
0.19953061E-3, 0.45298085E-1, 0.87776765E-1, 0.88732690E-1, 0.48040289E-1, 0.11872143E-1, 241.09062
0.19928746E-3, 0.57701252E-1, 0.98540798E-1, 0.92569791E-1, 0.33353455E-1, 0.12031274E-1, 240.78792
0.19946422E-3, 0.56820184E-1, 0.76113760E-1, 0.37610114E-1, 0.30705843E-1, 0.12095241E-1, 241.00604
0.19999704E-3, 0.72771534E-1, 0.79233073E-1, 0.23064578E-1, 0.36182582E-1, 0.12096587E-1, 241.63684
0.20067528E-3, 0.63607156E-1, 0.69739871E-1, 0.16564813E-1, 0.41802499E-1, 0.12080075E-1, 242.46786
0.20153505E-3, 0.71044222E-1, 0.70816956E-1, 0.10743155E-1, 0.48064839E-1, 0.12051584E-1, 243.50084
0.20247942E-3, 0.86171821E-1, 0.75895824E-1, 0.53287256E-2, 0.53922664E-1, 0.12012314E-1, 244.62848
0.20353304E-3, 0.57312012E-1, 0.66554636E-1, 0.18289411E-1, 0.60166080E-1, 0.11975363E-1, 245.93115
0.20456113E-3, 0.61865725E-1, 0.84112927E-1, 0.52060489E-1, 0.64325415E-1, 0.11986924E-1, 247.16847
0.20520148E-3, 0.69732420E-1, 0.94508424E-1, 0.67207679E-1, 0.60407549E-1, 0.12057998E-1, 247.93411
0.20588834E-3, 0.64070813E-1, 0.71457721E-1, 0.27261140E-1, 0.56615632E-1, 0.12101064E-1, 248.77023
0.20701169E-3, 0.62471006E-1, 0.64103223E-1, 0.11034435E-1, 0.60155071E-1, 0.12071760E-1, 250.12976
0.20811675E-3, 0.64688750E-1, 0.67670219E-1, 0.20697128E-1, 0.61185684E-1, 0.12048098E-1, 251.46219
0.20901971E-3, 0.68501748E-1, 0.70217147E-1, 0.24024919E-1, 0.60138877E-1, 0.12048391E-1, 252.54945
0.21008430E-3, 0.43650400E-1, 0.61713826E-1, 0.42670920E-1, 0.64223535E-1, 0.12033527E-1, 253.86026
0.21084273E-3, 0.60617622E-1, 0.69793031E-1, 0.36130901E-1, 0.62405381E-1, 0.12083457E-1, 254.75891
0.21204665E-3, 0.59086654E-1, 0.56786716E-1, 0.26017330E-2, 0.64217702E-1, 0.12054562E-1, 256.21588
0.47195642E-2, 0.49898837E-1, 0.13712345, 0.22001162, 0.53238839E-1, 0.12140929E-1, 256.52579
0.21058646E-3, 0.43853302E-1, 0.14067192, 0.15436034, 0.10970350E-1, 0.12503454E-1, 254.46370
0.21089432E-3, 0.63864805E-1, 0.15875249, 0.81343547E-1, 0.61008078E-2, 0.12635162E-1, 254.81552
0.21131015E-3, 0.55728048E-1, 0.11722213, 0.64617611E-1, 0.80008842E-2, 0.12714664E-1, 255.32718
0.21145871E-3, 0.79317309E-1, 0.11800347, 0.48029628E-1, 0.85628256E-2, 0.12772545E-1, 255.48441
0.21154183E-3, 0.74793346E-1, 0.10029765, 0.41505389E-1, 0.10664856E-1, 0.12802069E-1, 255.59059
0.16574642, 0.37290558E-1, 0.86226664E-1, 0.73936462E-1, 0.98976297E-2, 0.12831534E-1, 255.05798
0.10948786, 0.36802076E-1, 0.16931631, 0.93339548E-1, 0.42139194E-2, 0.12934458E-1, 250.50510
0.12806433, 0.35919338E-1, 0.16654596, 0.10401956, 0.49636848E-2, 0.13038982E-1, 249.00749
0.37974156E-1, 0.42555895E-1, 0.18394820, 0.86396039E-1, 0.40420825E-2, 0.13151021E-1, 248.10460
0.31678569E-1, 0.41348562E-1, 0.18070500, 0.10157935, 0.46320274E-2, 0.13245278E-1, 249.07990
0.70696613E-2, 0.49220037E-1, 0.19694974, 0.92258088E-1, 0.40483857E-2, 0.13353086E-1, 249.98349
0.20944998E-3, 0.60530126E-1, 0.19676436, 0.78425489E-1, 0.39437390E-2, 0.13441718E-1, 251.67056
0.21040223E-3, 0.77540018E-1, 0.17911184, 0.67328975E-1, 0.48922943E-2, 0.13510263E-1, 253.07820
0.21085991E-3, 0.75593457E-1, 0.13535757, 0.55165067E-1, 0.71282764E-2, 0.13564352E-1, 253.87976
0.21089215E-3, 0.83935015E-1, 0.11886995, 0.44598199E-1, 0.83228620E-2, 0.13603208E-1, 254.11958
0.21084145E-3, 0.74138902E-1, 0.97784854E-1, 0.40024780E-1, 0.11274286E-1, 0.13622642E-1, 254.23750
0.75515844E-1, 0.48257556E-1, 0.12851936, 0.10469410, 0.93774730E-2, 0.13681322E-1, 253.18745
0.21100503E-3, 0.67828514E-1, 0.21632434, 0.73721707E-1, 0.30597611E-2, 0.13783216E-1, 253.43359
0.21217496E-3, 0.72760150E-1, 0.17707421, 0.69063276E-1, 0.44607171E-2, 0.13842154E-1, 255.12560
0.21256080E-3, 0.59481662E-1, 0.12530507, 0.70408605E-1, 0.73213675E-2, 0.13902889E-1, 255.86502
0.21245204E-3, 0.50020687E-1, 0.10050226, 0.53757932E-1, 0.64339978E-2, 0.13972086E-1, 255.96590
0.21243528E-3, 0.45001008E-1, 0.95558077E-1, 0.78646690E-1, 0.93417624E-2, 0.14015660E-1, 256.13199
0.21205356E-3, 0.48658393E-1, 0.11180083, 0.91898352E-1, 0.86650504E-2, 0.14115898E-1, 255.81154
0.21195057E-3, 0.45960117E-1, 0.13146950, 0.92029259E-1, 0.58810944E-2, 0.14223482E-1, 255.80081
0.11657230, 0.34969240E-1, 0.13958609, 0.98683015E-1, 0.42144931E-2, 0.14332444E-1, 254.85069
0.31610347E-1, 0.39031215E-1, 0.16643243, 0.10001408, 0.38525478E-2, 0.14436550E-1, 253.72440
0.50006443, 0.36904488E-1, 0.16277502, 0.79239972E-1, 0.34562291E-2, 0.14533343E-1, 248.25279
0.25475997, 0.39976396E-1, 0.17283344, 0.78484342E-1, 0.39098756E-2, 0.14598972E-1, 241.56979
0.12884100, 0.37528936E-1, 0.16868681, 0.94141260E-1, 0.51497039E-2, 0.14667122E-1, 238.03090
0.15585423, 0.37588090E-1, 0.16905160, 0.84882267E-1, 0.47094924E-2, 0.14756304E-1, 236.36340
0.59905082E-1, 0.30302282E-1, 0.14904635, 0.10170528, 0.62963502E-2, 0.14838963E-1, 234.14272
0.19541962E-3, 0.41632257E-1, 0.17412806, 0.74489497E-1, 0.47791321E-2, 0.14923408E-1, 234.61899
0.19661116E-3, 0.47923263E-1, 0.17268580, 0.74809074E-1, 0.51856609E-2, 0.14962976E-1, 236.31886
0.19757028E-3, 0.63501053E-1, 0.16397925, 0.64421758E-1, 0.64636017E-2, 0.15004347E-1, 237.71211
0.19813977E-3, 0.55774949E-1, 0.12291913, 0.56603711E-1, 0.87318355E-2, 0.15037750E-1, 238.62935
0.19832845E-3, 0.46121038E-1, 0.10651320, 0.73618449E-1, 0.11771178E-1, 0.15076261E-1, 239.05232
0.19836758E-3, 0.57588633E-1, 0.10483054, 0.53222548E-1, 0.11502233E-1, 0.15123026E-1, 239.23750
0.19850093E-3, 0.69773592E-1, 0.98815829E-1, 0.39267078E-1, 0.12990661E-1, 0.15169773E-1, 239.50323
0.12984177E-1, 0.51769890E-1, 0.10968880, 0.57592615E-1, 0.11079565E-1, 0.15226692E-1, 239.65063
0.12931477E-1, 0.53630061E-1, 0.19971007, 0.65770827E-1, 0.34220803E-2, 0.15167583E-1, 240.91451
0.75439684E-1, 0.33689812E-1, 0.15408823, 0.64775385E-1, 0.31542110E-2, 0.15191977E-1, 241.78023
0.34635456E-3, 0.51574949E-1, 0.18955067, 0.76504596E-1, 0.39329985E-2, 0.15227308E-1, 242.51189
0.14386156E-1, 0.68758972E-1, 0.19955131, 0.69601700E-1, 0.42267893E-2, 0.15267978E-1, 244.21156
0.98202331E-3, 0.59131663E-1, 0.20279856, 0.73997386E-1, 0.35627896E-2, 0.15318331E-1, 245.77321
0.20604092E-3, 0.55913094E-1, 0.17331058, 0.72462685E-1, 0.44742390E-2, 0.15350594E-1, 247.61363
0.20659539E-3, 0.46846967E-1, 0.12308807, 0.63146412E-1, 0.55437395E-2, 0.15391229E-1, 248.56024
0.19931628, 0.31957541E-1, 0.13478775, 0.94602726E-1, 0.45725983E-2, 0.15448883E-1, 247.68930
0.30032542, 0.40665377E-1, 0.16956097, 0.87523922E-1, 0.45569502E-2, 0.15515696E-1, 241.36824
0.20317447, 0.37745338E-1, 0.16422191, 0.88106751E-1, 0.50599035E-2, 0.15577854E-1, 237.21100
0.53893805E-1, 0.33291679E-1, 0.15259506, 0.91931075E-1, 0.56993705E-2, 0.15641127E-1, 234.67361
0.19617469E-3, 0.46280753E-1, 0.17569195, 0.78927435E-1, 0.47470983E-2, 0.15713932E-1, 235.53273
0.19717020E-3, 0.50998934E-1, 0.16150080, 0.71150452E-1, 0.53729704E-2, 0.15748961E-1, 236.99936
0.19780912E-3, 0.52079201E-1, 0.13525160, 0.65526150E-1, 0.68951291E-2, 0.15785651E-1, 238.02103
0.19817299E-3, 0.48293836E-1, 0.12870516, 0.73931456E-1, 0.77804485E-2, 0.15828971E-1, 238.68439
0.19835225E-3, 0.39625160E-1, 0.10290909, 0.75600110E-1, 0.10409232E-1, 0.15877988E-1, 239.09299
0.19833981E-3, 0.51938362E-1, 0.10401273, 0.61104611E-1, 0.11056810E-1, 0.15930271E-1, 239.21378
0.19823038E-3, 0.38039647E-1, 0.86776651E-1, 0.83441429E-1, 0.14042122E-1, 0.15972989E-1, 239.21022
0.19806565E-3, 0.47888007E-1, 0.10020044, 0.69773562E-1, 0.11676828E-1, 0.16036034E-1, 239.08841
0.27988704E-1, 0.50029486E-1, 0.17915264, 0.91595225E-1, 0.51397686E-2, 0.16105281E-1, 239.01831
0.20025732E-3, 0.53589109E-1, 0.18869705, 0.71685433E-1, 0.37547550E-2, 0.16151134E-1, 240.60527
0.56215487E-1, 0.52713469E-1, 0.18046415, 0.75728990E-1, 0.41740998E-2, 0.16187515E-1, 242.09261
0.35688743, 0.33337072E-1, 0.14797148, 0.26391158E-1, 0.14151825E-2, 0.16196277E-1, 239.00447
0.14850819E-2, 0.32352313E-1, 0.14470564, 0.85349374E-1, 0.49530189E-2, 0.16187664E-1, 236.03241
0.54915775E-1, 0.21932382E-1, 0.11125355, 0.91603115E-1, 0.61367317E-2, 0.16430138E-1, 236.20154
0.12353248, 0.23792587E-1, 0.11730327, 0.10205583, 0.70594135E-2, 0.16559774E-1, 233.74521
0.31706333E-1, 0.35716236E-1, 0.14968322, 0.87625824E-1, 0.54893601E-2, 0.16424505E-1, 233.00040
0.99410245E-3, 0.39802078E-1, 0.15940288, 0.84436014E-1, 0.50824289E-2, 0.16454099E-1, 233.47333
0.19519366E-3, 0.41104682E-1, 0.14716464, 0.77260606E-1, 0.53687044E-2, 0.16498886E-1, 234.60980
0.19573432E-3, 0.46132814E-1, 0.13354656, 0.71967378E-1, 0.67810193E-2, 0.16541261E-1, 235.50830
0.19600414E-3, 0.44278242E-1, 0.10936537, 0.66359334E-1, 0.88081118E-2, 0.16580122E-1, 236.05705
0.19607178E-3, 0.50350066E-1, 0.95636107E-1, 0.52707780E-1, 0.10788723E-1, 0.16612126E-1, 236.31857
0.19608806E-3, 0.45434419E-1, 0.74667051E-1, 0.45981117E-1, 0.14436635E-1, 0.16631987E-1, 236.49390
0.19607326E-3, 0.34128819E-1, 0.53519696E-1, 0.46134353E-1, 0.24154019E-1, 0.16889147E-1, 236.60547
0.19617283E-3, 0.32430157E-1, 0.45127258E-1, 0.39012574E-1, 0.33919230E-1, 0.17504800E-1, 236.81783
0.19655870E-3, 0.36142509E-1, 0.44370849E-1, 0.30405348E-1, 0.42599004E-1, 0.18398816E-1, 237.34763
0.19721038E-3, 0.40383473E-1, 0.45343876E-1, 0.24972286E-1, 0.50594106E-1, 0.19095151E-1, 238.17932
0.19803867E-3, 0.47338352E-1, 0.48736583E-1, 0.19963574E-1, 0.55624407E-1, 0.19609362E-1, 239.20819
0.19901569E-3, 0.48514493E-1, 0.47599066E-1, 0.12573409E-1, 0.59166305E-1, 0.20292755E-1, 240.41299
0.20024265E-3, 0.31795450E-1, 0.35337456E-1, 0.49186484E-2, 0.64540863E-1, 0.21019142E-1, 241.93071
0.20177715E-3, 0.32985039E-1, 0.35034642E-1, 0.68086840E-4, 0.71373604E-1, 0.21700170E-1, 243.79692
0.20345311E-3, 0.34508526E-1, 0.35326503E-1, 0.0000000, 0.77382542E-1, 0.21996034E-1, 245.83011
0.20521475E-3, 0.35230439E-1, 0.35247169E-1, 0.0000000, 0.81821777E-1, 0.22135703E-1, 247.96490
0.20704309E-3, 0.34325223E-1, 0.34366939E-1, 0.0000000, 0.84987119E-1, 0.22201417E-1, 250.17876
0.20890769E-3, 0.38533766E-1, 0.36422648E-1, 0.0000000, 0.86797044E-1, 0.22260752E-1, 252.43071
0.21075331E-3, 0.40784590E-1, 0.37596345E-1, 0.0000000, 0.87155282E-1, 0.22238169E-1, 254.66180
0.21258723E-3, 0.39887276E-1, 0.36390625E-1, 0.0000000, 0.86791329E-1, 0.22313420E-1, 256.88028
0.21439932E-3, 0.39589897E-1, 0.35868920E-1, 0.0000000, 0.85625075E-1, 0.22322806E-1, 259.07135
0.21618025E-3, 0.38704813E-1, 0.34908857E-1, 0.0000000, 0.84058344E-1, 0.22329682E-1, 261.22507
0.21792972E-3, 0.35599884E-1, 0.32841481E-1, 0.0000000, 0.81933275E-1, 0.22287080E-1, 263.34232
0.21961764E-3, 0.43147903E-1, 0.36657445E-1, 0.0000000, 0.78976825E-1, 0.22266034E-1, 265.37476
0.22121688E-3, 0.35390604E-1, 0.32032691E-1, 0.0000000, 0.75831681E-1, 0.22229498E-1, 267.31564
0.22277000E-3, 0.41524284E-1, 0.34756668E-1, 0.0000000, 0.72509937E-1, 0.22244209E-1, 269.18729
0.22420271E-3, 0.41754480E-1, 0.34477059E-1, 0.0000000, 0.68681479E-1, 0.22276405E-1, 270.91971
0.22557884E-3, 0.32834146E-1, 0.29039169E-1, 0.0000000, 0.64945847E-1, 0.22357181E-1, 272.59320
0.22693731E-3, 0.26629103E-1, 0.24784889E-1, 0.0000000, 0.61067991E-1, 0.22566082E-1, 274.24399
0.22822899E-3, 0.28898148E-1, 0.25740398E-1, 0.0000000, 0.56811970E-1, 0.22430794E-1, 275.80612
0.22942212E-3, 0.27913528E-1, 0.25314372E-1, 0.0000000, 0.52338850E-1, 0.22240257E-1, 277.25067
0.23052508E-3, 0.30471656E-1, 0.26652480E-1, 0.0000000, 0.47839139E-1, 0.22215325E-1, 278.57986
0.23152500E-3, 0.30250719E-1, 0.26321802E-1, 0.0000000, 0.43357201E-1, 0.22118200E-1, 279.78671
0.23243738E-3, 0.29237354E-1, 0.25560606E-1, 0.0000000, 0.38973860E-1, 0.22029001E-1, 280.88907
0.23325521E-3, 0.31913042E-1, 0.26841467E-1, 0.0000000, 0.34818474E-1, 0.21950549E-1, 281.87421
0.23397293E-3, 0.32213654E-1, 0.26613209E-1, 0.0000000, 0.30911354E-1, 0.21871695E-1, 282.74249
0.23460302E-3, 0.32972172E-1, 0.26935995E-1, 0.0000000, 0.27249191E-1, 0.21714216E-1, 283.50497
0.23517653E-3, 0.27690805E-1, 0.24099350E-1, 0.0000000, 0.23776401E-1, 0.21694385E-1, 284.20334
0.23571045E-3, 0.28693018E-1, 0.24459740E-1, 0.0000000, 0.20364866E-1, 0.21598801E-1, 284.84589
0.23616425E-3, 0.30304678E-1, 0.25386015E-1, 0.0000000, 0.17319292E-1, 0.21407042E-1, 285.39114
0.23655470E-3, 0.29525001E-1, 0.24732623E-1, 0.0000000, 0.14573901E-1, 0.21312747E-1, 285.86420
0.23688636E-3, 0.30916579E-1, 0.25219658E-1, 0.0000000, 0.12155052E-1, 0.21315336E-1, 286.26480
0.23716917E-3, 0.28622370E-1, 0.23742959E-1, 0.0000000, 0.10002275E-1, 0.20734690E-1, 286.60974
0.23742174E-3, 0.27620932E-1, 0.22774296E-1, 0.0000000, 0.79975389E-2, 0.13527943E-1, 286.91724
0.23760629E-3, 0.34809638E-1, 0.26366984E-1, 0.0000000, 0.65331976E-2, 0.13443580E-1, 287.13416
0.23775101E-3, 0.29848043E-1, 0.24405539E-1, 0.0000000, 0.53079003E-2, 0.13359706E-1, 287.31418
0.23783756E-3, 0.44798456E-1, 0.30797454E-1, 0.0000000, 0.46661985E-2, 0.13276237E-1, 287.40204
0.23781683E-3, 0.47586698E-1, 0.31772494E-1, 0.0000000, 0.49692327E-2, 0.13193103E-1, 287.37311
0.23781523E-3, 0.39503064E-1, 0.28636821E-1, 0.0000000, 0.50462484E-2, 0.13110281E-1, 287.37827
0.23787649E-3, 0.32040752E-1, 0.26956800E-1, 0.92400173E-2, 0.44249799E-2, 0.13031066E-1, 287.45819
0.23762773E-3, 0.30465825E-1, 0.29314097E-1, 0.29707488E-1, 0.67186411E-2, 0.13013684E-1, 287.15649
0.23740994E-3, 0.37004329E-1, 0.31082219E-1, 0.14928755E-1, 0.89607928E-2, 0.13006262E-1, 286.88464
0.23753685E-3, 0.35060644E-1, 0.27186513E-1, 0.0000000, 0.78826025E-2, 0.12951317E-1, 287.03973
0.23768327E-3, 0.34521356E-1, 0.26076347E-1, 0.0000000, 0.65287743E-2, 0.12871328E-1, 287.21820
0.23785421E-3, 0.20133615E-1, 0.18409744E-1, 0.0000000, 0.48211315E-2, 0.12790084E-1, 287.43970
0.23807563E-3, 0.16309923E-1, 0.15860915E-1, 0.0000000, 0.25800162E-2, 0.12709228E-1, 287.70956
0.23825049E-3, 0.21761818E-1, 0.18900648E-1, 0.0000000, 0.79786940E-3, 0.12628923E-1, 287.91498
0.23837545E-3, 0.19126756E-1, 0.17499173E-1, 0.0000000, -0.56442549E-3, 0.12549561E-1, 288.06958
0.23848090E-3, 0.21086374E-1, 0.18428275E-1, 0.0000000, -0.17280345E-2, 0.12470314E-1, 288.19553
0.23855874E-3, 0.20806866E-1, 0.18421661E-1, 0.0000000, -0.26222751E-2, 0.12391433E-1, 288.28979
0.23862888E-3, 0.19210154E-1, 0.17571736E-1, 0.0000000, -0.34463392E-2, 0.12313010E-1, 288.37473
0.23868287E-3, 0.21123193E-1, 0.18337661E-1, 0.0000000, -0.41085850E-2, 0.12235080E-1, 288.43863
0.23871758E-3, 0.17627276E-1, 0.15978599E-1, 0.0000000, -0.46282248E-2, 0.12157535E-1, 288.48694
0.23875255E-3, 0.17936552E-1, 0.15965316E-1, 0.0000000, -0.51395595E-2, 0.12080331E-1, 288.53229
0.23877801E-3, 0.17212570E-1, 0.15437587E-1, 0.0000000, -0.55444920E-2, 0.12003544E-1, 288.56604
0.23879767E-3, 0.17814504E-1, 0.15773281E-1, 0.0000000, -0.58587277E-2, 0.11927301E-1, 288.58942
0.23880813E-3, 0.18639930E-1, 0.16165044E-1, 0.0000000, -0.60443059E-2, 0.11851612E-1, 288.59998
0.23880842E-3, 0.19684818E-1, 0.16912384E-1, 0.0000000, -0.60932981E-2, 0.11776472E-1, 288.59784
0.23880013E-3, 0.21171989E-1, 0.17789053E-1, 0.0000000, -0.60308180E-2, 0.11701880E-1, 288.58533
0.23878820E-3, 0.20962067E-1, 0.17905239E-1, 0.0000000, -0.59205708E-2, 0.11627827E-1, 288.57001
0.23878865E-3, 0.19667419E-1, 0.17256172E-1, 0.0000000, -0.59672589E-2, 0.11554313E-1, 288.57010
0.23879630E-3, 0.18540386E-1, 0.16465014E-1, 0.0000000, -0.61134705E-2, 0.11481330E-1, 288.57907
0.23879814E-3, 0.19295815E-1, 0.16678201E-1, 0.0000000, -0.61965152E-2, 0.11408877E-1, 288.58054
0.23879707E-3, 0.17664999E-1, 0.15662223E-1, 0.0000000, -0.62815761E-2, 0.11336950E-1, 288.58234
0.23881275E-3, 0.14420141E-1, 0.13980911E-1, 0.0000000, -0.65882416E-2, 0.11265543E-1, 288.60507
0.23882298E-3, 0.19307839E-1, 0.16413495E-1, 0.0000000, -0.67537776E-2, 0.11194654E-1, 288.61154
0.23879764E-3, 0.22383537E-1, 0.18518982E-1, 0.0000000, -0.64248554E-2, 0.11124279E-1, 288.57721
0.23878618E-3, 0.16210258E-1, 0.14854043E-1, 0.0000000, -0.63746190E-2, 0.11054416E-1, 288.57013
0.23879520E-3, 0.17463552E-1, 0.15482259E-1, 0.0000000, -0.65766308E-2, 0.10985056E-1, 288.58087
0.23880617E-3, 0.13072358E-1, 0.12813247E-1, 0.0000000, -0.68628103E-2, 0.10916198E-1, 288.60040
0.23883299E-3, 0.11631371E-1, 0.11908092E-1, 0.0000000, -0.73635397E-2, 0.10847838E-1, 288.63629
0.23885127E-3, 0.13583867E-1, 0.13025563E-1, 0.0000000, -0.77129258E-2, 0.10779974E-1, 288.65775
0.23884961E-3, 0.15218534E-1, 0.13598510E-1, 0.0000000, -0.77505568E-2, 0.10712599E-1, 288.65387
0.23883178E-3, 0.17087150E-1, 0.15014234E-1, 0.0000000, -0.75421361E-2, 0.10645714E-1, 288.63147
0.23882146E-3, 0.13228684E-1, 0.12446701E-1, 0.0000000, -0.75121201E-2, 0.10579307E-1, 288.62491
0.23882570E-3, 0.12672522E-1, 0.11979010E-1, 0.0000000, -0.76736701E-2, 0.10513386E-1, 288.63162
0.23882693E-3, 0.13560781E-1, 0.12475674E-1, 0.0000000, -0.77547370E-2, 0.10447938E-1, 288.63187
0.23882904E-3, 0.11431270E-1, 0.11353697E-1, 0.0000000, -0.78793243E-2, 0.10382964E-1, 288.63712
0.23884176E-3, 0.11373822E-1, 0.11488182E-1, 0.0000000, -0.81444746E-2, 0.10318459E-1, 288.65225
0.23884483E-3, 0.14044473E-1, 0.13193833E-1, 0.0000000, -0.82452567E-2, 0.10254418E-1, 288.65326
0.23883738E-3, 0.13753644E-1, 0.13144813E-1, 0.0000000, -0.81982836E-2, 0.10190840E-1, 288.64435
0.23882608E-3, 0.17244445E-1, 0.15271503E-1, 0.0000000, -0.80273235E-2, 0.10127720E-1, 288.62576
0.23879272E-3, 0.19868065E-1, 0.16520264E-1, 0.0000000, -0.75115147E-2, 0.10065056E-1, 288.58170
0.23876138E-3, 0.17137889E-1, 0.14936655E-1, 0.0000000, -0.70970319E-2, 0.10002845E-1, 288.54773
0.23875659E-3, 0.13416724E-1, 0.12390038E-1, 0.0000000, -0.71272724E-2, 0.99410843E-2, 288.54657
0.23875752E-3, 0.15978228E-1, 0.13778724E-1, 0.0000000, -0.71494002E-2, 0.98797660E-2, 288.54343
0.23874214E-3, 0.17736373E-1, 0.14975397E-1, 0.0000000, -0.69035478E-2, 0.98188892E-2, 288.52197
