0.33727580, 1.1338217, 0.17960209, 0.81446308, 0.52834541, 0.37526551, 5.0244241, 59.556282, 45.296513
0.33534771, 1.1337801, 0.17843316, 0.81397659, 0.52937359, 0.37595308, 5.0245600, 59.556190, 45.296513
0.33352044, 1.1337391, 0.17727937, 0.81349289, 0.53033662, 0.37659708, 5.0247221, 59.556099, 45.296513
0.33168429, 1.1336974, 0.17612563, 0.81300616, 0.53130180, 0.37724319, 5.0248871, 59.556007, 45.296513
0.32971987, 1.1336560, 0.17498885, 0.81252271, 0.53235072, 0.37794670, 5.0250244, 59.555916, 45.296513
0.32898536, 1.1337255, 0.17501742, 0.81249183, 0.53314799, 0.37846509, 5.0252223, 59.555824, 45.296513
0.32985860, 1.1340228, 0.17664643, 0.81321925, 0.53342205, 0.37865081, 5.0256958, 59.555733, 45.296513
0.32934180, 1.1341119, 0.17648116, 0.81318170, 0.53378761, 0.37890667, 5.0261598, 59.555641, 45.296513
0.32762989, 1.1341020, 0.17552827, 0.81279504, 0.53452569, 0.37942117, 5.0264974, 59.555550, 45.296513
0.32685891, 1.1341813, 0.17530838, 0.81272686, 0.53508854, 0.37980577, 5.0268788, 59.555458, 45.296513
0.32643917, 1.1342821, 0.17530212, 0.81274396, 0.53552663, 0.38010338, 5.0273080, 59.555367, 45.296513
0.32572928, 1.1343505, 0.17506483, 0.81265259, 0.53605616, 0.38046178, 5.0276990, 59.555275, 45.296513
0.32485172, 1.1344057, 0.17475700, 0.81252182, 0.53661948, 0.38084590, 5.0280881, 59.555183, 45.296513
0.32438454, 1.1344883, 0.17474537, 0.81250548, 0.53708130, 0.38115513, 5.0285077, 59.555092, 45.296513
0.32392401, 1.1345648, 0.17471790, 0.81247461, 0.53756183, 0.38147321, 5.0289111, 59.555000, 45.296513
0.32365736, 1.1346471, 0.17478064, 0.81247437, 0.53799266, 0.38175285, 5.0293245, 59.554909, 45.296513
0.32339951, 1.1347189, 0.17476913, 0.81243938, 0.53839332, 0.38201106, 5.0297523, 59.554817, 45.296513
0.32326537, 1.1347952, 0.17483605, 0.81243014, 0.53880370, 0.38226947, 5.0301595, 59.554726, 45.296513
0.32328099, 1.1348734, 0.17494395, 0.81243300, 0.53919619, 0.38250932, 5.0305572, 59.554634, 45.296513
0.32328898, 1.1349461, 0.17500903, 0.81241697, 0.53960651, 0.38275847, 5.0309415, 59.554543, 45.296513
0.32328308, 1.1350191, 0.17508981, 0.81240493, 0.53996766, 0.38297960, 5.0313673, 59.554451, 45.296513
0.32326081, 1.1350877, 0.17514317, 0.81237990, 0.54031217, 0.38319057, 5.0318089, 59.554359, 45.296513
0.32308295, 1.1351432, 0.17505556, 0.81229925, 0.54082167, 0.38350371, 5.0321450, 59.554268, 45.296513
0.32295823, 1.1352009, 0.17500548, 0.81223172, 0.54126441, 0.38377512, 5.0325274, 59.554176, 45.296513
0.32276556, 1.1352543, 0.17491433, 0.81214720, 0.54177564, 0.38408986, 5.0328684, 59.554085, 45.296513
0.32218635, 1.1352845, 0.17457056, 0.81196535, 0.54242814, 0.38450289, 5.0331535, 59.553993, 45.296513
0.32131004, 1.1353012, 0.17408489, 0.81172758, 0.54316700, 0.38497990, 5.0334196, 59.553902, 45.296513
0.32030261, 1.1353105, 0.17352070, 0.81145853, 0.54397869, 0.38550526, 5.0336485, 59.553818, 45.296513
0.31833765, 1.1352665, 0.17235544, 0.81096125, 0.54499561, 0.38619038, 5.0338488, 59.553757, 45.296513
0.31626964, 1.1352125, 0.17109628, 0.81042457, 0.54600805, 0.38687640, 5.0340662, 59.553688, 45.296513
0.31444770, 1.1351866, 0.17011680, 0.80999649, 0.54693836, 0.38750851, 5.0343328, 59.553600, 45.296513
0.31313840, 1.1352212, 0.16974649, 0.80981040, 0.54777157, 0.38807282, 5.0346470, 59.553558, 45.296513
0.31230530, 1.1353065, 0.16988833, 0.80982739, 0.54857260, 0.38860649, 5.0349474, 59.553467, 45.296513
0.31161636, 1.1353986, 0.17012742, 0.80987877, 0.54927444, 0.38907555, 5.0353184, 59.553429, 45.296513
0.31068397, 1.1354587, 0.17006499, 0.80980682, 0.55005354, 0.38959444, 5.0356412, 59.553398, 45.296513
0.30949473, 1.1354898, 0.16971664, 0.80961883, 0.55087966, 0.39014682, 5.0359473, 59.553371, 45.296513
0.30840218, 1.1355257, 0.16944489, 0.80945605, 0.55169624, 0.39068961, 5.0362487, 59.553345, 45.296513
0.30746645, 1.1355724, 0.16931127, 0.80934370, 0.55254114, 0.39124367, 5.0365052, 59.553337, 45.296513
0.30699241, 1.1356508, 0.16954871, 0.80936956, 0.55323225, 0.39169043, 5.0368438, 59.553310, 45.296513
0.30660179, 1.1357298, 0.16980685, 0.80940241, 0.55396354, 0.39215651, 5.0371270, 59.553310, 45.296513
0.30651277, 1.1358268, 0.17027321, 0.80951393, 0.55453902, 0.39251888, 5.0375204, 59.553284, 45.296513
0.30612099, 1.1358981, 0.17045109, 0.80951625, 0.55522537, 0.39295584, 5.0378475, 59.553268, 45.296513
0.30581382, 1.1359710, 0.17065454, 0.80952704, 0.55583799, 0.39334497, 5.0382323, 59.553249, 45.296513
0.30536893, 1.1360290, 0.17070000, 0.80947667, 0.55648309, 0.39375648, 5.0386047, 59.553230, 45.296513
0.30493274, 1.1360821, 0.17069665, 0.80940682, 0.55708539, 0.39414090, 5.0390139, 59.553211, 45.296513
0.30477151, 1.1361461, 0.17083216, 0.80938745, 0.55763847, 0.39448401, 5.0394225, 59.553196, 45.296513
0.30456689, 1.1362020, 0.17087913, 0.80933434, 0.55815727, 0.39480701, 5.0398707, 59.553177, 45.296513
0.30423689, 1.1362469, 0.17080027, 0.80923337, 0.55882746, 0.39522290, 5.0401807, 59.553177, 45.296513
0.30387956, 1.1362892, 0.17069939, 0.80912352, 0.55945563, 0.39561513, 5.0405416, 59.553177, 45.296513
0.30355743, 1.1363311, 0.17059600, 0.80901200, 0.55990177, 0.39589772, 5.0410895, 59.553158, 45.296513
0.30313993, 1.1363634, 0.17038475, 0.80885935, 0.56041539, 0.39622292, 5.0415792, 59.553150, 45.296513
0.30255547, 1.1363864, 0.17006445, 0.80866551, 0.56109101, 0.39665028, 5.0419292, 59.553150, 45.296513
0.30187321, 1.1364418, 0.17007539, 0.80860221, 0.56188071, 0.39716023, 5.0422316, 59.553150, 45.296513
0.30167314, 1.1365552, 0.17070685, 0.80878055, 0.56255114, 0.39758998, 5.0426226, 59.553150, 45.296513
0.30185741, 1.1366919, 0.17160107, 0.80905992, 0.56309575, 0.39793059, 5.0430851, 59.553150, 45.296513
0.30384165, 1.1368263, 0.17246860, 0.80932969, 0.56357330, 0.39822310, 5.0435886, 59.553150, 45.296513
0.30562711, 1.1369294, 0.17299695, 0.80947006, 0.56405717, 0.39852089, 5.0440989, 59.553150, 45.296513
0.30727932, 1.1370084, 0.17327215, 0.80951262, 0.56450427, 0.39879709, 5.0446563, 59.553150, 45.296513
0.30893314, 1.1370784, 0.17345035, 0.80951750, 0.56488538, 0.39903164, 5.0452771, 59.553150, 45.296513
0.31040668, 1.1371264, 0.17338349, 0.80942929, 0.56531084, 0.39929581, 5.0458684, 59.553150, 45.296513
0.31171632, 1.1371588, 0.17313853, 0.80927283, 0.56564522, 0.39951089, 5.0465875, 59.553150, 45.296513
0.31279618, 1.1371760, 0.17272305, 0.80905116, 0.56624532, 0.39989120, 5.0470471, 59.553150, 45.296513
0.31377742, 1.1371880, 0.17225331, 0.80880785, 0.56675762, 0.40022415, 5.0476298, 59.553150, 45.296513
0.31468055, 1.1371959, 0.17174177, 0.80854756, 0.56739509, 0.40063408, 5.0480852, 59.553150, 45.296513
0.31554347, 1.1372049, 0.17124435, 0.80829138, 0.56807142, 0.40106955, 5.0485120, 59.553150, 45.296513
0.31646979, 1.1372226, 0.17084929, 0.80807251, 0.56873548, 0.40149707, 5.0489492, 59.553150, 45.296513
0.31793058, 1.1373711, 0.17177944, 0.80838007, 0.56942755, 0.40195006, 5.0494041, 59.553150, 45.296513
0.31963286, 1.1375409, 0.17289488, 0.80876797, 0.56994176, 0.40229058, 5.0500393, 59.553150, 45.296513
0.32112107, 1.1376622, 0.17353737, 0.80896586, 0.57041240, 0.40260276, 5.0507221, 59.553150, 45.296513
0.32274622, 1.1377734, 0.17410061, 0.80912894, 0.57083046, 0.40287298, 5.0514150, 59.553150, 45.296513
0.32438466, 1.1378665, 0.17448673, 0.80922180, 0.57125509, 0.40314054, 5.0520735, 59.553150, 45.296513
0.32602432, 1.1379439, 0.17471620, 0.80925322, 0.57166731, 0.40339610, 5.0527239, 59.553150, 45.296513
0.32767683, 1.1380162, 0.17489263, 0.80926335, 0.57216746, 0.40370095, 5.0532579, 59.553150, 45.296513
0.32927954, 1.1380836, 0.17501295, 0.80925238, 0.57265174, 0.40399763, 5.0538206, 59.553150, 45.296513
0.33085006, 1.1381454, 0.17507797, 0.80922019, 0.57307774, 0.40426031, 5.0544600, 59.553150, 45.296513
0.33233589, 1.1382002, 0.17506273, 0.80915731, 0.57361621, 0.40459171, 5.0549769, 59.553150, 45.296513
0.33378550, 1.1382535, 0.17503512, 0.80908900, 0.57406616, 0.40487289, 5.0556159, 59.553150, 45.296513
0.33684415, 1.1385978, 0.17735538, 0.81005472, 0.57421011, 0.40496927, 5.0566196, 59.553150, 45.296513
0.33945480, 1.1388702, 0.17896581, 0.81073862, 0.57399648, 0.40485841, 5.0580969, 59.553150, 45.296513
0.34119517, 1.1390245, 0.17958212, 0.81099588, 0.57407719, 0.40493441, 5.0592828, 59.553150, 45.296513
0.34304208, 1.1391679, 0.18018198, 0.81123132, 0.57412446, 0.40498111, 5.0604610, 59.553150, 45.296513
0.34475568, 1.1392907, 0.18064159, 0.81140059, 0.57422227, 0.40505874, 5.0615830, 59.553150, 45.296513
0.34660196, 1.1394125, 0.18113291, 0.81157500, 0.57442927, 0.40519240, 5.0625277, 59.553150, 45.296513
0.34849671, 1.1395295, 0.18160340, 0.81173772, 0.57470912, 0.40536463, 5.0633621, 59.553150, 45.296513
0.35033247, 1.1396364, 0.18199043, 0.81186473, 0.57492810, 0.40550119, 5.0642767, 59.553150, 45.296513
0.35048431, 1.1397343, 0.18230595, 0.81196016, 0.57515198, 0.40563866, 5.0651779, 59.553150, 45.296513
0.35054958, 1.1398221, 0.18252906, 0.81201804, 0.57540572, 0.40579566, 5.0660553, 59.553150, 45.296513
0.35061598, 1.1399060, 0.18272372, 0.81206310, 0.57573491, 0.40599594, 5.0668321, 59.553150, 45.296513
0.35067028, 1.1399837, 0.18285902, 0.81208378, 0.57597476, 0.40614220, 5.0677171, 59.553150, 45.296513
0.35061249, 1.1400453, 0.18283248, 0.81204098, 0.57619697, 0.40627974, 5.0686359, 59.553150, 45.296513
0.35039741, 1.1400923, 0.18265116, 0.81193769, 0.57649052, 0.40646386, 5.0694909, 59.553150, 45.296513
0.35011137, 1.1401322, 0.18239667, 0.81180525, 0.57677001, 0.40664187, 5.0703745, 59.553150, 45.296513
0.34968841, 1.1401626, 0.18204273, 0.81163371, 0.57708216, 0.40684423, 5.0712442, 59.553150, 45.296513
0.34910530, 1.1401844, 0.18159993, 0.81142747, 0.57736731, 0.40703744, 5.0721865, 59.553150, 45.296513
0.34840876, 1.1401999, 0.18108794, 0.81119365, 0.57777929, 0.40730992, 5.0729928, 59.553150, 45.296513
0.34744290, 1.1402063, 0.18047224, 0.81091988, 0.57853258, 0.40779585, 5.0734339, 59.553150, 45.296513
0.34716648, 1.1403162, 0.18097635, 0.81107670, 0.57921863, 0.40823379, 5.0739183, 59.553150, 45.296513
0.34717935, 1.1404467, 0.18170094, 0.81131953, 0.57960898, 0.40848744, 5.0747347, 59.553150, 45.296513
0.34706983, 1.1405389, 0.18203388, 0.81140977, 0.58005702, 0.40877044, 5.0754561, 59.553150, 45.296513
0.34690595, 1.1406089, 0.18213104, 0.81140882, 0.58044553, 0.40901500, 5.0762372, 59.553150, 45.296513
0.34666184, 1.1406645, 0.18206999, 0.81134683, 0.58091778, 0.40930891, 5.0769129, 59.553150, 45.296513
0.34631142, 1.1407096, 0.18189898, 0.81124246, 0.58134288, 0.40957820, 5.0776715, 59.553150, 45.296513
0.34579116, 1.1407422, 0.18158503, 0.81108332, 0.58172756, 0.40982977, 5.0785184, 59.553150, 45.296513
0.34518614, 1.1407694, 0.18121319, 0.81090182, 0.58221471, 0.41014481, 5.0792513, 59.553150, 45.296513
0.34516260, 1.1408975, 0.18190660, 0.81113434, 0.58278805, 0.41050759, 5.0798531, 59.553150, 45.296513
0.34613660, 1.1412210, 0.18418126, 0.81206340, 0.58313960, 0.41074079, 5.0807676, 59.553150, 45.296513
0.34682286, 1.1414546, 0.18561137, 0.81264967, 0.58316475, 0.41077137, 5.0820670, 59.553150, 45.296513
0.34735924, 1.1416306, 0.18655546, 0.81302863, 0.58318025, 0.41078719, 5.0833311, 59.553150, 45.296513
0.34779993, 1.1417818, 0.18728505, 0.81331754, 0.58326083, 0.41083902, 5.0844984, 59.553150, 45.296513
0.34825650, 1.1419348, 0.18803176, 0.81361413, 0.58338451, 0.41091546, 5.0856071, 59.553150, 45.296513
0.34872690, 1.1420817, 0.18872923, 0.81389046, 0.58346468, 0.41096357, 5.0867620, 59.553150, 45.296513
0.34913093, 1.1422162, 0.18931611, 0.81412089, 0.58350223, 0.41098639, 5.0879736, 59.553150, 45.296513
0.34948647, 1.1423409, 0.18981935, 0.81431615, 0.58359230, 0.41103977, 5.0891147, 59.553150, 45.296513
0.35084236, 1.1426568, 0.19151063, 0.81511176, 0.58314711, 0.41077831, 5.0909657, 59.553158, 45.296513
0.35166299, 1.1428760, 0.19233920, 0.81554776, 0.58274949, 0.41054589, 5.0927520, 59.553158, 45.296513
0.35217446, 1.1430423, 0.19268246, 0.81578362, 0.58240116, 0.41034400, 5.0944743, 59.553158, 45.296513
0.35276532, 1.1432170, 0.19307949, 0.81604666, 0.58192950, 0.41006747, 5.0963311, 59.553158, 45.296513
0.35351238, 1.1434194, 0.19370764, 0.81641001, 0.58135951, 0.40973210, 5.0982947, 59.553158, 45.296513
0.35433838, 1.1436361, 0.19443972, 0.81682229, 0.58070791, 0.40934810, 5.1003423, 59.553158, 45.296513
0.35511789, 1.1438432, 0.19508681, 0.81720012, 0.57982320, 0.40882668, 5.1026559, 59.553177, 45.296513
0.35588807, 1.1440476, 0.19571052, 0.81756866, 0.57881093, 0.40822944, 5.1050906, 59.553192, 45.296513
0.35666266, 1.1442528, 0.19634940, 0.81794262, 0.57776183, 0.40760994, 5.1075277, 59.553207, 45.296513
0.35731810, 1.1444353, 0.19684826, 0.81824666, 0.57663769, 0.40694574, 5.1100116, 59.553230, 45.296513
0.35781980, 1.1445937, 0.19707391, 0.81844836, 0.57609141, 0.40662256, 5.1117883, 59.553230, 45.296513
0.35843539, 1.1447704, 0.19749813, 0.81872636, 0.57510567, 0.40603954, 5.1140442, 59.553238, 45.296513
0.35925299, 1.1449847, 0.19821358, 0.81913555, 0.57397270, 0.40536898, 5.1164222, 59.553249, 45.296513
0.35998994, 1.1451834, 0.19877690, 0.81948459, 0.57274687, 0.40464300, 5.1188550, 59.553261, 45.296513
0.36083722, 1.1454055, 0.19950037, 0.81991082, 0.57203943, 0.40422231, 5.1206818, 59.553261, 45.296513
0.36152714, 1.1455994, 0.19998218, 0.82023406, 0.57145524, 0.40387434, 5.1223559, 59.553261, 45.296513
0.36197644, 1.1457494, 0.20011771, 0.82040507, 0.57094914, 0.40357301, 5.1239324, 59.553261, 45.296513
0.36262989, 1.1459371, 0.20056160, 0.82071066, 0.57037753, 0.40323240, 5.1255598, 59.553261, 45.296513
0.36334801, 1.1461352, 0.20114094, 0.82106459, 0.56949812, 0.40270928, 5.1274772, 59.553261, 45.296513
0.36420178, 1.1463588, 0.20191774, 0.82150799, 0.56864178, 0.40219918, 5.1293373, 59.553261, 45.296513
0.36494312, 1.1465602, 0.20251384, 0.82187366, 0.56746995, 0.40150237, 5.1314745, 59.553261, 45.296513
0.36548871, 1.1467246, 0.20290945, 0.82213008, 0.56639773, 0.40086389, 5.1334662, 59.553261, 45.296513
0.36594415, 1.1468713, 0.20326215, 0.82234764, 0.56562293, 0.40040046, 5.1351357, 59.553261, 45.296513
0.36637986, 1.1470146, 0.20363902, 0.82256484, 0.56503195, 0.40004510, 5.1366086, 59.553261, 45.296513
0.36664245, 1.1471394, 0.20387043, 0.82271749, 0.56433189, 0.39962935, 5.1381769, 59.553261, 45.296513
0.36690840, 1.1472501, 0.20402990, 0.82283020, 0.56361204, 0.39919737, 5.1397204, 59.553261, 45.296513
0.36708456, 1.1473436, 0.20407647, 0.82288754, 0.56323928, 0.39897013, 5.1409330, 59.553261, 45.296513
0.36717722, 1.1474209, 0.20399754, 0.82288891, 0.56296045, 0.39879826, 5.1420517, 59.553261, 45.296513
0.36716169, 1.1474788, 0.20373969, 0.82281637, 0.56281978, 0.39870846, 5.1430440, 59.553261, 45.296513
0.36703750, 1.1475222, 0.20334539, 0.82268775, 0.56283927, 0.39871526, 5.1438990, 59.553261, 45.296513
0.36678633, 1.1475556, 0.20285447, 0.82251954, 0.56285346, 0.39872327, 5.1447735, 59.553261, 45.296513
0.36633870, 1.1475768, 0.20223656, 0.82230091, 0.56298214, 0.39880669, 5.1455741, 59.553261, 45.296513
0.36573806, 1.1475928, 0.20156962, 0.82206112, 0.56327456, 0.39899388, 5.1462598, 59.553261, 45.296513
0.36694193, 1.1479268, 0.20331566, 0.82291329, 0.56306434, 0.39887577, 5.1473503, 59.553261, 45.296513
0.36809620, 1.1482100, 0.20454608, 0.82356495, 0.56191766, 0.39819163, 5.1491857, 59.553261, 45.296513
0.36861989, 1.1483713, 0.20489377, 0.82380843, 0.56068641, 0.39745682, 5.1510410, 59.553261, 45.296513
0.36892039, 1.1484892, 0.20498127, 0.82391852, 0.55952442, 0.39676249, 5.1527858, 59.553261, 45.296513
0.36915046, 1.1485937, 0.20502430, 0.82399529, 0.55866510, 0.39624658, 5.1542454, 59.553261, 45.296513
0.36935312, 1.1486930, 0.20505826, 0.82406074, 0.55810297, 0.39590615, 5.1554456, 59.553261, 45.296513
0.37016934, 1.1489110, 0.20575413, 0.82448149, 0.55705804, 0.39527997, 5.1569881, 59.553261, 45.296513
0.37080956, 1.1490954, 0.20617342, 0.82478213, 0.55537063, 0.39427319, 5.1589432, 59.553246, 45.296513
0.37147483, 1.1492848, 0.20666325, 0.82510757, 0.55428851, 0.39362380, 5.1603980, 59.553207, 45.296513
0.37217239, 1.1494808, 0.20712076, 0.82543737, 0.55330890, 0.39303452, 5.1617403, 59.553139, 45.296513
0.37277165, 1.1496578, 0.20741037, 0.82569772, 0.55248928, 0.39253962, 5.1629410, 59.553047, 45.296513
0.37330815, 1.1498231, 0.20760252, 0.82591623, 0.55174077, 0.39208665, 5.1640654, 59.552956, 45.296513
0.37399146, 1.1500171, 0.20802486, 0.82623577, 0.55092400, 0.39159289, 5.1652069, 59.552864, 45.296513
0.37468073, 1.1502125, 0.20848273, 0.82656664, 0.54966038, 0.39083409, 5.1665802, 59.552773, 45.296513
0.37529030, 1.1503924, 0.20885463, 0.82685190, 0.54797840, 0.38982671, 5.1681290, 59.552681, 45.296513
0.37571222, 1.1505367, 0.20905671, 0.82703781, 0.54646707, 0.38891980, 5.1694984, 59.552582, 45.296513
0.37628478, 1.1507097, 0.20942459, 0.82731116, 0.54565644, 0.38842782, 5.1704435, 59.552490, 45.296513
0.37683970, 1.1508800, 0.20963988, 0.82754546, 0.54489964, 0.38796753, 5.1713305, 59.552399, 45.296513
0.37745643, 1.1510628, 0.21001710, 0.82783824, 0.54369301, 0.38724017, 5.1724005, 59.552299, 45.296513
0.37812087, 1.1512547, 0.21056134, 0.82818431, 0.54288101, 0.38674629, 5.1732435, 59.552208, 45.296513
0.37868321, 1.1514269, 0.21102558, 0.82847947, 0.54213250, 0.38628989, 5.1740274, 59.552116, 45.296513
0.37913197, 1.1515772, 0.21138181, 0.82871324, 0.54123408, 0.38574407, 5.1748476, 59.552021, 45.296513
0.37947327, 1.1517067, 0.21162379, 0.82888573, 0.54052037, 0.38530755, 5.1755605, 59.551926, 45.296513
0.37976348, 1.1518265, 0.21182385, 0.82903224, 0.53994352, 0.38495216, 5.1761947, 59.551830, 45.296513
0.37998694, 1.1519334, 0.21193624, 0.82913703, 0.53948355, 0.38466609, 5.1767669, 59.551739, 45.296513
0.38020065, 1.1520387, 0.21206906, 0.82924354, 0.53948343, 0.38465315, 5.1771536, 59.551647, 45.296513
0.38092920, 1.1522439, 0.21306807, 0.82971734, 0.53930122, 0.38453197, 5.1776080, 59.551556, 45.296513
0.38226080, 1.1525662, 0.21454789, 0.83050334, 0.53850085, 0.38404292, 5.1782804, 59.551464, 45.296513
0.38299680, 1.1527736, 0.21507628, 0.83087915, 0.53704870, 0.38316575, 5.1791401, 59.551342, 45.296513
0.38375536, 1.1529858, 0.21561272, 0.83126515, 0.53602326, 0.38254184, 5.1797991, 59.551243, 45.296513
0.38449863, 1.1531953, 0.21611345, 0.83163899, 0.53476191, 0.38177702, 5.1804814, 59.551125, 45.296513
0.38510534, 1.1533786, 0.21646309, 0.83193451, 0.53346837, 0.38099253, 5.1811147, 59.550991, 45.296513
0.38557777, 1.1535358, 0.21670090, 0.83216023, 0.53224552, 0.38024950, 5.1816716, 59.550861, 45.296513
0.38601083, 1.1536857, 0.21692754, 0.83237046, 0.53126150, 0.37964824, 5.1821237, 59.550743, 45.296513
0.38665259, 1.1538764, 0.21735878, 0.83269751, 0.52983695, 0.37878409, 5.1826162, 59.550606, 45.296513
0.38707471, 1.1540242, 0.21754955, 0.83289760, 0.52854753, 0.37799978, 5.1830177, 59.550461, 45.296513
0.38751760, 1.1541765, 0.21787278, 0.83313501, 0.52812839, 0.37773389, 5.1832423, 59.550365, 45.296513
0.38799468, 1.1543356, 0.21829076, 0.83340609, 0.52764004, 0.37742648, 5.1834645, 59.550259, 45.296513
0.38836348, 1.1544738, 0.21854801, 0.83360517, 0.52682859, 0.37692618, 5.1837096, 59.550129, 45.296513
0.38885349, 1.1546359, 0.21900080, 0.83388931, 0.52643812, 0.37667677, 5.1838813, 59.550026, 45.296513
0.38976431, 1.1548798, 0.21989831, 0.83441556, 0.52565801, 0.37619463, 5.1840792, 59.549873, 45.296513
0.39063993, 1.1551170, 0.22056049, 0.83487898, 0.52483290, 0.37568524, 5.1842513, 59.549702, 45.296513
0.39140180, 1.1553327, 0.22106427, 0.83527011, 0.52379644, 0.37504935, 5.1844044, 59.549530, 45.296513
0.39206108, 1.1555287, 0.22146611, 0.83560497, 0.52259147, 0.37431234, 5.1845198, 59.549332, 45.296513
0.39257169, 1.1556958, 0.22172730, 0.83585888, 0.52152640, 0.37365836, 5.1845803, 59.549129, 45.296513
0.39297995, 1.1558433, 0.22190507, 0.83606011, 0.52058053, 0.37307516, 5.1845956, 59.548962, 45.296513
0.39326450, 1.1559665, 0.22194444, 0.83618951, 0.51986134, 0.37262711, 5.1845813, 59.548813, 45.296513
0.39358714, 1.1560977, 0.22211345, 0.83636063, 0.51914102, 0.37217811, 5.1845388, 59.548656, 45.296513
0.39454111, 1.1563517, 0.22296883, 0.83689892, 0.51848078, 0.37176484, 5.1844773, 59.548496, 45.296513
0.39531124, 1.1565704, 0.22345899, 0.83729511, 0.51777297, 0.37132284, 5.1843891, 59.548309, 45.296513
0.39604726, 1.1567829, 0.22391084, 0.83767200, 0.51700777, 0.37084606, 5.1842699, 59.548122, 45.296513
0.39651275, 1.1569428, 0.22402053, 0.83788228, 0.51592976, 0.37018207, 5.1840935, 59.547901, 45.296513
0.39716405, 1.1571391, 0.22432522, 0.83819896, 0.51504022, 0.36963049, 5.1838937, 59.547710, 45.296513
0.39774129, 1.1573211, 0.22455938, 0.83847570, 0.51407307, 0.36903194, 5.1836481, 59.547501, 45.296513
0.39833370, 1.1575065, 0.22482991, 0.83876586, 0.51318967, 0.36848333, 5.1833773, 59.547298, 45.296513
0.39873126, 1.1576540, 0.22488089, 0.83894211, 0.51215178, 0.36784199, 5.1830454, 59.547070, 45.296513
0.39907536, 1.1577914, 0.22493900, 0.83910197, 0.51153332, 0.36745134, 5.1827507, 59.546867, 45.296513
0.39966968, 1.1579777, 0.22522840, 0.83939821, 0.51107401, 0.36715576, 5.1824689, 59.546684, 45.296513
0.40017039, 1.1581460, 0.22529951, 0.83961463, 0.51053256, 0.36681101, 5.1821547, 59.546501, 45.296513
0.40069520, 1.1583186, 0.22541037, 0.83984846, 0.50985551, 0.36638477, 5.1817937, 59.546303, 45.296513
0.40128744, 1.1585050, 0.22564752, 0.84013361, 0.50905043, 0.36588165, 5.1813803, 59.546093, 45.296513
0.40187702, 1.1586908, 0.22589548, 0.84042084, 0.50817263, 0.36533478, 5.1809187, 59.545868, 45.296513
0.40242720, 1.1588690, 0.22611354, 0.84068865, 0.50731033, 0.36479685, 5.1804280, 59.545643, 45.296513
0.40295428, 1.1590434, 0.22633910, 0.84095097, 0.50668329, 0.36439976, 5.1799726, 59.545441, 45.296513
0.40353841, 1.1592292, 0.22667056, 0.84125704, 0.50605989, 0.36400470, 5.1794958, 59.545227, 45.296513
0.40401706, 1.1593944, 0.22686763, 0.84149820, 0.50543940, 0.36361119, 5.1790013, 59.545013, 45.296513
0.40440893, 1.1595429, 0.22699918, 0.84169567, 0.50476652, 0.36318588, 5.1784687, 59.544788, 45.296513
0.40474334, 1.1596802, 0.22706881, 0.84186018, 0.50417548, 0.36280954, 5.1779418, 59.544563, 45.296513
0.40506935, 1.1598159, 0.22713521, 0.84202099, 0.50367379, 0.36248687, 5.1774259, 59.544361, 45.296513
0.40530643, 1.1599343, 0.22709827, 0.84212917, 0.50306338, 0.36209875, 5.1768575, 59.544128, 45.296513
0.40549088, 1.1600426, 0.22702253, 0.84221065, 0.50278008, 0.36190680, 5.1763878, 59.543934, 45.296513
0.40569869, 1.1601555, 0.22702816, 0.84231865, 0.50270563, 0.36184016, 5.1759877, 59.543747, 45.296513
0.40590057, 1.1602675, 0.22704956, 0.84242785, 0.50249982, 0.36169472, 5.1755400, 59.543549, 45.296513
0.40600887, 1.1603620, 0.22692755, 0.84247464, 0.50241071, 0.36161950, 5.1751308, 59.543385, 45.296513
0.40603250, 1.1604394, 0.22665532, 0.84245801, 0.50237936, 0.36157885, 5.1747427, 59.543243, 45.296513
0.40661642, 1.1606259, 0.22716378, 0.84280461, 0.50226873, 0.36149085, 5.1743269, 59.543083, 45.296513
0.40727550, 1.1608278, 0.22747833, 0.84313452, 0.50171679, 0.36113781, 5.1737423, 59.542892, 45.296513
0.40771410, 1.1609863, 0.22745672, 0.84331501, 0.50119430, 0.36080241, 5.1731520, 59.542686, 45.296513
0.40818194, 1.1611509, 0.22751981, 0.84352440, 0.50032610, 0.36025956, 5.1724091, 59.542435, 45.296513
0.40873098, 1.1613317, 0.22769037, 0.84378594, 0.49949607, 0.35973921, 5.1716499, 59.542183, 45.296513
0.40934074, 1.1615244, 0.22798696, 0.84409636, 0.49851927, 0.35913056, 5.1707931, 59.541908, 45.296513
0.40991530, 1.1617104, 0.22818998, 0.84437466, 0.49780777, 0.35868075, 5.1700182, 59.541653, 45.296513
0.41039449, 1.1618776, 0.22824824, 0.84458876, 0.49697551, 0.35815826, 5.1691628, 59.541359, 45.296513
0.41087016, 1.1620449, 0.22831939, 0.84480470, 0.49618965, 0.35766342, 5.1682978, 59.541069, 45.296513
0.41147014, 1.1622362, 0.22862208, 0.84511465, 0.49566945, 0.35732806, 5.1675382, 59.540810, 45.296513
0.41202274, 1.1624187, 0.22889030, 0.84540212, 0.49487534, 0.35682788, 5.1666250, 59.540531, 45.296513
0.41250667, 1.1625878, 0.22904792, 0.84564209, 0.49405247, 0.35631019, 5.1656680, 59.540234, 45.296513
0.41298953, 1.1627569, 0.22913881, 0.84586716, 0.49299157, 0.35564908, 5.1645498, 59.539906, 45.296513
0.41340801, 1.1629136, 0.22915958, 0.84605491, 0.49220446, 0.35515225, 5.1635408, 59.539604, 45.296513
0.41373479, 1.1630523, 0.22909822, 0.84619349, 0.49136645, 0.35462466, 5.1624751, 59.539288, 45.296513
0.41396195, 1.1631721, 0.22895059, 0.84627932, 0.49066991, 0.35418206, 5.1614628, 59.539009, 45.296513
0.41413182, 1.1632807, 0.22877479, 0.84633923, 0.49024275, 0.35390136, 5.1605883, 59.538776, 45.296513
0.41454086, 1.1634361, 0.22900400, 0.84657073, 0.49001554, 0.35374099, 5.1598248, 59.538548, 45.296513
0.41528910, 1.1636578, 0.22956207, 0.84699059, 0.48951823, 0.35341793, 5.1588926, 59.538273, 45.296513
0.41592127, 1.1638572, 0.22984947, 0.84731209, 0.48890662, 0.35302609, 5.1578736, 59.537983, 45.296513
0.41649202, 1.1640451, 0.23003556, 0.84759063, 0.48848906, 0.35275078, 5.1569581, 59.537708, 45.296513
0.41706526, 1.1642331, 0.23022665, 0.84787130, 0.48794812, 0.35240093, 5.1559539, 59.537422, 45.296513
0.41771153, 1.1644359, 0.23054576, 0.84820604, 0.48731291, 0.35199425, 5.1548696, 59.537148, 45.296513
0.41837028, 1.1646413, 0.23088752, 0.84855050, 0.48679045, 0.35165524, 5.1538396, 59.536858, 45.296513
0.41889787, 1.1648213, 0.23105955, 0.84881359, 0.48613685, 0.35123727, 5.1527066, 59.536541, 45.296513
0.41923988, 1.1649652, 0.23101962, 0.84896713, 0.48554286, 0.35085484, 5.1515946, 59.536228, 45.296513
0.41945532, 1.1650842, 0.23087107, 0.84905308, 0.48508215, 0.35055274, 5.1505561, 59.535938, 45.296513
0.41962263, 1.1651942, 0.23071581, 0.84912115, 0.48478186, 0.35034722, 5.1496177, 59.535686, 45.296513
0.41973671, 1.1652937, 0.23049355, 0.84915614, 0.48455095, 0.35018361, 5.1487207, 59.535454, 45.296513
0.42003763, 1.1654316, 0.23057798, 0.84932572, 0.48453650, 0.35015094, 5.1479707, 59.535255, 45.296513
0.42059475, 1.1656194, 0.23100276, 0.84965777, 0.48428944, 0.34997791, 5.1470585, 59.535019, 45.296513
0.42103013, 1.1657839, 0.23122729, 0.84990507, 0.48408401, 0.34983003, 5.1461701, 59.534786, 45.296513
0.42130795, 1.1659176, 0.23125605, 0.85005599, 0.48388359, 0.34968522, 5.1452832, 59.534554, 45.296513
0.42151240, 1.1660353, 0.23119842, 0.85015982, 0.48378292, 0.34959996, 5.1444654, 59.534328, 45.296513
0.42172182, 1.1661540, 0.23119238, 0.85027671, 0.48377165, 0.34956861, 5.1437097, 59.534122, 45.296513
0.42188412, 1.1662641, 0.23113538, 0.85036689, 0.48380345, 0.34956333, 5.1429853, 59.533916, 45.296513
0.42193511, 1.1663517, 0.23089199, 0.85037667, 0.48380175, 0.34953803, 5.1422410, 59.533707, 45.296513
0.42262441, 1.1665648, 0.23142534, 0.85077655, 0.48368540, 0.34944382, 5.1414223, 59.533470, 45.296513
0.41981852, 1.1665062, 0.22967052, 0.85019463, 0.48373708, 0.34956324, 5.1403642, 59.533188, 45.296513
0.42065728, 1.1667476, 0.23034471, 0.85067332, 0.48316684, 0.34919560, 5.1392331, 59.532887, 45.296513
0.42101321, 1.1668956, 0.23035553, 0.85084271, 0.48275125, 0.34892115, 5.1381931, 59.532585, 45.296513
0.42122486, 1.1670148, 0.23021020, 0.85092729, 0.48245370, 0.34871778, 5.1372271, 59.532299, 45.296513
0.42137539, 1.1671221, 0.23002869, 0.85098261, 0.48224622, 0.34856859, 5.1363206, 59.532055, 45.296513
0.42148730, 1.1672215, 0.22982842, 0.85102040, 0.48215008, 0.34848648, 5.1354914, 59.531837, 45.296513
0.42160869, 1.1673232, 0.22968701, 0.85107434, 0.48218223, 0.34848177, 5.1347542, 59.531635, 45.296513
0.42235830, 1.1675475, 0.23036505, 0.85152382, 0.48188525, 0.34827888, 5.1337867, 59.531372, 45.296513
0.42299667, 1.1677510, 0.23069200, 0.85185909, 0.48140052, 0.34796286, 5.1326747, 59.531082, 45.296513
0.42342997, 1.1679153, 0.23077515, 0.85207283, 0.48089847, 0.34763646, 5.1315336, 59.530769, 45.296513
0.42371711, 1.1680501, 0.23067030, 0.85219336, 0.48061281, 0.34744003, 5.1305413, 59.530495, 45.296513
0.42412558, 1.1682091, 0.23082520, 0.85241336, 0.48043701, 0.34730989, 5.1296229, 59.530220, 45.296513
0.42450577, 1.1683660, 0.23103935, 0.85264355, 0.48037553, 0.34724954, 5.1287827, 59.530003, 45.296513
0.42478579, 1.1685020, 0.23113608, 0.85281157, 0.48041540, 0.34724987, 5.1280217, 59.529793, 45.296513
0.42497304, 1.1686224, 0.23113504, 0.85293049, 0.48056978, 0.34731984, 5.1273446, 59.529587, 45.296513
0.42509627, 1.1687305, 0.23106277, 0.85301191, 0.48081383, 0.34744406, 5.1267381, 59.529388, 45.296513
0.42514664, 1.1688272, 0.23091945, 0.85305798, 0.48115262, 0.34762627, 5.1262021, 59.529205, 45.296513
0.42515543, 1.1689142, 0.23070973, 0.85307169, 0.48156235, 0.34785089, 5.1257253, 59.529064, 45.296513
0.42513719, 1.1689951, 0.23046459, 0.85306740, 0.48201856, 0.34810346, 5.1252885, 59.528931, 45.296513
0.42509282, 1.1690667, 0.23013997, 0.85302860, 0.48236826, 0.34829095, 5.1247888, 59.528774, 45.296513
0.42490378, 1.1691231, 0.22966866, 0.85292977, 0.48292753, 0.34860831, 5.1244297, 59.528656, 45.296513
0.42471191, 1.1691769, 0.22918864, 0.85282445, 0.48347762, 0.34892008, 5.1240735, 59.528538, 45.296513
0.42446992, 1.1692264, 0.22866932, 0.85270143, 0.48403871, 0.34924001, 5.1237297, 59.528419, 45.296513
0.42573789, 1.1695714, 0.23022850, 0.85355389, 0.48408690, 0.34925163, 5.1230712, 59.528198, 45.296513
0.42630351, 1.1697854, 0.23063615, 0.85392398, 0.48407716, 0.34922966, 5.1223698, 59.527988, 45.296513
0.42675659, 1.1699727, 0.23088452, 0.85421306, 0.48404104, 0.34919065, 5.1216559, 59.527771, 45.296513
0.42720971, 1.1701519, 0.23112008, 0.85448545, 0.48400822, 0.34915137, 5.1209507, 59.527557, 45.296513
0.42761144, 1.1703216, 0.23133479, 0.85473663, 0.48398477, 0.34911767, 5.1202531, 59.527340, 45.296513
0.42816868, 1.1705136, 0.23167792, 0.85505491, 0.48389640, 0.34904256, 5.1195216, 59.527100, 45.296513
0.42862031, 1.1706998, 0.23185806, 0.85532701, 0.48372480, 0.34892148, 5.1187272, 59.526840, 45.296513
0.42871615, 1.1708453, 0.23169687, 0.85545194, 0.48369014, 0.34889051, 5.1179934, 59.526588, 45.296513
0.42904046, 1.1710124, 0.23172477, 0.85565674, 0.48365030, 0.34885025, 5.1172762, 59.526367, 45.296513
0.42939568, 1.1711721, 0.23173004, 0.85584396, 0.48355749, 0.34877455, 5.1165371, 59.526134, 45.296513
0.42972702, 1.1713245, 0.23170719, 0.85601228, 0.48348334, 0.34870932, 5.1158109, 59.525906, 45.296513
0.43001780, 1.1714655, 0.23164655, 0.85615259, 0.48334005, 0.34860170, 5.1150441, 59.525677, 45.296513
0.43026191, 1.1715974, 0.23156667, 0.85627228, 0.48330045, 0.34855625, 5.1143422, 59.525459, 45.296513
0.43047556, 1.1717279, 0.23151991, 0.85639685, 0.48335767, 0.34857050, 5.1136975, 59.525257, 45.296513
0.43062603, 1.1718558, 0.23148334, 0.85651922, 0.48354942, 0.34866837, 5.1131344, 59.525074, 45.296513
0.43081266, 1.1719819, 0.23147108, 0.85664397, 0.48368984, 0.34873301, 5.1125503, 59.524872, 45.296513
0.43103406, 1.1721101, 0.23150726, 0.85678291, 0.48390153, 0.34883934, 5.1120181, 59.524689, 45.296513
0.43122879, 1.1722348, 0.23153469, 0.85691351, 0.48412272, 0.34895176, 5.1114955, 59.524490, 45.296513
0.43125668, 1.1723404, 0.23141678, 0.85697919, 0.48448694, 0.34915397, 5.1110539, 59.524315, 45.296513
0.43124631, 1.1724383, 0.23125698, 0.85702199, 0.48491520, 0.34939471, 5.1106577, 59.524185, 45.296513
0.43122017, 1.1725284, 0.23104699, 0.85703915, 0.48538405, 0.34965873, 5.1102962, 59.524063, 45.296513
0.43116191, 1.1726086, 0.23076031, 0.85702193, 0.48580211, 0.34989136, 5.1099176, 59.523933, 45.296513
0.43108913, 1.1726849, 0.23045072, 0.85699213, 0.48639491, 0.35022879, 5.1096425, 59.523819, 45.296513
0.43093801, 1.1727692, 0.23022580, 0.85699475, 0.48702523, 0.35059530, 5.1093788, 59.523716, 45.296513
0.43082327, 1.1728666, 0.23013681, 0.85705018, 0.48755476, 0.35090330, 5.1090670, 59.523594, 45.296513
0.43085840, 1.1729722, 0.23014747, 0.85714203, 0.48808718, 0.35120723, 5.1087785, 59.523472, 45.296513
0.43086427, 1.1730719, 0.23010783, 0.85721260, 0.48852727, 0.35145587, 5.1084514, 59.523338, 45.296513
0.43086475, 1.1731588, 0.22994590, 0.85723341, 0.48891449, 0.35166970, 5.1081142, 59.523205, 45.296513
0.43077999, 1.1732337, 0.22967179, 0.85720849, 0.48939991, 0.35194391, 5.1078272, 59.523083, 45.296513
0.43065909, 1.1733047, 0.22936152, 0.85716742, 0.48990190, 0.35222897, 5.1075540, 59.522957, 45.296513
0.43044782, 1.1733717, 0.22901998, 0.85711217, 0.49046925, 0.35255724, 5.1073093, 59.522835, 45.296513
0.43027183, 1.1734381, 0.22868320, 0.85705644, 0.49114794, 0.35295039, 5.1071239, 59.522743, 45.296513
0.43006176, 1.1735035, 0.22834374, 0.85699815, 0.49177325, 0.35331333, 5.1069207, 59.522629, 45.296513
0.42982867, 1.1735615, 0.22792709, 0.85690856, 0.49230537, 0.35361981, 5.1066904, 59.522507, 45.296513
0.42943645, 1.1736066, 0.22737798, 0.85676664, 0.49291259, 0.35397658, 5.1064882, 59.522392, 45.296513
0.42901474, 1.1736475, 0.22679220, 0.85660881, 0.49350640, 0.35432622, 5.1062889, 59.522278, 45.296513
0.42851251, 1.1736832, 0.22615613, 0.85642964, 0.49423850, 0.35476169, 5.1061416, 59.522186, 45.296513
0.42837507, 1.1737740, 0.22609203, 0.85647297, 0.49491784, 0.35516140, 5.1059918, 59.522095, 45.296513
0.42839748, 1.1739024, 0.22637431, 0.85665894, 0.49558803, 0.35555750, 5.1058416, 59.522003, 45.296513
0.42847911, 1.1740206, 0.22654474, 0.85680223, 0.49615410, 0.35588512, 5.1056733, 59.521904, 45.296513
0.42830589, 1.1741155, 0.22648159, 0.85685378, 0.49671206, 0.35621545, 5.1055017, 59.521790, 45.296513
0.42813349, 1.1742052, 0.22637081, 0.85688531, 0.49739879, 0.35662124, 5.1053753, 59.521698, 45.296513
0.42803788, 1.1742948, 0.22626585, 0.85691810, 0.49795601, 0.35694566, 5.1052260, 59.521587, 45.296513
0.42766675, 1.1743728, 0.22603360, 0.85690129, 0.49863645, 0.35735556, 5.1051025, 59.521473, 45.296513
0.42729533, 1.1744480, 0.22578745, 0.85687655, 0.49929032, 0.35774899, 5.1049819, 59.521358, 45.296513
0.42685229, 1.1745151, 0.22546788, 0.85682100, 0.49997020, 0.35815978, 5.1048727, 59.521248, 45.296513
0.42682981, 1.1746442, 0.22571944, 0.85699952, 0.50069326, 0.35859081, 5.1047840, 59.521156, 45.296513
0.42735189, 1.1748791, 0.22676368, 0.85753888, 0.50103730, 0.35879520, 5.1046271, 59.521030, 45.296513
0.42770225, 1.1750780, 0.22731258, 0.85790676, 0.50137371, 0.35899401, 5.1044741, 59.520908, 45.296513
0.42780480, 1.1752243, 0.22741462, 0.85808378, 0.50173759, 0.35920808, 5.1043344, 59.520790, 45.296513
0.42788810, 1.1753757, 0.22751142, 0.85826892, 0.50189161, 0.35929948, 5.1041613, 59.520638, 45.296513
0.42800927, 1.1755137, 0.22754179, 0.85841578, 0.50210720, 0.35942173, 5.1040082, 59.520493, 45.296513
0.42815992, 1.1756430, 0.22753026, 0.85853785, 0.50233144, 0.35954514, 5.1038628, 59.520367, 45.296513
0.42822394, 1.1757617, 0.22746226, 0.85862958, 0.50244957, 0.35960713, 5.1037030, 59.520222, 45.296513
0.42833784, 1.1758784, 0.22740631, 0.85872030, 0.50266290, 0.35972261, 5.1035647, 59.520096, 45.296513
0.42840508, 1.1759853, 0.22728464, 0.85877866, 0.50267726, 0.35971937, 5.1033983, 59.519939, 45.296513
0.42844519, 1.1760855, 0.22712401, 0.85881680, 0.50291044, 0.35984638, 5.1032677, 59.519806, 45.296513
0.42850682, 1.1761855, 0.22698367, 0.85885888, 0.50306869, 0.35992754, 5.1031303, 59.519672, 45.296513
0.42797986, 1.1762538, 0.22654256, 0.85877866, 0.50377285, 0.36035794, 5.1030617, 59.519581, 45.296513
0.42700842, 1.1763074, 0.22596374, 0.85864174, 0.50466764, 0.36092252, 5.1030140, 59.519489, 45.296513
0.42553601, 1.1763389, 0.22517081, 0.85841763, 0.50572419, 0.36160514, 5.1029825, 59.519398, 45.296513
0.42428774, 1.1763909, 0.22459872, 0.85827744, 0.50672871, 0.36225054, 5.1029568, 59.519306, 45.296513
0.42339200, 1.1764655, 0.22426517, 0.85822856, 0.50762582, 0.36281893, 5.1029344, 59.519215, 45.296513
0.42172670, 1.1764902, 0.22343250, 0.85798162, 0.50876588, 0.36356080, 5.1029229, 59.519123, 45.296513
0.42039168, 1.1765395, 0.22286533, 0.85783517, 0.50981349, 0.36423668, 5.1029229, 59.519032, 45.296513
0.41948357, 1.1766161, 0.22259270, 0.85780138, 0.51075691, 0.36483479, 5.1029239, 59.518940, 45.296513
0.41889897, 1.1767058, 0.22246730, 0.85782176, 0.51150143, 0.36530057, 5.1029391, 59.518841, 45.296513
0.41852126, 1.1768008, 0.22240987, 0.85786670, 0.51222730, 0.36574528, 5.1029563, 59.518749, 45.296513
0.41792142, 1.1768774, 0.22217354, 0.85784042, 0.51299202, 0.36622041, 5.1029820, 59.518650, 45.296513
0.41722018, 1.1769453, 0.22185577, 0.85777998, 0.51379251, 0.36672005, 5.1030135, 59.518547, 45.296513
0.41675937, 1.1770198, 0.22161996, 0.85774869, 0.51455587, 0.36718631, 5.1030493, 59.518456, 45.296513
0.41671041, 1.1771083, 0.22154522, 0.85777754, 0.51509923, 0.36750308, 5.1031041, 59.518360, 45.296513
0.41664869, 1.1771886, 0.22138807, 0.85777348, 0.51562744, 0.36780927, 5.1031675, 59.518261, 45.296513
0.41653657, 1.1772579, 0.22112450, 0.85772634, 0.51610959, 0.36808798, 5.1032405, 59.518150, 45.296513
0.41628858, 1.1773180, 0.22076692, 0.85764140, 0.51680756, 0.36849993, 5.1032929, 59.518059, 45.296513
0.41551855, 1.1773592, 0.22020799, 0.85747868, 0.51771194, 0.36905852, 5.1033387, 59.517967, 45.296513
0.41495457, 1.1774137, 0.21980406, 0.85737288, 0.51853788, 0.36956322, 5.1033964, 59.517876, 45.296513
0.41467682, 1.1774828, 0.21956709, 0.85732925, 0.51915050, 0.36992952, 5.1034880, 59.517784, 45.296513
0.41427180, 1.1775429, 0.21924080, 0.85724992, 0.51986825, 0.37036309, 5.1035709, 59.517693, 45.296513
0.41356817, 1.1775898, 0.21876983, 0.85711426, 0.52074140, 0.37090170, 5.1036410, 59.517601, 45.296513
0.41212562, 1.1776029, 0.21792951, 0.85683686, 0.52185643, 0.37161586, 5.1036916, 59.517509, 45.296513
0.41008121, 1.1775870, 0.21676946, 0.85643637, 0.52311540, 0.37244087, 5.1037383, 59.517418, 45.296513
0.40753746, 1.1775445, 0.21531814, 0.85592246, 0.52448928, 0.37335482, 5.1037822, 59.517326, 45.296513
