0.60918776E-3, 0.14835682E-2, 0.40114610E-4, 0.29183047E-8, 0.0000000, 1.4699200, 2.9860945, 18.089445, 131.92999
0.54752908E-3, 0.12986894E-2, 0.40114432E-4, 0.29194804E-8, 0.0000000, 1.4704677, 2.9871821, 18.089445, 131.92999
0.53098821E-3, 0.12490841E-2, 0.40114275E-4, 0.29205527E-8, 0.0000000, 1.4709986, 2.9882364, 18.089445, 131.92999
0.45240831E-3, 0.10134805E-2, 0.40114130E-4, 0.29215144E-8, 0.0000000, 1.4714513, 2.9891353, 18.089445, 131.92999
0.52102457E-3, 0.12191883E-2, 0.40113999E-4, 0.29224749E-8, 0.0000000, 1.4719727, 2.9901707, 18.089445, 131.92999
0.54219051E-3, 0.12826327E-2, 0.40113842E-4, 0.29235285E-8, 0.0000000, 1.4725150, 2.9912477, 18.089445, 131.92999
0.55026583E-3, 0.13068290E-2, 0.40113686E-4, 0.29246259E-8, 0.0000000, 1.4730654, 2.9923401, 18.089445, 131.92999
0.51604537E-3, 0.12042219E-2, 0.40113526E-4, 0.29257028E-8, 0.0000000, 1.4735816, 2.9933653, 18.089445, 131.92999
0.26115435E-3, 0.16215774E-2, 0.40113366E-4, 0.29266822E-8, 0.11766492E-2, 1.4738427, 2.9938838, 18.089445, 131.92999
0.11788090E-3, 0.18319155E-2, 0.40113133E-4, 0.29267353E-8, 0.18138776E-2, 1.4739604, 2.9941175, 18.089445, 131.92999
0.48046740E-3, 0.12459679E-2, 0.40112947E-4, 0.29274068E-8, 0.14781239E-3, 1.4744409, 2.9950716, 18.089445, 131.92999
0.50013751E-3, 0.11565015E-2, 0.40112802E-4, 0.29284046E-8, 0.0000000, 1.4749409, 2.9960647, 18.089445, 131.92999
0.54372696E-3, 0.12871686E-2, 0.40112649E-4, 0.29294442E-8, 0.0000000, 1.4754845, 2.9971437, 18.089445, 131.92999
0.54668129E-3, 0.12960121E-2, 0.40112485E-4, 0.29305123E-8, 0.0000000, 1.4760311, 2.9982290, 18.089445, 131.92999
0.56018459E-3, 0.13364798E-2, 0.40112332E-4, 0.29315992E-8, 0.0000000, 1.4765912, 2.9993410, 18.089445, 131.92999
0.54134871E-3, 0.12799976E-2, 0.40112172E-4, 0.29326934E-8, 0.0000000, 1.4771324, 3.0004156, 18.089445, 131.92999
0.53455745E-3, 0.12596250E-2, 0.40112012E-4, 0.29337739E-8, 0.0000000, 1.4776670, 3.0014768, 18.089445, 131.92999
0.46983088E-3, 0.15414067E-2, 0.40111820E-4, 0.29347822E-8, 0.47385492E-3, 1.4781365, 3.0024095, 18.089445, 131.92999
0.51013875E-3, 0.15945873E-2, 0.40111601E-4, 0.29356899E-8, 0.40649014E-3, 1.4786468, 3.0034223, 18.089445, 131.92999
0.53609326E-3, 0.12641925E-2, 0.40111416E-4, 0.29368024E-8, 0.0000000, 1.4791830, 3.0044870, 18.089445, 131.92999
0.49853255E-3, 0.11515816E-2, 0.40111263E-4, 0.29378155E-8, 0.0000000, 1.4796818, 3.0054770, 18.089445, 131.92999
0.40023992E-3, 0.85691374E-3, 0.40111136E-4, 0.29387353E-8, 0.0000000, 1.4800820, 3.0062716, 18.089445, 131.92999
0.41885767E-3, 0.10034149E-2, 0.40111026E-4, 0.29395517E-8, 0.90318768E-4, 1.4805007, 3.0071027, 18.089445, 131.92999
0.40699253E-3, 0.96606259E-3, 0.40110910E-4, 0.29403959E-8, 0.88549779E-4, 1.4809074, 3.0079100, 18.089445, 131.92999
0.37980688E-3, 0.86507830E-3, 0.40110786E-4, 0.29411429E-8, 0.69148402E-4, 1.4812874, 3.0086644, 18.089445, 131.92999
0.36979892E-3, 0.76563226E-3, 0.40110674E-4, 0.29418774E-8, 0.0000000, 1.4816571, 3.0093982, 18.089445, 131.92999
0.34258398E-3, 0.74145722E-3, 0.40110572E-4, 0.29426162E-8, 0.57172339E-4, 1.4819995, 3.0100782, 18.089445, 131.92999
0.21432144E-3, 0.99992321E-3, 0.40110455E-4, 0.29432154E-8, 0.69743878E-3, 1.4822140, 3.0105038, 18.089445, 131.92999
-0.70662289E-4, 0.12695042E-2, 0.40110332E-4, 0.29433502E-8, 0.18165985E-2, 1.4821435, 3.0103638, 18.089445, 131.92999
-0.23668103E-5, 0.13324462E-2, 0.40110128E-4, 0.29432665E-8, 0.16754044E-2, 1.4821414, 3.0103598, 18.089445, 131.92999
0.27032374E-3, 0.14716714E-2, 0.40109935E-4, 0.29434764E-8, 0.10000319E-2, 1.4824117, 3.0108964, 18.089445, 131.92999
0.51923696E-3, 0.15345856E-2, 0.40109728E-4, 0.29442837E-8, 0.31965671E-3, 1.4829310, 3.0119271, 18.089445, 131.92999
0.64101443E-3, 0.16069986E-2, 0.40109499E-4, 0.29454406E-8, 0.28266171E-4, 1.4835720, 3.0131996, 18.089445, 131.92999
0.60432771E-3, 0.14686224E-2, 0.40109269E-4, 0.29466889E-8, 0.0000000, 1.4841766, 3.0143998, 18.089445, 131.92999
0.56981744E-3, 0.13651585E-2, 0.40109069E-4, 0.29478660E-8, 0.0000000, 1.4847467, 3.0155313, 18.089445, 131.92999
0.47689443E-3, 0.10893886E-2, 0.40108920E-4, 0.29489269E-8, 0.27745282E-5, 1.4852237, 3.0164783, 18.089445, 131.92999
0.46452333E-3, 0.10495093E-2, 0.40108785E-4, 0.29498608E-8, 0.0000000, 1.4856881, 3.0174000, 18.089445, 131.92999
0.38606316E-3, 0.93360140E-3, 0.40108669E-4, 0.29507423E-8, 0.11878439E-3, 1.4860742, 3.0181663, 18.089445, 131.92999
0.24837480E-3, 0.11944295E-2, 0.40108538E-4, 0.29514091E-8, 0.78949862E-3, 1.4863228, 3.0186598, 18.089445, 131.92999
0.14226252E-3, 0.12474323E-2, 0.40108360E-4, 0.29518159E-8, 0.11590077E-2, 1.4864651, 3.0189424, 18.089445, 131.92999
0.17452291E-3, 0.13002574E-2, 0.40108192E-4, 0.29519780E-8, 0.11153161E-2, 1.4866397, 3.0192888, 18.089445, 131.92999
0.41045921E-3, 0.11296434E-2, 0.40108047E-4, 0.29525318E-8, 0.24119213E-3, 1.4870503, 3.0201037, 18.089445, 131.92999
0.48480666E-3, 0.11119079E-2, 0.40107901E-4, 0.29533975E-8, 0.16264216E-5, 1.4875352, 3.0210664, 18.089445, 131.92999
0.54114638E-3, 0.12791398E-2, 0.40107745E-4, 0.29543996E-8, 0.0000000, 1.4880768, 3.0221412, 18.089445, 131.92999
0.58407628E-3, 0.14078054E-2, 0.40107570E-4, 0.29555085E-8, 0.0000000, 1.4886606, 3.0232997, 18.089445, 131.92999
0.59858151E-3, 0.14512682E-2, 0.40107388E-4, 0.29566833E-8, 0.0000000, 1.4892591, 3.0244877, 18.089445, 131.92999
0.61185524E-3, 0.14910381E-2, 0.40107210E-4, 0.29578595E-8, 0.0000000, 1.4898710, 3.0257022, 18.089445, 131.92999
0.54505619E-3, 0.12908007E-2, 0.40107032E-4, 0.29590528E-8, 0.0000000, 1.4904162, 3.0267842, 18.089445, 131.92999
0.63863036E-3, 0.15712598E-2, 0.40106839E-4, 0.29602305E-8, 0.0000000, 1.4910547, 3.0280511, 18.089445, 131.92999
0.62042376E-3, 0.15166703E-2, 0.40106614E-4, 0.29614939E-8, 0.0000000, 1.4916749, 3.0292821, 18.089445, 131.92999
0.71873545E-3, 0.18113190E-2, 0.40106381E-4, 0.29628093E-8, 0.0000000, 1.4923937, 3.0307088, 18.089445, 131.92999
0.77521277E-3, 0.19805706E-2, 0.40106122E-4, 0.29642759E-8, 0.0000000, 1.4931690, 3.0322471, 18.089445, 131.92999
0.66658732E-3, 0.16549707E-2, 0.40105864E-4, 0.29657250E-8, 0.0000000, 1.4938357, 3.0335701, 18.089445, 131.92999
0.47114369E-3, 0.10691710E-2, 0.40105693E-4, 0.29668774E-8, 0.0000000, 1.4943067, 3.0345047, 18.089445, 131.92999
0.44439305E-3, 0.98898495E-3, 0.40105551E-4, 0.29678064E-8, 0.0000000, 1.4947509, 3.0353863, 18.089445, 131.92999
0.40409650E-3, 0.86820161E-3, 0.40105435E-4, 0.29686611E-8, 0.0000000, 1.4951550, 3.0361881, 18.089445, 131.92999
0.40850852E-3, 0.88141789E-3, 0.40105333E-4, 0.29694909E-8, 0.0000000, 1.4955637, 3.0369990, 18.089445, 131.92999
0.39869634E-3, 0.85200195E-3, 0.40105209E-4, 0.29703011E-8, 0.0000000, 1.4959623, 3.0377901, 18.089445, 131.92999
0.38748223E-3, 0.81838493E-3, 0.40105100E-4, 0.29710994E-8, 0.0000000, 1.4963496, 3.0385585, 18.089445, 131.92999
0.39411717E-3, 0.85521420E-3, 0.40104998E-4, 0.29719029E-8, 0.16877555E-4, 1.4967437, 3.0393407, 18.089445, 131.92999
0.35370814E-3, 0.71757205E-3, 0.40104896E-4, 0.29726441E-8, 0.42200600E-6, 1.4970974, 3.0400422, 18.089445, 131.92999
0.34799217E-3, 0.76952082E-3, 0.40104780E-4, 0.29733249E-8, 0.69210837E-4, 1.4974453, 3.0407329, 18.089445, 131.92999
0.38644343E-3, 0.81721344E-3, 0.40104667E-4, 0.29740574E-8, 0.19586791E-5, 1.4978317, 3.0414991, 18.089445, 131.92999
-0.19340440E-3, 0.13440003E-2, 0.40104540E-4, 0.29744256E-8, 0.22568463E-2, 1.4976383, 3.0411160, 18.089445, 131.92999
0.15461244E-4, 0.23226987E-2, 0.40104300E-4, 0.29738227E-8, 0.26080443E-2, 1.4976537, 3.0411463, 18.089445, 131.92999
0.36851203E-3, 0.14978218E-2, 0.40104038E-4, 0.29743759E-8, 0.73314848E-3, 1.4980224, 3.0418777, 18.089445, 131.92999
0.42060702E-3, 0.99007925E-3, 0.40103878E-4, 0.29752198E-8, 0.72136652E-4, 1.4984426, 3.0427117, 18.089445, 131.92999
0.49252121E-3, 0.12049883E-2, 0.40103754E-4, 0.29760958E-8, 0.71527749E-4, 1.4989350, 3.0436885, 18.089445, 131.92999
-0.12699015E-3, 0.14757218E-2, 0.40103587E-4, 0.29766172E-8, 0.21897815E-2, 1.4988077, 3.0434356, 18.089445, 131.92999
-0.33331790E-3, 0.16327258E-2, 0.40103376E-4, 0.29760996E-8, 0.29618144E-2, 1.4984746, 3.0427749, 18.089445, 131.92999
-0.32819493E-3, 0.19054518E-2, 0.40103143E-4, 0.29754024E-8, 0.32180804E-2, 1.4981462, 3.0421236, 18.089445, 131.92999
0.20655095E-3, 0.18440578E-2, 0.40102888E-4, 0.29751122E-8, 0.15611927E-2, 1.4983526, 3.0425329, 18.089445, 131.92999
0.41883154E-3, 0.12257855E-2, 0.40102685E-4, 0.29758209E-8, 0.31211661E-3, 1.4987715, 3.0433640, 18.089445, 131.92999
0.43853433E-3, 0.13220488E-2, 0.40102510E-4, 0.29767284E-8, 0.34917533E-3, 1.4992100, 3.0442343, 18.089445, 131.92999
0.43070779E-3, 0.13578942E-2, 0.40102299E-4, 0.29775693E-8, 0.40822721E-3, 1.4996408, 3.0450888, 18.089445, 131.92999
0.49108156E-3, 0.14049595E-2, 0.40102077E-4, 0.29784961E-8, 0.27493792E-3, 1.5001317, 3.0460629, 18.089445, 131.92999
0.60383463E-3, 0.15751735E-2, 0.40101855E-4, 0.29795888E-8, 0.10796860E-3, 1.5007354, 3.0472608, 18.089445, 131.92999
0.63447497E-3, 0.15998217E-2, 0.40101630E-4, 0.29808080E-8, 0.41096187E-4, 1.5013697, 3.0485189, 18.089445, 131.92999
0.51426020E-3, 0.15470205E-2, 0.40101393E-4, 0.29819196E-8, 0.34725323E-3, 1.5018840, 3.0495391, 18.089445, 131.92999
0.60522038E-3, 0.14708416E-2, 0.40101200E-4, 0.29829790E-8, 0.0000000, 1.5024889, 3.0507395, 18.089445, 131.92999
0.69085439E-3, 0.17274608E-2, 0.40101004E-4, 0.29842213E-8, 0.0000000, 1.5031799, 3.0521102, 18.089445, 131.92999
0.58839738E-3, 0.14203901E-2, 0.40100782E-4, 0.29855320E-8, 0.0000000, 1.5037683, 3.0532775, 18.089445, 131.92999
0.65088255E-3, 0.16076325E-2, 0.40100560E-4, 0.29867750E-8, 0.0000000, 1.5044187, 3.0545678, 18.089445, 131.92999
0.84438024E-3, 0.21874872E-2, 0.40100298E-4, 0.29882212E-8, 0.0000000, 1.5052630, 3.0562427, 18.089445, 131.92999
0.74838358E-3, 0.18997758E-2, 0.40100018E-4, 0.29898175E-8, 0.0000000, 1.5060117, 3.0577278, 18.089445, 131.92999
0.80783153E-3, 0.20779001E-2, 0.40099756E-4, 0.29913476E-8, 0.0000000, 1.5068195, 3.0593302, 18.089445, 131.92999
0.68199565E-3, 0.17007785E-2, 0.40099487E-4, 0.29928582E-8, 0.0000000, 1.5075015, 3.0606830, 18.089445, 131.92999
0.74350921E-3, 0.18850935E-2, 0.40099239E-4, 0.29942728E-8, 0.0000000, 1.5082450, 3.0621579, 18.089445, 131.92999
0.75276941E-3, 0.21620370E-2, 0.40098974E-4, 0.29957863E-8, 0.24812584E-3, 1.5089977, 3.0636508, 18.089445, 131.92999
0.49361092E-3, 0.21288460E-2, 0.40098701E-4, 0.29970970E-8, 0.98829274E-3, 1.5094913, 3.0646298, 18.089445, 131.92999
0.11952117E-3, 0.33767968E-2, 0.40098355E-4, 0.29975800E-8, 0.33468450E-2, 1.5096109, 3.0648668, 18.089445, 131.92999
0.39105347E-3, 0.27265979E-2, 0.40097970E-4, 0.29981089E-8, 0.18893939E-2, 1.5100020, 3.0656428, 18.089445, 131.92999
0.69737557E-3, 0.23477543E-2, 0.40097650E-4, 0.29991454E-8, 0.59833413E-3, 1.5106994, 3.0670261, 18.089445, 131.92999
0.76243561E-3, 0.20473218E-2, 0.40097373E-4, 0.30006506E-8, 0.10514650E-3, 1.5114621, 3.0685389, 18.089445, 131.92999
0.84230863E-3, 0.22099565E-2, 0.40097111E-4, 0.30022480E-8, 0.28804676E-4, 1.5123044, 3.0702093, 18.089445, 131.92999
0.42378178E-3, 0.24280297E-2, 0.40096831E-4, 0.30037191E-8, 0.14945173E-2, 1.5127282, 3.0710499, 18.089445, 131.92999
0.61438193E-4, 0.29743363E-2, 0.40096471E-4, 0.30040743E-8, 0.31193763E-2, 1.5127897, 3.0711720, 18.089445, 131.92999
0.19805279E-3, 0.28941117E-2, 0.40096107E-4, 0.30043492E-8, 0.26319406E-2, 1.5129877, 3.0715647, 18.089445, 131.92999
0.23412985E-3, 0.28355047E-2, 0.40095740E-4, 0.30047866E-8, 0.24659580E-2, 1.5132220, 3.0720291, 18.089445, 131.92999
0.42854602E-3, 0.26780223E-2, 0.40095380E-4, 0.30053842E-8, 0.17291800E-2, 1.5136505, 3.0728791, 18.089445, 131.92999
0.59936184E-3, 0.24991119E-2, 0.40095048E-4, 0.30063778E-8, 0.10414876E-2, 1.5142500, 3.0740678, 18.089445, 131.92999
0.80820266E-3, 0.25750757E-2, 0.40094728E-4, 0.30077543E-8, 0.49412349E-3, 1.5150582, 3.0756705, 18.089445, 131.92999
0.81136450E-3, 0.24215078E-2, 0.40094415E-4, 0.30093426E-8, 0.33183082E-3, 1.5158694, 3.0772793, 18.089445, 131.92999
0.89888019E-3, 0.25889755E-2, 0.40094103E-4, 0.30110157E-8, 0.23751985E-3, 1.5167680, 3.0790613, 18.089445, 131.92999
0.95838291E-3, 0.26911781E-2, 0.40093761E-4, 0.30128566E-8, 0.16180596E-3, 1.5177263, 3.0809619, 18.089445, 131.92999
0.98183460E-3, 0.27361994E-2, 0.40093415E-4, 0.30147742E-8, 0.13671149E-3, 1.5187081, 3.0829084, 18.089445, 131.92999
0.11212074E-2, 0.31304671E-2, 0.40093029E-4, 0.30168044E-8, 0.11353235E-3, 1.5198294, 3.0851319, 18.089445, 131.92999
0.10422237E-2, 0.28718677E-2, 0.40092647E-4, 0.30189566E-8, 0.91736321E-4, 1.5208716, 3.0871983, 18.089445, 131.92999
0.59693155E-3, 0.30474379E-2, 0.40092291E-4, 0.30207281E-8, 0.15947522E-2, 1.5214685, 3.0883818, 18.089445, 131.92999
0.43222768E-3, 0.33626657E-2, 0.40091840E-4, 0.30217140E-8, 0.23998383E-2, 1.5219005, 3.0892382, 18.089445, 131.92999
0.33394981E-3, 0.43634358E-2, 0.40091374E-4, 0.39815568E-5, 0.36852648E-2, 1.5222344, 3.0899005, 18.089445, 131.92999
0.14756725E-3, 0.66130958E-2, 0.40090639E-4, 0.70090978E-5, 0.64777029E-2, 1.5223819, 3.0901926, 18.089445, 131.92999
0.58423029E-3, 0.71496344E-2, 0.40089777E-4, 0.28515462E-5, 0.57135359E-2, 1.5229663, 3.0913515, 18.089445, 131.92999
0.21424789E-2, 0.78929896E-2, 0.40088831E-4, 0.68669436E-6, 0.18080893E-2, 1.5251088, 3.0955992, 18.089447, 131.92999
0.21489542E-2, 0.83732735E-2, 0.40087791E-4, 0.30483962E-8, 0.22677695E-2, 1.5272576, 3.0998590, 18.089449, 131.92999
0.19711412E-2, 0.81964992E-2, 0.40086728E-4, 0.30491352E-8, 0.26222705E-2, 1.5292288, 3.1037667, 18.089451, 131.92999
0.18872896E-2, 0.76524443E-2, 0.40085721E-4, 0.30498601E-8, 0.23308911E-2, 1.5311160, 3.1075075, 18.089451, 131.92999
0.22207845E-2, 0.84571019E-2, 0.40084706E-4, 0.30512823E-8, 0.21375313E-2, 1.5333365, 3.1119089, 18.089455, 131.92999
0.24512948E-2, 0.95839333E-2, 0.40083538E-4, 0.83264080E-8, 0.25720620E-2, 1.5357881, 3.1167674, 18.089462, 131.92999
0.26447724E-2, 0.10012590E-1, 0.40082283E-4, 0.16316251E-7, 0.24220983E-2, 1.5384328, 3.1220090, 18.089476, 131.92999
0.22682846E-2, 0.89617670E-2, 0.40081046E-4, 0.30609204E-8, 0.24989266E-2, 1.5407012, 3.1265037, 18.089478, 131.92999
0.16687103E-2, 0.68913982E-2, 0.40080016E-4, 0.24686337E-5, 0.22234193E-2, 1.5423696, 3.1298101, 18.089478, 131.92999
0.13486040E-2, 0.61981939E-2, 0.40079154E-4, 0.30821505E-8, 0.24903358E-2, 1.5437181, 3.1324821, 18.089478, 131.92999
0.14647620E-2, 0.65161758E-2, 0.40078336E-4, 0.45695037E-6, 0.24601456E-2, 1.5451828, 3.1353841, 18.089478, 131.92999
0.17809510E-2, 0.69417399E-2, 0.40077452E-4, 0.78886333E-5, 0.19337523E-2, 1.5469640, 3.1389129, 18.089478, 131.92999
0.17960365E-2, 0.79119746E-2, 0.40076495E-4, 0.11624222E-5, 0.28613640E-2, 1.5487603, 3.1424718, 18.089481, 131.92999
0.22839401E-2, 0.89561278E-2, 0.40075403E-4, 0.98128498E-6, 0.24465295E-2, 1.5510443, 3.1469965, 18.089491, 131.92999
0.25063322E-2, 0.98743960E-2, 0.40074177E-4, 0.14805114E-7, 0.26987791E-2, 1.5535507, 3.1519613, 18.089506, 131.92999
0.22051448E-2, 0.91201803E-2, 0.40072937E-4, 0.17053198E-5, 0.28443830E-2, 1.5557559, 3.1563289, 18.089514, 131.92999
0.20590522E-2, 0.86728996E-2, 0.40071754E-4, 0.97097477E-8, 0.28365084E-2, 1.5578150, 3.1604073, 18.089520, 131.92999
0.17209726E-2, 0.77030291E-2, 0.40070670E-4, 0.31113077E-8, 0.28789754E-2, 1.5595357, 3.1638155, 18.089520, 131.92999
0.17127225E-2, 0.75828955E-2, 0.40069648E-4, 0.31114387E-8, 0.27840892E-2, 1.5612484, 3.1672070, 18.089523, 131.92999
0.12261331E-2, 0.60474994E-2, 0.40068724E-4, 0.31116538E-8, 0.27061859E-2, 1.5624746, 3.1696351, 18.089523, 131.92999
0.11061227E-2, 0.53152014E-2, 0.40067956E-4, 0.31115932E-8, 0.23350350E-2, 1.5635806, 3.1718252, 18.089523, 131.92999
0.11289953E-2, 0.48171198E-2, 0.40067287E-4, 0.31117218E-8, 0.17711729E-2, 1.5647097, 3.1740608, 18.089523, 131.92999
0.96519227E-3, 0.41397517E-2, 0.40066680E-4, 0.31121998E-8, 0.15851945E-2, 1.5656749, 3.1759722, 18.089523, 131.92999
0.97737287E-3, 0.36541668E-2, 0.40066137E-4, 0.31129836E-8, 0.10656385E-2, 1.5666522, 3.1779075, 18.089523, 131.92999
0.80853887E-3, 0.27218433E-2, 0.40065686E-4, 0.31139415E-8, 0.64089597E-3, 1.5674607, 3.1795082, 18.089523, 131.92999
0.79602218E-3, 0.25522579E-2, 0.40065312E-4, 0.31149605E-8, 0.50943461E-3, 1.5682567, 3.1810839, 18.089523, 131.92999
0.59673813E-3, 0.26811222E-2, 0.40064959E-4, 0.31160110E-8, 0.12315413E-2, 1.5688533, 3.1822653, 18.089523, 131.92999
0.31385772E-3, 0.35381429E-2, 0.40064522E-4, 0.31165759E-8, 0.29274067E-2, 1.5691671, 3.1828866, 18.089523, 131.92999
0.26384895E-3, 0.41710013E-2, 0.40063980E-4, 0.31169387E-8, 0.37062354E-2, 1.5694309, 3.1834092, 18.089523, 131.92999
0.67910162E-3, 0.50166030E-2, 0.40063343E-4, 0.31176228E-8, 0.33103838E-2, 1.5701102, 3.1847541, 18.089523, 131.92999
0.11604837E-2, 0.58185165E-2, 0.40062674E-4, 0.20201592E-5, 0.26720122E-2, 1.5712708, 3.1870513, 18.089523, 131.92999
0.18666851E-2, 0.77553149E-2, 0.40061685E-4, 0.64044639E-5, 0.24908972E-2, 1.5731378, 3.1907475, 18.089523, 131.92999
0.22402324E-2, 0.90571288E-2, 0.40060564E-4, 0.32107923E-6, 0.26796374E-2, 1.5753781, 3.1951823, 18.089533, 131.92999
0.21932994E-2, 0.92324829E-2, 0.40059320E-4, 0.17004818E-6, 0.29943008E-2, 1.5775713, 3.1995237, 18.089544, 131.92999
0.25267461E-2, 0.99906493E-2, 0.40058003E-4, 0.31526981E-8, 0.27557055E-2, 1.5800982, 3.2045248, 18.089558, 131.92999
0.26214912E-2, 0.10086328E-1, 0.40056624E-4, 0.14867736E-5, 0.25674177E-2, 1.5827196, 3.2097132, 18.089571, 131.92999
0.20158086E-2, 0.89099295E-2, 0.40055318E-4, 0.42149725E-7, 0.32027466E-2, 1.5847354, 3.2137024, 18.089575, 131.92999
0.18920277E-2, 0.82033547E-2, 0.40054125E-4, 0.31659733E-8, 0.28685173E-2, 1.5866274, 3.2174463, 18.089581, 131.92999
0.21921082E-2, 0.92109973E-2, 0.40052950E-4, 0.13101607E-5, 0.29761640E-2, 1.5888195, 3.2217836, 18.089590, 131.92999
0.18412753E-2, 0.83524268E-2, 0.40051706E-4, 0.48233283E-5, 0.31634425E-2, 1.5906608, 3.2254272, 18.089590, 131.92999
0.28919175E-2, 0.10907939E-1, 0.40050389E-4, 0.31819247E-8, 0.25819819E-2, 1.5935527, 3.2311485, 18.089607, 131.92999
0.21820138E-2, 0.89927493E-2, 0.40049010E-4, 0.12333280E-4, 0.27785415E-2, 1.5957350, 3.2354655, 18.089613, 131.92999
0.18526549E-2, 0.78542447E-2, 0.40047798E-4, 0.21241760E-5, 0.26369418E-2, 1.5975876, 3.2391307, 18.089613, 131.92999
0.15289318E-2, 0.75198803E-2, 0.40046722E-4, 0.17566043E-5, 0.32687751E-2, 1.5991164, 3.2421548, 18.089613, 131.92999
0.16142837E-2, 0.78013297E-2, 0.40045641E-4, 0.82479573E-7, 0.32963627E-2, 1.6007307, 3.2453475, 18.089613, 131.92999
0.16797350E-2, 0.76468023E-2, 0.40044557E-4, 0.13905112E-6, 0.29477042E-2, 1.6024106, 3.2486703, 18.089613, 131.92999
0.20326956E-2, 0.84019462E-2, 0.40043411E-4, 0.27016088E-5, 0.26455342E-2, 1.6044432, 3.2526903, 18.089619, 131.92999
0.21286148E-2, 0.87077944E-2, 0.40042196E-4, 0.31533375E-5, 0.26639060E-2, 1.6065718, 3.2568998, 18.089626, 131.92999
0.27593174E-2, 0.10817232E-1, 0.40040824E-4, 0.32605530E-6, 0.28877570E-2, 1.6093313, 3.2623570, 18.089645, 131.92999
0.28303599E-2, 0.11019217E-1, 0.40039282E-4, 0.50532975E-6, 0.28773013E-2, 1.6121615, 3.2679534, 18.089666, 131.92999
0.27762169E-2, 0.10825415E-1, 0.40037707E-4, 0.32230916E-8, 0.28464652E-2, 1.6149379, 3.2734427, 18.089684, 131.92999
0.25283829E-2, 0.97896410E-2, 0.40036219E-4, 0.32248000E-8, 0.25540437E-2, 1.6174663, 3.2784412, 18.089699, 131.92999
0.18084724E-2, 0.79938509E-2, 0.40034964E-4, 0.32257959E-8, 0.29107146E-2, 1.6192751, 3.2820170, 18.089705, 131.92999
0.22251252E-2, 0.84845796E-2, 0.40033770E-4, 0.47727608E-5, 0.21539754E-2, 1.6215005, 3.2864163, 18.089710, 131.92999
0.24314183E-2, 0.90535786E-2, 0.40032479E-4, 0.54638313E-5, 0.21054733E-2, 1.6239319, 3.2912221, 18.089718, 131.92999
0.30609348E-2, 0.11672826E-1, 0.40031009E-4, 0.15684062E-7, 0.28431397E-2, 1.6269928, 3.2972720, 18.089739, 131.92999
0.27897060E-2, 0.10869601E-1, 0.40029376E-4, 0.67110665E-6, 0.28510022E-2, 1.6297829, 3.3027859, 18.089760, 131.92999
0.25671721E-2, 0.10152464E-1, 0.40027826E-4, 0.32579814E-8, 0.28008097E-2, 1.6323498, 3.3078587, 18.089777, 131.92999
0.22342342E-2, 0.87608155E-2, 0.40026422E-4, 0.32591099E-8, 0.24074407E-2, 1.6345840, 3.3122730, 18.089788, 131.92999
0.20131606E-2, 0.75074625E-2, 0.40025214E-4, 0.32599956E-8, 0.18186785E-2, 1.6365969, 3.3162503, 18.089800, 131.92999
0.13438769E-2, 0.54896343E-2, 0.40024264E-4, 0.32605372E-8, 0.18031602E-2, 1.6379406, 3.3189051, 18.089802, 131.92999
0.13029113E-2, 0.58595617E-2, 0.40023406E-4, 0.32608496E-8, 0.22930729E-2, 1.6392435, 3.3214791, 18.089808, 131.92999
0.11627384E-2, 0.58018104E-2, 0.40022562E-4, 0.32615481E-8, 0.26527415E-2, 1.6404064, 3.3237767, 18.089811, 131.92999
0.10616372E-2, 0.57458570E-2, 0.40021685E-4, 0.32624565E-8, 0.28979161E-2, 1.6414682, 3.3258739, 18.089811, 131.92999
0.11920804E-2, 0.60182526E-2, 0.40020779E-4, 0.32637473E-8, 0.27807348E-2, 1.6426603, 3.3282290, 18.089813, 131.92999
0.14718410E-2, 0.58901333E-2, 0.40019884E-4, 0.32655081E-8, 0.18209154E-2, 1.6441323, 3.3311367, 18.089823, 131.92999
0.13296055E-2, 0.50187651E-2, 0.40019066E-4, 0.32676282E-8, 0.13774267E-2, 1.6454619, 3.3337634, 18.089825, 131.92999
0.10593140E-2, 0.38859372E-2, 0.40018374E-4, 0.32695819E-8, 0.10548588E-2, 1.6465213, 3.3358557, 18.089825, 131.92999
0.81102422E-3, 0.45403070E-2, 0.40017723E-4, 0.32711256E-8, 0.24444358E-2, 1.6473323, 3.3374579, 18.089825, 131.92999
0.10646725E-2, 0.42087217E-2, 0.40017036E-4, 0.32727374E-8, 0.13599880E-2, 1.6483968, 3.3395603, 18.089825, 131.92999
0.10096137E-2, 0.34351663E-2, 0.40016454E-4, 0.32746492E-8, 0.75440964E-3, 1.6494063, 3.3415539, 18.089825, 131.92999
0.10559170E-2, 0.33811552E-2, 0.40015922E-4, 0.32765963E-8, 0.56295487E-3, 1.6504623, 3.3436396, 18.089825, 131.92999
0.64817740E-3, 0.44640871E-2, 0.40015348E-4, 0.32783549E-8, 0.28530341E-2, 1.6511104, 3.3449197, 18.089825, 131.92999
0.78717346E-3, 0.50098938E-2, 0.40014558E-4, 0.32794640E-8, 0.29823608E-2, 1.6518977, 3.3464742, 18.089827, 131.92999
0.10466703E-2, 0.38681782E-2, 0.40013882E-4, 0.32813159E-8, 0.10748676E-2, 1.6529446, 3.3485417, 18.089827, 131.92999
0.12685779E-2, 0.40250299E-2, 0.40013274E-4, 0.32835819E-8, 0.57075900E-3, 1.6542132, 3.3510470, 18.089827, 131.92999
0.11824355E-2, 0.35412803E-2, 0.40012677E-4, 0.32859786E-8, 0.34593532E-3, 1.6553955, 3.3533816, 18.089827, 131.92999
0.12678218E-2, 0.35944430E-2, 0.40012113E-4, 0.32884011E-8, 0.14485272E-3, 1.6566632, 3.3558848, 18.089827, 131.92999
0.13974183E-2, 0.38506067E-2, 0.40011531E-4, 0.32910163E-8, 0.14168923E-4, 1.6580604, 3.3586438, 18.089828, 131.92999
0.10888298E-2, 0.33752548E-2, 0.40010971E-4, 0.32935275E-8, 0.45936869E-3, 1.6591492, 3.3607934, 18.089828, 131.92999
0.10099493E-2, 0.42639417E-2, 0.40010389E-4, 0.32956200E-8, 0.15777959E-2, 1.6601592, 3.3627880, 18.089832, 131.92999
0.10093873E-2, 0.47891843E-2, 0.40009676E-4, 0.32975651E-8, 0.21018081E-2, 1.6611686, 3.3647804, 18.089838, 131.92999
0.10842136E-2, 0.36197028E-2, 0.40008999E-4, 0.32996292E-8, 0.71625668E-3, 1.6622528, 3.3669209, 18.089838, 131.92999
0.11416808E-2, 0.32456864E-2, 0.40008475E-4, 0.33019154E-8, 0.17342076E-3, 1.6633943, 3.3691750, 18.089838, 131.92999
0.10765663E-2, 0.34247974E-2, 0.40007941E-4, 0.33041414E-8, 0.54522423E-3, 1.6644709, 3.3712997, 18.089838, 131.92999
0.10735588E-2, 0.35522077E-2, 0.40007380E-4, 0.33061891E-8, 0.68089034E-3, 1.6655443, 3.3734190, 18.089838, 131.92999
0.73412142E-3, 0.31205849E-2, 0.40006875E-4, 0.33081917E-8, 0.12611877E-2, 1.6662782, 3.3748679, 18.089838, 131.92999
0.94994105E-3, 0.35276588E-2, 0.40006318E-4, 0.33096428E-8, 0.10241334E-2, 1.6672283, 3.3767431, 18.089838, 131.92999
0.10719112E-2, 0.28689450E-2, 0.40005820E-4, 0.33117695E-8, 0.64058040E-5, 1.6683004, 3.3788595, 18.089838, 131.92999
-0.88974935E-4, 0.69248751E-2, 0.40005150E-4, 0.73458580E-7, 0.74917208E-2, 1.6682111, 3.3786829, 18.089851, 131.92999
0.76370098E-3, 0.71026185E-2, 0.40003983E-4, 0.33131526E-8, 0.51327194E-2, 1.6689748, 3.3801906, 18.089859, 131.92999
0.19114697E-2, 0.80137216E-2, 0.40002786E-4, 0.33161871E-8, 0.26253976E-2, 1.6708864, 3.3839638, 18.089870, 131.92999
0.14092783E-2, 0.59157796E-2, 0.40001669E-4, 0.33195542E-8, 0.20327938E-2, 1.6722953, 3.3867445, 18.089872, 131.92999
0.16260017E-2, 0.59531908E-2, 0.40000737E-4, 0.33223984E-8, 0.14255781E-2, 1.6739213, 3.3899536, 18.089882, 131.92999
0.14032399E-2, 0.50581610E-2, 0.39999850E-4, 0.33254057E-8, 0.11980972E-2, 1.6753246, 3.3927226, 18.089888, 131.92999
0.78410952E-3, 0.43465830E-2, 0.39999126E-4, 0.26210544E-5, 0.23289330E-2, 1.6761086, 3.3942699, 18.089888, 131.92999
0.19338892E-2, 0.85328957E-2, 0.39998049E-4, 0.17532934E-5, 0.30733694E-2, 1.6780423, 3.3980861, 18.089909, 131.92999
0.17571293E-2, 0.83917044E-2, 0.39996707E-4, 0.20653329E-5, 0.34582971E-2, 1.6797993, 3.4015529, 18.089926, 131.92999
0.22561697E-2, 0.92669260E-2, 0.39995306E-4, 0.61696016E-6, 0.28462687E-2, 1.6820555, 3.4060047, 18.089947, 131.92999
0.20278918E-2, 0.91021108E-2, 0.39993847E-4, 0.51309399E-6, 0.33613015E-2, 1.6840835, 3.4100056, 18.089972, 131.92999
0.24074030E-2, 0.99189635E-2, 0.39992312E-4, 0.11446275E-6, 0.30456719E-2, 1.6864910, 3.4147553, 18.089994, 131.92999
0.25708054E-2, 0.99085337E-2, 0.39990697E-4, 0.33703027E-8, 0.25498329E-2, 1.6890619, 3.4198270, 18.090014, 131.92999
0.24059841E-2, 0.90181930E-2, 0.39989176E-4, 0.33715029E-8, 0.21548301E-2, 1.6914679, 3.4245729, 18.090029, 131.92999
0.18225699E-2, 0.68135611E-2, 0.39987863E-4, 0.33724701E-8, 0.16974421E-2, 1.6932905, 3.4281678, 18.090040, 131.92999
0.16807632E-2, 0.59814993E-2, 0.39986837E-4, 0.33730634E-8, 0.12918462E-2, 1.6949708, 3.4314823, 18.090050, 131.92999
0.13790193E-2, 0.49186023E-2, 0.39985913E-4, 0.33739507E-8, 0.11321346E-2, 1.6963500, 3.4342022, 18.090055, 131.92999
0.11332490E-2, 0.64615179E-2, 0.39985101E-4, 0.12117705E-5, 0.33951879E-2, 1.6974831, 3.4364369, 18.090076, 131.92999
0.29485810E-2, 0.10874590E-1, 0.39983599E-4, 0.33938208E-8, 0.23880352E-2, 1.7004318, 3.4422519, 18.090099, 131.92999
0.23460891E-2, 0.89004310E-2, 0.39981936E-4, 0.33953782E-8, 0.22164260E-2, 1.7027781, 3.4468782, 18.090115, 131.92999
0.14731917E-2, 0.62966431E-2, 0.39980652E-4, 0.33958689E-8, 0.22223578E-2, 1.7042512, 3.4497828, 18.090120, 131.92999
0.12634775E-2, 0.50482601E-2, 0.39979699E-4, 0.33954808E-8, 0.16046811E-2, 1.7055149, 3.4522748, 18.090124, 131.92999
0.88203012E-3, 0.47976449E-2, 0.39978884E-4, 0.33953620E-8, 0.24890827E-2, 1.7063971, 3.4540138, 18.090126, 131.92999
0.10054884E-2, 0.56105871E-2, 0.39978029E-4, 0.33952199E-8, 0.29302314E-2, 1.7074028, 3.4559968, 18.090132, 131.92999
0.13233618E-2, 0.65951827E-2, 0.39976996E-4, 0.33960978E-8, 0.29642934E-2, 1.7087265, 3.4586067, 18.090137, 131.92999
0.13690875E-2, 0.69998689E-2, 0.39975876E-4, 0.18763968E-5, 0.32287759E-2, 1.7100958, 3.4613056, 18.090145, 131.92999
0.17948538E-2, 0.83438559E-2, 0.39974573E-4, 0.51099948E-6, 0.33008745E-2, 1.7118903, 3.4648433, 18.090166, 131.92999
0.19671381E-2, 0.81584109E-2, 0.39973187E-4, 0.82421948E-5, 0.25969828E-2, 1.7138575, 3.4687212, 18.090181, 131.92999
0.21442764E-2, 0.86604087E-2, 0.39971765E-4, 0.43352070E-5, 0.25736066E-2, 1.7160016, 3.4729471, 18.090199, 131.92999
0.18984538E-2, 0.84505994E-2, 0.39970320E-4, 0.22234103E-5, 0.30976152E-2, 1.7179002, 3.4766893, 18.090218, 131.92999
0.20090130E-2, 0.84666964E-2, 0.39968891E-4, 0.27132371E-5, 0.27847269E-2, 1.7199093, 3.4806490, 18.090235, 131.92999
0.14548460E-2, 0.74626449E-2, 0.39967526E-4, 0.10548615E-5, 0.34348657E-2, 1.7213644, 3.4835165, 18.090252, 131.92999
0.20819847E-2, 0.87159509E-2, 0.39966155E-4, 0.34424572E-8, 0.28184729E-2, 1.7234467, 3.4876199, 18.090269, 131.92999
0.20590504E-2, 0.86416258E-2, 0.39964667E-4, 0.34426535E-8, 0.28128179E-2, 1.7255057, 3.4916775, 18.090288, 131.92999
0.20556187E-2, 0.82037346E-2, 0.39963212E-4, 0.34430527E-8, 0.23879288E-2, 1.7275611, 3.4957273, 18.090303, 131.92999
0.14807286E-2, 0.61474070E-2, 0.39961957E-4, 0.34433969E-8, 0.20521048E-2, 1.7290422, 3.4986455, 18.090315, 131.92999
0.98601996E-3, 0.53244233E-2, 0.39960974E-4, 0.34431986E-8, 0.27036637E-2, 1.7300282, 3.5005882, 18.090322, 131.92999
0.12326407E-2, 0.52378089E-2, 0.39960043E-4, 0.34431555E-8, 0.18850693E-2, 1.7312610, 3.5030169, 18.090330, 131.92999
0.13171843E-2, 0.49347789E-2, 0.39959155E-4, 0.34439613E-8, 0.13328457E-2, 1.7325780, 3.5056117, 18.090340, 131.92999
0.12513313E-2, 0.54745828E-2, 0.39958337E-4, 0.22549733E-6, 0.20645936E-2, 1.7338295, 3.5080769, 18.090349, 131.92999
0.26146588E-2, 0.99651013E-2, 0.39956936E-4, 0.22304231E-6, 0.24777346E-2, 1.7364438, 3.5132267, 18.090374, 131.92999
0.18691105E-2, 0.76870448E-2, 0.39955339E-4, 0.12995064E-5, 0.24273396E-2, 1.7383127, 3.5169079, 18.090405, 131.92999
0.23066078E-2, 0.94536478E-2, 0.39953851E-4, 0.59614935E-8, 0.28848210E-2, 1.7406193, 3.5214512, 18.090427, 131.92999
0.25672568E-2, 0.99506378E-2, 0.39952167E-4, 0.24590153E-6, 0.26045269E-2, 1.7431866, 3.5265071, 18.090456, 131.92999
0.25608833E-2, 0.10111165E-1, 0.39950392E-4, 0.16756918E-7, 0.27833537E-2, 1.7457473, 3.5315497, 18.090479, 131.92999
0.20914087E-2, 0.86395843E-2, 0.39948667E-4, 0.34878249E-8, 0.27153802E-2, 1.7478387, 3.5356684, 18.090509, 131.92999
0.13852677E-2, 0.61338041E-2, 0.39947368E-4, 0.34874237E-8, 0.23224482E-2, 1.7492242, 3.5383966, 18.090519, 131.92999
0.11644763E-2, 0.67138048E-2, 0.39946273E-4, 0.33875715E-5, 0.35508096E-2, 1.7503886, 3.5406890, 18.090542, 131.92999
0.18197292E-2, 0.84431926E-2, 0.39944913E-4, 0.52064215E-5, 0.33217079E-2, 1.7522084, 3.5442722, 18.090567, 131.92999
0.17223763E-2, 0.81751458E-2, 0.39943399E-4, 0.35881715E-5, 0.33460751E-2, 1.7539310, 3.5476637, 18.090605, 131.92999
0.14785717E-2, 0.75939856E-2, 0.39941984E-4, 0.96490567E-6, 0.34951300E-2, 1.7554095, 3.5505743, 18.090628, 131.92999
0.20377596E-2, 0.87406673E-2, 0.39940533E-4, 0.35102803E-8, 0.29752341E-2, 1.7574474, 3.5545859, 18.090651, 131.92999
0.19067117E-2, 0.80325287E-2, 0.39938990E-4, 0.35102374E-8, 0.26608352E-2, 1.7593539, 3.5583389, 18.090670, 131.92999
0.15513843E-2, 0.67245131E-2, 0.39937662E-4, 0.35099343E-8, 0.24162459E-2, 1.7609051, 3.5613923, 18.090685, 131.92999
0.13351634E-2, 0.63963272E-2, 0.39936458E-4, 0.35095729E-8, 0.27320408E-2, 1.7622405, 3.5640209, 18.090698, 131.92999
0.88652666E-3, 0.51118857E-2, 0.39935381E-4, 0.35092198E-8, 0.27877623E-2, 1.7631269, 3.5657649, 18.090704, 131.92999
0.11052939E-2, 0.51638931E-2, 0.39934424E-4, 0.35088996E-8, 0.21900423E-2, 1.7642319, 3.5679405, 18.090714, 131.92999
0.52126852E-3, 0.43055564E-2, 0.39933562E-4, 0.35088819E-8, 0.30708523E-2, 1.7647530, 3.5689654, 18.090714, 131.92999
0.92532643E-3, 0.49687475E-2, 0.39932678E-4, 0.35090095E-8, 0.25302630E-2, 1.7656784, 3.5707872, 18.090721, 131.92999
0.19355234E-2, 0.88801095E-2, 0.39931434E-4, 0.49602198E-6, 0.34165296E-2, 1.7676140, 3.5745962, 18.090746, 131.92999
0.23404383E-2, 0.93512004E-2, 0.39929746E-4, 0.35323648E-8, 0.26832568E-2, 1.7699543, 3.5792019, 18.090782, 131.92999
0.21486832E-2, 0.89412443E-2, 0.39928054E-4, 0.98519115E-6, 0.28442780E-2, 1.7721030, 3.5834296, 18.090815, 131.92999
0.22416825E-2, 0.73292293E-2, 0.39926523E-4, 0.63509183E-5, 0.96195540E-3, 1.7743444, 3.5878396, 18.090858, 131.92999
0.14222419E-2, 0.71648248E-2, 0.39925162E-4, 0.26811430E-7, 0.32367518E-2, 1.7757670, 3.5906386, 18.090876, 131.92999
0.78570953E-3, 0.55059525E-2, 0.39923980E-4, 0.99202111E-6, 0.34770644E-2, 1.7765526, 3.5921843, 18.090876, 131.92999
0.74459135E-3, 0.58022276E-2, 0.39922917E-4, 0.22447994E-5, 0.38919954E-2, 1.7772971, 3.5936491, 18.090885, 131.92999
0.14769384E-2, 0.74004857E-2, 0.39921688E-4, 0.58076728E-6, 0.33077630E-2, 1.7787739, 3.5965545, 18.090908, 131.92999
0.16768289E-2, 0.78782830E-2, 0.39920254E-4, 0.18215820E-7, 0.31896920E-2, 1.7804507, 3.5998530, 18.090931, 131.92999
0.15719718E-2, 0.72709043E-2, 0.39918807E-4, 0.35562027E-8, 0.28976502E-2, 1.7820225, 3.6029449, 18.090948, 131.92999
0.14217919E-2, 0.65953587E-2, 0.39917479E-4, 0.35553924E-8, 0.26723670E-2, 1.7834440, 3.6057408, 18.090963, 131.92999
0.11051674E-2, 0.53984574E-2, 0.39916322E-4, 0.35545908E-8, 0.24231758E-2, 1.7845495, 3.6079154, 18.090973, 131.92999
0.10696186E-2, 0.47180075E-2, 0.39915343E-4, 0.35538834E-8, 0.18529053E-2, 1.7856190, 3.6100190, 18.090982, 131.92999
0.81417616E-3, 0.36810751E-2, 0.39914539E-4, 0.35534766E-8, 0.15810481E-2, 1.7864332, 3.6116204, 18.090984, 131.92999
0.46418168E-3, 0.26364499E-2, 0.39913932E-4, 0.35529677E-8, 0.15820746E-2, 1.7868974, 3.6125336, 18.090984, 131.92999
0.42331242E-3, 0.22211131E-2, 0.39913441E-4, 0.35524290E-8, 0.12908701E-2, 1.7873205, 3.6133652, 18.090984, 131.92999
0.52934408E-3, 0.21818734E-2, 0.39912989E-4, 0.35523247E-8, 0.93730207E-3, 1.7878497, 3.6144061, 18.090984, 131.92999
0.62051526E-3, 0.22275522E-2, 0.39912549E-4, 0.35527075E-8, 0.71214547E-3, 1.7884701, 3.6156266, 18.090984, 131.92999
0.74477703E-3, 0.23918701E-2, 0.39912076E-4, 0.35535270E-8, 0.50662173E-3, 1.7892148, 3.6170909, 18.090984, 131.92999
0.82707696E-3, 0.23336792E-2, 0.39911596E-4, 0.35547056E-8, 0.20466877E-3, 1.7900418, 3.6187174, 18.090984, 131.92999
0.69377589E-3, 0.17306268E-2, 0.39911185E-4, 0.35559717E-8, 0.13628887E-5, 1.7907358, 3.6200821, 18.090984, 131.92999
0.68860233E-3, 0.17138147E-2, 0.39910836E-4, 0.35571559E-8, 0.0000000, 1.7914246, 3.6214364, 18.090984, 131.92999
0.69268740E-3, 0.17260410E-2, 0.39910487E-4, 0.35583898E-8, 0.0000000, 1.7921176, 3.6227994, 18.090984, 131.92999
0.69069240E-3, 0.17201005E-2, 0.39910134E-4, 0.35596686E-8, 0.0000000, 1.7928082, 3.6241572, 18.090984, 131.92999
0.67563227E-3, 0.16751195E-2, 0.39909763E-4, 0.35609815E-8, 0.0000000, 1.7934836, 3.6254857, 18.090984, 131.92999
0.70843281E-3, 0.17731546E-2, 0.39909395E-4, 0.35623076E-8, 0.0000000, 1.7941921, 3.6268787, 18.090984, 131.92999
0.72681502E-3, 0.18281065E-2, 0.39909017E-4, 0.35637031E-8, 0.0000000, 1.7949188, 3.6283073, 18.090984, 131.92999
0.70646475E-3, 0.17673160E-2, 0.39908638E-4, 0.35651055E-8, 0.0000000, 1.7956257, 3.6296976, 18.090984, 131.92999
0.69726672E-3, 0.17398514E-2, 0.39908264E-4, 0.35664924E-8, 0.0000000, 1.7963231, 3.6310685, 18.090984, 131.92999
0.68097695E-3, 0.16911941E-2, 0.39907893E-4, 0.35678545E-8, 0.0000000, 1.7970039, 3.6324072, 18.090984, 131.92999
0.64680184E-3, 0.15890864E-2, 0.39907536E-4, 0.35691896E-8, 0.0000000, 1.7976506, 3.6336787, 18.090984, 131.92999
0.70783315E-3, 0.17714989E-2, 0.39907172E-4, 0.35705181E-8, 0.0000000, 1.7983582, 3.6350703, 18.090984, 131.92999
0.63240272E-3, 0.15460965E-2, 0.39906812E-4, 0.35718590E-8, 0.0000000, 1.7989906, 3.6363134, 18.090984, 131.92999
0.67567598E-3, 0.16754440E-2, 0.39906474E-4, 0.35731342E-8, 0.0000000, 1.7996665, 3.6376424, 18.090984, 131.92999
0.67046075E-3, 0.16598807E-2, 0.39906117E-4, 0.35744525E-8, 0.0000000, 1.8003370, 3.6389601, 18.090984, 131.92999
0.58225926E-3, 0.13962993E-2, 0.39905790E-4, 0.35756882E-8, 0.0000000, 1.8009191, 3.6401048, 18.090984, 131.92999
0.51328010E-3, 0.11901620E-2, 0.39905499E-4, 0.35767416E-8, 0.0000000, 1.8014323, 3.6411138, 18.090984, 131.92999
0.52807073E-3, 0.12343894E-2, 0.39905241E-4, 0.35777297E-8, 0.0000000, 1.8019605, 3.6421518, 18.090984, 131.92999
0.52069395E-3, 0.12123622E-2, 0.39904979E-4, 0.35787584E-8, 0.0000000, 1.8024814, 3.6431761, 18.090984, 131.92999
0.54156373E-3, 0.12747602E-2, 0.39904720E-4, 0.35798302E-8, 0.0000000, 1.8030230, 3.6442409, 18.090984, 131.92999
0.53570722E-3, 0.12572774E-2, 0.39904458E-4, 0.35809231E-8, 0.0000000, 1.8035588, 3.6452942, 18.090984, 131.92999
0.52299409E-3, 0.12192994E-2, 0.39904196E-4, 0.35819911E-8, 0.0000000, 1.8040819, 3.6463223, 18.090984, 131.92999
0.54286123E-3, 0.12787047E-2, 0.39903927E-4, 0.35830552E-8, 0.0000000, 1.8046247, 3.6473892, 18.090984, 131.92999
0.53865241E-3, 0.12661458E-2, 0.39903651E-4, 0.35841079E-8, 0.0000000, 1.8051633, 3.6484482, 18.090984, 131.92999
0.54322067E-3, 0.12798232E-2, 0.39903382E-4, 0.35851624E-8, 0.0000000, 1.8057065, 3.6495156, 18.090984, 131.92999
0.49762573E-3, 0.11435493E-2, 0.39903112E-4, 0.35862080E-8, 0.0000000, 1.8062040, 3.6504936, 18.090984, 131.92999
0.50281908E-3, 0.11590947E-2, 0.39902865E-4, 0.35872190E-8, 0.0000000, 1.8067065, 3.6514814, 18.090984, 131.92999
0.51696622E-3, 0.12014066E-2, 0.39902607E-4, 0.35882544E-8, 0.0000000, 1.8072234, 3.6524975, 18.090984, 131.92999
0.50609687E-3, 0.11689346E-2, 0.39902363E-4, 0.35892627E-8, 0.0000000, 1.8077296, 3.6534922, 18.090984, 131.92999
0.51326171E-3, 0.11903747E-2, 0.39902105E-4, 0.35902574E-8, 0.0000000, 1.8082430, 3.6545014, 18.090984, 131.92999
0.48943993E-3, 0.11191792E-2, 0.39901839E-4, 0.35912422E-8, 0.0000000, 1.8087323, 3.6554630, 18.090984, 131.92999
0.47377482E-3, 0.10723617E-2, 0.39901584E-4, 0.35921788E-8, 0.0000000, 1.8092059, 3.6563942, 18.090984, 131.92999
0.53000008E-3, 0.12404663E-2, 0.39901308E-4, 0.35931622E-8, 0.0000000, 1.8097364, 3.6574364, 18.090984, 131.92999
0.49880863E-3, 0.11472241E-2, 0.39901031E-4, 0.35941932E-8, 0.0000000, 1.8102351, 3.6584170, 18.090984, 131.92999
0.59889961E-3, 0.14464792E-2, 0.39900751E-4, 0.35952936E-8, 0.0000000, 1.8108341, 3.6595938, 18.090984, 131.92999
0.61381311E-3, 0.14910769E-2, 0.39900417E-4, 0.35965027E-8, 0.0000000, 1.8114480, 3.6608005, 18.090984, 131.92999
0.56423544E-3, 0.13428604E-2, 0.39900096E-4, 0.35976919E-8, 0.0000000, 1.8120121, 3.6619091, 18.090984, 131.92999
0.45309885E-3, 0.12630540E-2, 0.39899805E-4, 0.35987899E-8, 0.25038558E-3, 1.8124650, 3.6627994, 18.090984, 131.92999
0.30944447E-3, 0.13724245E-2, 0.39899485E-4, 0.35995189E-8, 0.78480801E-3, 1.8127744, 3.6634073, 18.090984, 131.92999
0.47689211E-3, 0.14540594E-2, 0.39899147E-4, 0.36002739E-8, 0.36923066E-3, 1.8132515, 3.6643450, 18.090984, 131.92999
0.54011372E-3, 0.12707915E-2, 0.39898849E-4, 0.36013421E-8, 0.0000000, 1.8137916, 3.6654065, 18.090984, 131.92999
0.52242022E-3, 0.12178989E-2, 0.39898572E-4, 0.36023824E-8, 0.0000000, 1.8143139, 3.6664324, 18.090984, 131.92999
0.40242047E-3, 0.85911097E-3, 0.39898317E-4, 0.36033083E-8, 0.0000000, 1.8147168, 3.6672242, 18.090984, 131.92999
0.36241562E-3, 0.73950447E-3, 0.39898106E-4, 0.36040870E-8, 0.0000000, 1.8150795, 3.6679370, 18.090984, 131.92999
0.40955012E-3, 0.88044914E-3, 0.39897881E-4, 0.36048542E-8, 0.0000000, 1.8154888, 3.6687412, 18.090984, 131.92999
0.38747789E-3, 0.81446016E-3, 0.39897663E-4, 0.36056389E-8, 0.0000000, 1.8158765, 3.6695030, 18.090984, 131.92999
0.40168699E-3, 0.85695653E-3, 0.39897444E-4, 0.36064141E-8, 0.0000000, 1.8162779, 3.6702921, 18.090984, 131.92999
0.40133469E-3, 0.85591234E-3, 0.39897230E-4, 0.36072132E-8, 0.0000000, 1.8166792, 3.6710806, 18.090984, 131.92999
0.38789213E-3, 0.81572507E-3, 0.39896997E-4, 0.36080161E-8, 0.0000000, 1.8170670, 3.6718426, 18.090984, 131.92999
0.39953322E-3, 0.85054396E-3, 0.39896797E-4, 0.36087844E-8, 0.0000000, 1.8174663, 3.6726270, 18.090984, 131.92999
0.36272645E-3, 0.74048893E-3, 0.39896604E-4, 0.36095058E-8, 0.0000000, 1.8178288, 3.6733396, 18.090984, 131.92999
0.36230384E-3, 0.73923322E-3, 0.39896437E-4, 0.36101839E-8, 0.0000000, 1.8181911, 3.6740513, 18.090984, 131.92999
0.35392301E-3, 0.71417942E-3, 0.39896269E-4, 0.36108661E-8, 0.0000000, 1.8185450, 3.6747470, 18.090984, 131.92999
0.35890460E-3, 0.72908471E-3, 0.39896098E-4, 0.36115715E-8, 0.0000000, 1.8189039, 3.6754520, 18.090984, 131.92999
0.36474221E-3, 0.74655039E-3, 0.39895931E-4, 0.36123022E-8, 0.0000000, 1.8192688, 3.6761692, 18.090984, 131.92999
0.37606162E-3, 0.78040967E-3, 0.39895760E-4, 0.36130567E-8, 0.0000000, 1.8196448, 3.6769078, 18.090984, 131.92999
0.38935838E-3, 0.82018290E-3, 0.39895582E-4, 0.36138290E-8, 0.0000000, 1.8200343, 3.6776729, 18.090984, 131.92999
0.39092277E-3, 0.82486996E-3, 0.39895400E-4, 0.36146222E-8, 0.0000000, 1.8204253, 3.6784410, 18.090984, 131.92999
0.38070371E-3, 0.79431641E-3, 0.39895211E-4, 0.36154075E-8, 0.0000000, 1.8208054, 3.6791880, 18.090984, 131.92999
0.36831541E-3, 0.75727468E-3, 0.39895014E-4, 0.36161680E-8, 0.0000000, 1.8211739, 3.6799119, 18.090984, 131.92999
0.37138152E-3, 0.76645246E-3, 0.39894847E-4, 0.36169032E-8, 0.0000000, 1.8215455, 3.6806419, 18.090984, 131.92999
0.35557064E-3, 0.71917352E-3, 0.39894680E-4, 0.36176080E-8, 0.0000000, 1.8219010, 3.6813407, 18.090984, 131.92999
0.32958039E-3, 0.64144854E-3, 0.39894523E-4, 0.36182897E-8, 0.0000000, 1.8222308, 3.6819887, 18.090984, 131.92999
0.36668326E-3, 0.75242587E-3, 0.39894363E-4, 0.36189827E-8, 0.0000000, 1.8225975, 3.6827087, 18.090984, 131.92999
0.39873135E-3, 0.84828620E-3, 0.39894148E-4, 0.36197569E-8, 0.0000000, 1.8229961, 3.6834919, 18.090984, 131.92999
0.34241786E-3, 0.67986368E-3, 0.39893959E-4, 0.36204848E-8, 0.0000000, 1.8233385, 3.6841648, 18.090984, 131.92999
0.35183789E-3, 0.70804590E-3, 0.39893806E-4, 0.36211614E-8, 0.0000000, 1.8236905, 3.6848562, 18.090984, 131.92999
0.31086695E-3, 0.58550789E-3, 0.39893646E-4, 0.36217978E-8, 0.0000000, 1.8240013, 3.6854668, 18.090984, 131.92999
0.29688593E-3, 0.54369611E-3, 0.39893508E-4, 0.36223775E-8, 0.0000000, 1.8242983, 3.6860504, 18.090984, 131.92999
0.31377759E-3, 0.59422711E-3, 0.39893370E-4, 0.36229657E-8, 0.0000000, 1.8246120, 3.6866665, 18.090984, 131.92999
0.32234180E-3, 0.61985088E-3, 0.39893224E-4, 0.36235928E-8, 0.0000000, 1.8249345, 3.6873002, 18.090984, 131.92999
0.34373574E-3, 0.68385078E-3, 0.39893061E-4, 0.36242469E-8, 0.0000000, 1.8252782, 3.6879752, 18.090984, 131.92999
0.30448491E-3, 0.56644919E-3, 0.39892911E-4, 0.36248633E-8, 0.0000000, 1.8255826, 3.6885734, 18.090984, 131.92999
0.29721946E-3, 0.54472242E-3, 0.39892762E-4, 0.36254468E-8, 0.0000000, 1.8258802, 3.6891577, 18.090984, 131.92999
0.30461451E-3, 0.56684925E-3, 0.39892609E-4, 0.36260488E-8, 0.0000000, 1.8261847, 3.6897559, 18.090984, 131.92999
0.28743275E-3, 0.51545806E-3, 0.39892460E-4, 0.36266334E-8, 0.0000000, 1.8264722, 3.6903207, 18.090984, 131.92999
0.28933169E-3, 0.52114436E-3, 0.39892326E-4, 0.36272108E-8, 0.0000000, 1.8267616, 3.6908894, 18.090984, 131.92999
0.31503581E-3, 0.59804303E-3, 0.39892177E-4, 0.36278083E-8, 0.0000000, 1.8270767, 3.6915081, 18.090984, 131.92999
0.31413801E-3, 0.59536344E-3, 0.39892046E-4, 0.36284395E-8, 0.0000000, 1.8273908, 3.6921251, 18.090984, 131.92999
0.34615735E-3, 0.69115637E-3, 0.39891893E-4, 0.36291092E-8, 0.0000000, 1.8277369, 3.6928053, 18.090984, 131.92999
0.36486238E-3, 0.74712053E-3, 0.39891729E-4, 0.36298264E-8, 0.0000000, 1.8281016, 3.6935215, 18.090984, 131.92999
0.34075539E-3, 0.67500822E-3, 0.39891554E-4, 0.36305154E-8, 0.0000000, 1.8284425, 3.6941910, 18.090984, 131.92999
0.30214095E-3, 0.55949372E-3, 0.39891394E-4, 0.36311401E-8, 0.0000000, 1.8287448, 3.6947851, 18.090984, 131.92999
0.32294178E-3, 0.62172906E-3, 0.39891242E-4, 0.36317800E-8, 0.0000000, 1.8290677, 3.6954191, 18.090984, 131.92999
0.34082247E-3, 0.67522930E-3, 0.39891092E-4, 0.36324519E-8, 0.0000000, 1.8294083, 3.6960886, 18.090984, 131.92999
