0.29773512, 0.51908121E-1, 0.64202344, 0.83333412E-2
0.29922876, 0.19915244E-1, 0.68085605, 0.74505806E-8
0.29813054, 0.19838709E-1, 0.68203086, 0.0000000
0.29557416, 0.19664977E-1, 0.68476087, 0.24835269E-8
0.28647411, 0.19054998E-1, 0.69447088, 0.49670539E-8
0.27099416, 0.18020153E-1, 0.71098566, 0.24835269E-8
0.25717822, 0.17097497E-1, 0.72572440, 0.0000000
0.26077968, 0.87349571E-1, 0.62687081, 0.24999999E-1
0.24269338, 0.16132392E-1, 0.74117422, 0.74505806E-8
0.23825406, 0.15837146E-1, 0.74590880, 0.0000000
0.23477268, 0.15605037E-1, 0.74962217, 0.49670539E-8
0.23975915, 0.50943047E-1, 0.69679785, 0.12500000E-1
0.24998070, 0.98298453E-1, 0.62255412, 0.29166676E-1
0.22863247, 0.15194713E-1, 0.75617284, 0.0000000
0.22794050, 0.15149069E-1, 0.75691038, -0.14901161E-7
0.22732912, 0.15109911E-1, 0.75756097, 0.12417634E-7
0.22670923, 0.15069988E-1, 0.75822085, 0.24835269E-8
0.22580862, 0.15010118E-1, 0.75918126, -0.74505806E-8
0.22506730, 0.14959559E-1, 0.75997311, -0.74505806E-8
0.22467200, 0.14932181E-1, 0.76039582, 0.24835269E-8
0.22459501, 0.14926494E-1, 0.76047844, -0.49670539E-8
0.22447018, 0.14917728E-1, 0.76061207, 0.14901161E-7
0.22391422, 0.14879774E-1, 0.76120597, 0.99341078E-8
0.22383749, 0.14873057E-1, 0.76128954, 0.24835269E-8
0.22377361, 0.14867220E-1, 0.76135921, 0.99341078E-8
0.22369517, 0.14860410E-1, 0.76144451, 0.24835269E-8
0.22359996, 0.14852263E-1, 0.76154774, 0.24835269E-8
0.22351815, 0.14844780E-1, 0.76163703, 0.0000000
0.22343595, 0.14836781E-1, 0.76172727, -0.14901161E-7
0.22337385, 0.14829834E-1, 0.76179630, 0.74505806E-8
0.22331107, 0.14822993E-1, 0.76186591, 0.24835269E-8
0.22323664, 0.14815427E-1, 0.76194805, 0.0000000
0.22315894, 0.14807630E-1, 0.76203346, 0.49670539E-8
0.22310059, 0.14801067E-1, 0.76209825, 0.99341078E-8
0.22304589, 0.14794569E-1, 0.76215953, 0.49670539E-8
0.22296219, 0.14786053E-1, 0.76225168, -0.12417634E-7
0.22287159, 0.14776971E-1, 0.76235145, 0.12417634E-7
0.22277273, 0.14767268E-1, 0.76245999, 0.49670539E-8
0.22268702, 0.14758326E-1, 0.76255465, 0.14901161E-7
0.22402234, 0.14843767E-1, 0.76113391, 0.74505806E-8
0.26065382, 0.17271947E-1, 0.72207427, 0.0000000
0.27044311, 0.17923390E-1, 0.71163362, 0.74505806E-8
0.25536290, 0.16926058E-1, 0.72771102, 0.49670539E-8
0.24467672, 0.16219610E-1, 0.73910373, 0.12417634E-7
0.23836707, 0.15803719E-1, 0.74582916, 0.24835269E-8
0.23403837, 0.15519553E-1, 0.75044203, 0.49670539E-8
0.23088491, 0.15313475E-1, 0.75380158, 0.0000000
0.99995524, 0.97049826E-6, 0.43751545E-4, 0.0000000
0.99997407, 0.81333695E-6, 0.25050636E-4, 0.24835269E-8
0.99996990, 0.11758524E-5, 0.29130942E-4, -0.24835269E-8
0.99996310, 0.16838457E-5, 0.35243454E-4, 0.99341078E-8
0.99996215, 0.19713011E-5, 0.35872188E-4, -0.74505806E-8
0.99996108, 0.22806428E-5, 0.36657191E-4, -0.99341078E-8
0.99995542, 0.28903157E-5, 0.41739080E-4, 0.24835269E-8
0.99995118, 0.34578409E-5, 0.45436816E-4, -0.49670539E-8
0.99972898, 0.21866044E-4, 0.24914506E-3, 0.14901161E-7
0.99968857, 0.26500145E-4, 0.28483223E-3, 0.99341078E-8
0.99978042, 0.19596071E-4, 0.19996130E-3, 0.99341078E-8
0.99984246, 0.14695469E-4, 0.14283754E-3, 0.99341078E-8
0.99987596, 0.12114707E-4, 0.11211311E-3, 0.0000000
0.99985623, 0.14927718E-4, 0.12887917E-3, 0.74505806E-8
0.99959964, 0.43944849E-4, 0.35627364E-3, 0.17384687E-7
0.99928355, 0.85275351E-4, 0.63117914E-3, -0.74505806E-8
0.99886042, 0.14163683E-3, 0.99775288E-3, 0.14901161E-7
0.99749440, 0.36876358E-3, 0.21369953E-2, -0.14901161E-7
0.99736547, 0.38951109E-3, 0.22449207E-2, -0.24835269E-8
0.99783254, 0.31691408E-3, 0.18503475E-2, -0.99341078E-8
0.99814266, 0.27085669E-3, 0.15864981E-2, 0.74505806E-8
0.99840903, 0.23257713E-3, 0.13584984E-2, 0.49670539E-8
0.99843758, 0.23159524E-3, 0.13308182E-2, -0.49670539E-8
0.99863499, 0.20418315E-3, 0.11608771E-2, 0.0000000
0.99543065, 0.89006039E-3, 0.36793968E-2, 0.49670539E-8
0.99523002, 0.92147122E-3, 0.38485238E-2, 0.74505806E-8
0.99660087, 0.61919639E-3, 0.27799008E-2, 0.99341078E-8
0.99768263, 0.40028954E-3, 0.19171964E-2, 0.24835269E-8
0.99817222, 0.31065740E-3, 0.15172163E-2, 0.24835269E-8
0.96534419, 0.58789793E-2, 0.28776869E-1, 0.14901161E-7
0.20348392, 0.13426632, 0.66224974, 0.99341078E-8
0.20175512, 0.13298707, 0.66525781, 0.24835269E-8
0.20058058, 0.13207488, 0.66734457, 0.12417634E-7
0.19994688, 0.13152014, 0.66853291, 0.24835269E-8
0.19942884, 0.13104218, 0.66952902, 0.49670539E-8
0.19912827, 0.13070780, 0.67016393, 0.12417634E-7
0.19875103, 0.13032371, 0.67092520, 0.99341078E-8
0.19822407, 0.12984203, 0.67193389, 0.12417634E-7
0.19786353, 0.12946998, 0.67266655, 0.12417634E-7
0.19776875, 0.12927219, 0.67295915, 0.99341078E-8
0.19770174, 0.12909272, 0.67320555, 0.49670539E-8
0.19764054, 0.12891720, 0.67344218, 0.14901161E-7
0.19757569, 0.12873948, 0.67368478, 0.74505806E-8
0.19751607, 0.12856524, 0.67391872, 0.0000000
0.19745208, 0.12838839, 0.67415953, 0.0000000
0.19739310, 0.12821485, 0.67439193, 0.49670539E-8
0.19734459, 0.12804830, 0.67460710, 0.12417634E-7
0.19730707, 0.12788892, 0.67480415, 0.49670539E-8
0.19726266, 0.12772524, 0.67501211, 0.24835269E-8
0.19722164, 0.12756383, 0.67521453, 0.49670539E-8
0.19874243, 0.12841152, 0.67284602, 0.49670539E-8
0.20310198, 0.13109095, 0.66580707, 0.99341078E-8
0.20052673, 0.12929340, 0.67017978, 0.74505806E-8
0.19747914, 0.12719372, 0.67532712, 0.0000000
0.19711639, 0.12682559, 0.67605805, 0.74505806E-8
0.19708391, 0.12667038, 0.67624575, 0.74505806E-8
0.19706161, 0.12652175, 0.67641670, 0.14901161E-7
0.19705729, 0.12638475, 0.67655796, 0.0000000
0.20212907, 0.12949969, 0.66837126, 0.49670539E-8
0.20954251, 0.13411058, 0.65634692, 0.24835269E-8
0.20606147, 0.13174605, 0.66219252, 0.24835269E-8
0.20162290, 0.12877245, 0.66960460, 0.17384687E-7
0.20010704, 0.12766935, 0.67222357, 0.49670539E-8
0.19876315, 0.12667742, 0.67455941, 0.74505806E-8
0.19827706, 0.12623338, 0.67548960, 0.24835269E-8
0.19806236, 0.12596260, 0.67597502, 0.0000000
0.19799621, 0.12578653, 0.67621732, 0.49670539E-8
0.19794942, 0.12562288, 0.67642766, 0.24835269E-8
0.20220523, 0.12818699, 0.66960770, 0.0000000
0.20714609, 0.13118148, 0.66167241, 0.24835269E-8
0.21060152, 0.13323008, 0.65616840, 0.49670539E-8
0.20591609, 0.13013031, 0.66395360, 0.12417634E-7
0.20055580, 0.12660782, 0.67283636, 0.14901161E-7
0.19935638, 0.12571643, 0.67492723, 0.19868216E-7
0.20089601, 0.12655167, 0.67255235, 0.19868216E-7
0.21905540, 0.13784398, 0.64310056, 0.99341078E-8
0.25500092, 0.16030458, 0.58469445, 0.22351742E-7
0.24565355, 0.15427297, 0.60007340, 0.14901161E-7
0.22994685, 0.14425956, 0.62579352, 0.74505806E-8
0.21690996, 0.13593736, 0.64715266, 0.12417634E-7
0.20962854, 0.13123415, 0.65913731, 0.24835269E-8
0.20605092, 0.12885706, 0.66509211, 0.24835269E-8
0.20358258, 0.12717734, 0.66924018, 0.74505806E-8
0.20214099, 0.12614161, 0.67171746, 0.14901161E-7
0.20114227, 0.12538382, 0.67347401, 0.12417634E-7
0.20043759, 0.12481051, 0.67475194, 0.99341078E-8
0.20303257, 0.12629034, 0.67067713, 0.74505806E-8
0.20126341, 0.12505667, 0.67368001, 0.12417634E-7
0.19901739, 0.12352765, 0.67745495, 0.12417634E-7
0.19891711, 0.12333243, 0.67775059, -0.24835269E-8
0.20233922, 0.12531877, 0.67234206, 0.49670539E-8
0.20133765, 0.12456579, 0.67409658, 0.12417634E-7
0.19869559, 0.12279821, 0.67850620, 0.49670539E-8
0.19861203, 0.12261409, 0.67877388, 0.0000000
0.19851507, 0.12242184, 0.67906308, 0.24835269E-8
0.19842045, 0.12223125, 0.67934829, 0.0000000
0.19851935, 0.12215995, 0.67932075, 0.49670539E-8
0.19830568, 0.12189639, 0.67979789, 0.24835269E-8
0.20754798, 0.12743968, 0.66501242, 0.24835269E-8
0.20782250, 0.12747343, 0.66470402, 0.14901161E-7
0.20184009, 0.12367175, 0.67448825, 0.49670539E-8
0.19906951, 0.12184139, 0.67908913, 0.14901161E-7
0.19889645, 0.12160388, 0.67949963, 0.74505806E-8
0.19821920, 0.12105813, 0.68072271, 0.49670539E-8
0.20261925, 0.12361173, 0.67376900, 0.74505806E-8
0.19974446, 0.12172639, 0.67852920, 0.99341078E-8
0.19817694, 0.12063960, 0.68118352, 0.99341078E-8
0.19812129, 0.12047447, 0.68140429, 0.0000000
0.19807230, 0.12031358, 0.68161410, 0.24835269E-8
0.19805980, 0.12017489, 0.68176526, 0.14901161E-7
0.19806910, 0.12004954, 0.68188125, 0.22351742E-7
0.19807984, 0.11992515, 0.68199497, 0.74505806E-8
0.20211327, 0.12223351, 0.67565322, 0.99341078E-8
0.20074385, 0.12127540, 0.67798072, 0.74505806E-8
0.19921114, 0.12021760, 0.68057126, 0.74505806E-8
0.20639308, 0.12441703, 0.66918993, 0.14901161E-7
0.21015508, 0.12654959, 0.66329521, 0.49670539E-8
0.21065648, 0.12671763, 0.66262597, 0.74505806E-8
0.20423310, 0.12272211, 0.67304486, 0.49670539E-8
0.20070009, 0.12046767, 0.67883223, 0.49670539E-8
0.20354003, 0.12203875, 0.67442113, 0.74505806E-8
0.20239991, 0.12122496, 0.67637515, 0.74505806E-8
0.19936402, 0.11927580, 0.68136019, 0.27318796E-7
0.20002358, 0.11953925, 0.68043715, 0.99341078E-8
0.20011251, 0.11946223, 0.68042535, 0.74505806E-8
0.19929375, 0.11884297, 0.68186331, 0.49670539E-8
0.22693293, 0.13517821, 0.63788885, 0.74505806E-8
0.22776689, 0.13553709, 0.63669604, 0.22351742E-7
0.22171259, 0.13179485, 0.64649254, 0.99341078E-8
0.21632253, 0.12845431, 0.65522313, 0.99341078E-8
0.21369159, 0.12675406, 0.65955442, 0.74505806E-8
0.21196778, 0.12559697, 0.66243523, 0.99341078E-8
0.20719765, 0.12263703, 0.67016524, 0.74505806E-8
0.20406343, 0.12064988, 0.67528671, 0.99341078E-8
0.20280953, 0.11977725, 0.67741323, 0.99341078E-8
0.21344997, 0.12592389, 0.66062611, 0.24835269E-8
0.23608537, 0.13912518, 0.62478942, -0.49670539E-8
0.24538578, 0.14446111, 0.61015320, 0.74505806E-8
0.22538240, 0.13254315, 0.64207441, 0.74505806E-8
0.21514450, 0.12638479, 0.65847075, 0.99341078E-8
0.21541499, 0.12640481, 0.65818018, 0.49670539E-8
0.22000687, 0.12896010, 0.65103304, 0.12417634E-7
0.21288896, 0.12465265, 0.66245842, 0.14901161E-7
0.20705791, 0.12110553, 0.67183661, 0.49670539E-8
0.20382343, 0.11908243, 0.67709416, 0.27318796E-7
0.20288324, 0.11840255, 0.67871428, 0.24835269E-8
0.20162730, 0.11753979, 0.68083292, 0.74505806E-8
0.20074217, 0.11689440, 0.68236345, 0.49670539E-8
0.20041139, 0.11657268, 0.68301600, 0.49670539E-8
0.20115499, 0.11687548, 0.68196958, 0.99341078E-8
0.20538349, 0.11920043, 0.67541605, 0.49670539E-8
0.20895199, 0.12114004, 0.66990805, 0.49670539E-8
0.20778327, 0.12032905, 0.67188764, 0.49670539E-8
0.22520024, 0.13027306, 0.64452690, -0.24835269E-8
0.24956577, 0.14421456, 0.60621965, 0.74505806E-8
0.25688311, 0.14829065, 0.59482616, 0.12417634E-7
0.23972116, 0.13823818, 0.62204057, 0.24835269E-8
0.21908276, 0.12619878, 0.65471846, 0.17384687E-7
0.20995633, 0.12080801, 0.66923571, 0.49670539E-8
0.20575577, 0.11825994, 0.67598432, 0.49670539E-8
0.20365226, 0.11692110, 0.67942667, 0.74505806E-8
0.20501292, 0.11757109, 0.67741603, -0.49670539E-8
0.20592688, 0.11796550, 0.67610765, -0.24835269E-8
0.20489496, 0.11724346, 0.67786163, 0.74505806E-8
0.20639472, 0.11797094, 0.67563438, 0.49670539E-8
0.20541304, 0.11728046, 0.67730647, 0.19868216E-7
0.20567359, 0.11729801, 0.67702842, 0.99341078E-8
0.20862617, 0.11885189, 0.67252189, 0.99341078E-8
0.20442671, 0.11633044, 0.67924285, 0.12417634E-7
0.21565451, 0.12258316, 0.66176230, 0.49670539E-8
0.21380371, 0.12140006, 0.66479617, 0.99341078E-8
0.20752460, 0.11770498, 0.67477036, 0.12417634E-7
0.20439887, 0.11580327, 0.67979783, 0.12417634E-7
0.20979773, 0.11872890, 0.67147332, 0.24835269E-8
0.23529194, 0.13301088, 0.63169724, 0.49670539E-8
0.24561244, 0.13870217, 0.61568540, -0.12417634E-7
0.23082145, 0.13020925, 0.63896924, 0.22351742E-7
0.22088885, 0.12446975, 0.65464139, 0.14901161E-7
0.21906172, 0.12330378, 0.65763456, 0.74505806E-8
0.21749492, 0.12228734, 0.66021758, 0.12417634E-7
0.21233451, 0.11925399, 0.66841155, 0.49670539E-8
0.20812561, 0.11676028, 0.67511410, 0.14901161E-7
0.20516962, 0.11497330, 0.67985708, 0.49670539E-8
0.20379184, 0.11407352, 0.68213469, 0.0000000
0.20286810, 0.11342929, 0.68370253, 0.0000000
0.20208336, 0.11286388, 0.68505269, 0.74505806E-8
0.20163272, 0.11248579, 0.68588144, 0.99341078E-8
0.20145600, 0.11226097, 0.68628293, 0.17384687E-7
0.20149817, 0.11215835, 0.68634349, 0.19868216E-7
0.20188989, 0.11225001, 0.68586010, -0.24835269E-8
0.20198262, 0.11217571, 0.68584174, 0.74505806E-8
0.20236671, 0.11226238, 0.68537086, 0.49670539E-8
0.20186143, 0.11185676, 0.68628174, 0.99341078E-8
0.20092966, 0.11121491, 0.68785548, 0.24835269E-8
0.20086648, 0.11105465, 0.68807882, 0.24835269E-8
0.20080554, 0.11089578, 0.68829870, 0.0000000
0.20700519, 0.11419157, 0.67880321, 0.74505806E-8
0.20382734, 0.11231327, 0.68385941, 0.49670539E-8
0.20160472, 0.11096331, 0.68743187, 0.99341078E-8
0.20111233, 0.11056737, 0.68832034, -0.74505806E-8
0.20100546, 0.11038384, 0.68861073, 0.49670539E-8
0.20103060, 0.11027288, 0.68869644, 0.24835269E-8
0.20098794, 0.11012498, 0.68888706, 0.24835269E-8
0.20080183, 0.10989856, 0.68929958, 0.12417634E-7
0.20117033, 0.10997558, 0.68885404, -0.24835269E-8
0.20242244, 0.11053508, 0.68704242, 0.24835269E-8
0.20320515, 0.11083829, 0.68595654, 0.24835269E-8
0.20073266, 0.10936534, 0.68990207, 0.49670539E-8
0.20071892, 0.10923386, 0.69004726, 0.0000000
0.20113046, 0.10933366, 0.68953580, 0.74505806E-8
0.20109934, 0.10919306, 0.68970758, 0.12417634E-7
0.20078684, 0.10889957, 0.69031352, 0.12417634E-7
0.20092447, 0.10885054, 0.69022506, 0.74505806E-8
0.20084661, 0.10868485, 0.69046849, 0.49670539E-8
0.20070307, 0.10848371, 0.69081324, 0.49670539E-8
0.20081519, 0.10842088, 0.69076395, 0.24835269E-8
0.20077865, 0.10827792, 0.69094348, -0.24835269E-8
0.20074828, 0.10813836, 0.69111329, 0.99341078E-8
0.20078713, 0.10803617, 0.69117671, 0.74505806E-8
0.20575033, 0.11058175, 0.68366796, 0.0000000
0.20275259, 0.10884789, 0.68839955, 0.99341078E-8
0.20120215, 0.10789258, 0.69090515, 0.74505806E-8
0.20096147, 0.10764071, 0.69139785, 0.99341078E-8
0.20089848, 0.10748428, 0.69161725, 0.99341078E-8
0.20088017, 0.10735192, 0.69176793, 0.49670539E-8
0.20089364, 0.10723659, 0.69186974, 0.74505806E-8
0.20240603, 0.10792038, 0.68967366, 0.17384687E-7
0.20249295, 0.10784489, 0.68966222, -0.74505806E-8
0.20095968, 0.10690588, 0.69213438, 0.49670539E-8
0.20096101, 0.10678438, 0.69225460, 0.24835269E-8
0.20097522, 0.10666987, 0.69235498, 0.0000000
0.20098956, 0.10655549, 0.69245487, 0.49670539E-8
0.26287550, 0.22742920, 0.44719550, 0.62500015E-1
0.22152273, 0.12894548, 0.64119852, 0.83333338E-2
0.25266442, 0.13350263, 0.61383301, 0.99341078E-8
0.26433378, 0.13952847, 0.59613776, -0.74505806E-8
0.26154950, 0.13791257, 0.60053790, 0.99341078E-8
0.24983925, 0.13159518, 0.61856556, 0.0000000
0.24915828, 0.13108785, 0.61975384, 0.49670539E-8
0.26342708, 0.13844407, 0.59812891, 0.0000000
0.26300475, 0.13806957, 0.59892565, 0.14901161E-7
0.26298174, 0.13790445, 0.59911388, 0.24835269E-8
0.26113221, 0.13678242, 0.60208535, 0.74505806E-8
0.24874921, 0.13015182, 0.62109900, 0.99341078E-8
0.22911435, 0.11974350, 0.65114218, 0.49670539E-8
0.21849652, 0.11406396, 0.66743952, 0.24835268E-7
0.21535765, 0.11229724, 0.67234516, 0.24835269E-8
0.21519683, 0.11208584, 0.67271733, -0.24835269E-8
0.21160756, 0.11009043, 0.67830205, 0.74505806E-8
0.20910154, 0.10866246, 0.68223602, -0.24835269E-8
0.20730060, 0.10760329, 0.68509603, 0.17384687E-7
0.20607628, 0.10684532, 0.68707842, 0.14901161E-7
0.20541079, 0.10637825, 0.68821096, 0.0000000
0.20897150, 0.10809831, 0.68293017, 0.74505806E-8
0.20619798, 0.10654223, 0.68725973, 0.74505806E-8
0.20450892, 0.10554791, 0.68994308, 0.24835269E-8
0.20450014, 0.10542235, 0.69007748, 0.99341078E-8
0.20416205, 0.10512722, 0.69071078, 0.0000000
0.20352210, 0.10467713, 0.69180077, 0.49670539E-8
0.20340045, 0.10449424, 0.69210529, 0.74505806E-8
0.20333749, 0.10434174, 0.69232082, 0.49670539E-8
0.20324932, 0.10417645, 0.69257426, 0.14901161E-7
0.20315319, 0.10400724, 0.69283962, 0.24835269E-8
0.20307104, 0.10384541, 0.69308358, 0.24835269E-8
0.20637201, 0.10541248, 0.68821549, 0.74505806E-8
0.20293105, 0.10353521, 0.69353384, 0.0000000
0.20282988, 0.10336421, 0.69380593, 0.74505806E-8
0.20274557, 0.10320199, 0.69405246, 0.49670539E-8
0.20265669, 0.10303762, 0.69430572, 0.49670539E-8
0.20257853, 0.10287885, 0.69454271, 0.49670539E-8
0.20254910, 0.10274500, 0.69470590, 0.99341078E-8
0.20253496, 0.10261901, 0.69484609, 0.0000000
0.20252752, 0.10249660, 0.69497585, 0.74505806E-8
0.20252003, 0.10237420, 0.69510585, 0.17384687E-7
0.20251286, 0.10225207, 0.69523507, 0.24835269E-8
0.20250700, 0.10213075, 0.69536227, 0.12417634E-7
0.20250612, 0.10201204, 0.69548184, 0.99341078E-8
0.20251416, 0.10189787, 0.69558805, 0.17384687E-7
0.20569754, 0.10338017, 0.69092232, 0.24835269E-8
0.20298760, 0.10190053, 0.69511193, 0.49670539E-8
0.20254266, 0.10155916, 0.69589812, 0.49670539E-8
0.20254338, 0.10144169, 0.69601494, 0.14901161E-7
0.20253992, 0.10132223, 0.69613785, 0.74505806E-8
0.20253439, 0.10120183, 0.69626379, -0.24835269E-8
0.20253153, 0.10108290, 0.69638556, 0.49670539E-8
0.20252931, 0.10096439, 0.69650632, 0.0000000
0.20252673, 0.10084578, 0.69662756, 0.0000000
0.20252295, 0.10072666, 0.69675040, 0.24835269E-8
0.20251955, 0.10060781, 0.69687271, 0.24835269E-8
0.20252280, 0.10049237, 0.69698483, 0.74505806E-8
0.20253609, 0.10038204, 0.69708174, 0.0000000
0.20255136, 0.10027274, 0.69717604, 0.12417634E-7
0.20256680, 0.10016362, 0.69726962, 0.24835269E-8
0.20258249, 0.10005467, 0.69736284, 0.74505806E-8
0.20259863, 0.99946089E-1, 0.69745535, 0.99341078E-8
0.20261538, 0.99837869E-1, 0.69754672, 0.27318796E-7
0.20263250, 0.99729925E-1, 0.69763756, -0.24835269E-8
0.20264947, 0.99621974E-1, 0.69772846, 0.24835269E-8
0.20266658, 0.99514179E-1, 0.69781917, 0.24835269E-8
0.20268364, 0.99406444E-1, 0.69791001, 0.74505806E-8
0.20270085, 0.99298842E-1, 0.69800037, 0.49670539E-8
0.20303291, 0.99345528E-1, 0.69762164, 0.49670539E-8
0.20296693, 0.99197417E-1, 0.69783568, 0.74505806E-8
0.20276064, 0.98980881E-1, 0.69825846, 0.49670539E-8
0.20277971, 0.98874532E-1, 0.69834572, 0.24835269E-8
0.20279825, 0.98767973E-1, 0.69843382, 0.24835269E-8
0.20525169, 0.99845678E-1, 0.69490266, 0.49670539E-8
0.22260791, 0.10816810, 0.66922396, -0.99341078E-8
0.21652840, 0.10509691, 0.67837477, 0.99341078E-8
0.21203673, 0.10280030, 0.68516296, 0.49670539E-8
0.20913237, 0.10127639, 0.68959123, 0.49670539E-8
0.20717472, 0.10021251, 0.69261271, 0.74505806E-8
0.20701127, 0.10001734, 0.69297141, 0.49670539E-8
0.21029802, 0.10148745, 0.68821454, 0.99341078E-8
0.21126401, 0.10183571, 0.68690032, 0.49670539E-8
0.20741399, 0.99864133E-1, 0.69272184, 0.49670539E-8
0.20548283, 0.98819047E-1, 0.69569808, 0.49670539E-8
0.20503910, 0.98490775E-1, 0.69647008, 0.24835269E-8
0.20487100, 0.98295189E-1, 0.69683385, 0.74505806E-8
0.20482552, 0.98158717E-1, 0.69701570, 0.0000000
0.20477636, 0.98020621E-1, 0.69720298, -0.24835269E-8
0.20473690, 0.97887300E-1, 0.69737571, 0.14901161E-7
0.20469506, 0.97753048E-1, 0.69755191, 0.49670539E-8
0.20464449, 0.97614713E-1, 0.69774079, 0.74505806E-8
0.20459342, 0.97476281E-1, 0.69793028, 0.24835269E-8
0.20455737, 0.97345121E-1, 0.69809741, 0.0000000
0.20453371, 0.97219951E-1, 0.69824630, 0.17384687E-7
0.20452635, 0.97102612E-1, 0.69837111, -0.24835269E-8
0.20511425, 0.97267874E-1, 0.69761783, 0.74505806E-8
0.20458211, 0.96901812E-1, 0.69851607, 0.49670539E-8
0.20447950, 0.96739598E-1, 0.69878083, 0.0000000
0.20447533, 0.96624166E-1, 0.69890052, 0.14901161E-7
0.20447791, 0.96512072E-1, 0.69901007, -0.24835269E-8
0.20447446, 0.96397258E-1, 0.69912833, 0.24835269E-8
0.20446907, 0.96281670E-1, 0.69924927, 0.12417634E-7
0.20446838, 0.96168347E-1, 0.69936329, 0.49670539E-8
0.20445494, 0.96049130E-1, 0.69949603, 0.0000000
0.20442398, 0.95921747E-1, 0.69965428, 0.24835269E-8
0.20439388, 0.95794916E-1, 0.69981122, 0.49670539E-8
0.20438059, 0.95676132E-1, 0.69994330, 0.14901161E-7
0.20558889, 0.96128784E-1, 0.69828230, 0.14901161E-7
0.21038824, 0.98259084E-1, 0.69135255, 0.74505806E-8
0.20956181, 0.97760260E-1, 0.69267797, 0.49670539E-8
0.20753467, 0.96702255E-1, 0.69576311, -0.49670539E-8
0.20559557, 0.95686913E-1, 0.69871753, 0.14901161E-7
0.20442130, 0.95028430E-1, 0.70055026, 0.22351742E-7
0.20438279, 0.94898678E-1, 0.70071858, 0.99341078E-8
0.20437227, 0.94781943E-1, 0.70084572, 0.99341078E-8
0.20437355, 0.94670720E-1, 0.70095581, 0.24835269E-8
0.21344686, 0.98757088E-1, 0.68779606, 0.49670539E-8
0.22073404, 0.10201138, 0.67725450, 0.99341078E-8
0.22368546, 0.10325617, 0.67305827, 0.24835269E-8
0.22687180, 0.10460835, 0.66851979, 0.24835269E-8
0.22066389, 0.10162983, 0.67770630, 0.0000000
0.21701743, 0.99835254E-1, 0.68314737, 0.99341078E-8
0.21979368, 0.10099581, 0.67921042, 0.12417634E-7
0.22178207, 0.10179382, 0.67642409, 0.17384687E-7
0.22017132, 0.10093787, 0.67889076, -0.24835269E-8
0.21894385, 0.10025866, 0.68079752, 0.99341078E-8
0.21618086, 0.98879069E-1, 0.68494004, -0.49670539E-8
0.21299185, 0.97307652E-1, 0.68970042, 0.49670539E-8
0.21264398, 0.97035229E-1, 0.69032079, -0.49670539E-8
0.21209522, 0.96672297E-1, 0.69123250, 0.49670539E-8
0.21017046, 0.95682807E-1, 0.69414669, 0.49670539E-8
0.20942461, 0.95231660E-1, 0.69534373, 0.12417634E-7
0.21453077, 0.97439490E-1, 0.68802971, 0.17384687E-7
0.21576697, 0.97888149E-1, 0.68634492, -0.74505806E-8
0.23300028, 0.10558129, 0.66141838, 0.0000000
0.26914552, 0.12182172, 0.60903269, 0.24835269E-8
0.27859047, 0.17387962, 0.51836318, 0.29166669E-1
0.26978984, 0.12182909, 0.60838103, 0.74505806E-8
0.26913682, 0.12139592, 0.60946727, 0.12417634E-7
0.26793179, 0.12071656, 0.61135167, 0.24835269E-8
0.26331103, 0.11850166, 0.61818731, 0.0000000
0.25112197, 0.11288902, 0.63598901, 0.12417634E-7
0.23554720, 0.10576666, 0.65868604, 0.22351742E-7
0.22539498, 0.10109088, 0.67351413, 0.12417634E-7
0.72842693, 0.34428779E-1, 0.23714423, -0.24835269E-8
0.75406998, 0.30590737E-1, 0.21533932, -0.12417634E-7
0.78473496, 0.26300421E-1, 0.18896453, 0.49670539E-8
0.82155031, 0.21460740E-1, 0.15698896, 0.22351742E-7
0.83469534, 0.19692473E-1, 0.14561214, 0.99341078E-8
0.84669876, 0.18159555E-1, 0.13514166, -0.49670539E-8
0.81422728, 0.22397703E-1, 0.16337498, -0.12417634E-7
0.89276695, 0.12554314E-1, 0.94678618E-1, 0.99341078E-8
0.90979356, 0.10506503E-1, 0.79699852E-1, 0.74505806E-8
0.90819091, 0.10648950E-1, 0.81160218E-1, 0.49670539E-8
0.91554862, 0.97598322E-2, 0.74691348E-1, 0.24835269E-8
0.92068219, 0.91438135E-2, 0.70173986E-1, 0.99341078E-8
0.92156202, 0.90285186E-2, 0.69409482E-1, 0.49670539E-8
0.92228466, 0.89315651E-2, 0.68783708E-1, 0.14901161E-7
0.92513418, 0.85905492E-2, 0.66275217E-1, 0.74505806E-8
0.92783576, 0.82692029E-2, 0.63895099E-1, -0.24835269E-8
0.92757851, 0.82888277E-2, 0.64132757E-1, 0.74505806E-8
0.92863083, 0.81581948E-2, 0.63211046E-1, 0.49670539E-8
0.93032306, 0.79544848E-2, 0.61722428E-1, 0.99341078E-8
0.81641430, 0.21695165E-1, 0.16189064, 0.14901161E-7
0.70924979, 0.34604382E-1, 0.25614578, 0.24835269E-8
0.70414257, 0.35259403E-1, 0.26059803, 0.99341078E-8
0.68623018, 0.38735870E-1, 0.27503386, 0.27318796E-7
0.63170487, 0.47163710E-1, 0.32113138, 0.0000000
0.50868207, 0.76278426E-1, 0.41503945, 0.19868216E-7
0.53941959, 0.74039839E-1, 0.38654053, 0.27318796E-7
0.62048686, 0.59583783E-1, 0.31992945, 0.99341078E-8
0.67345029, 0.52315842E-1, 0.27423385, -0.49670539E-8
0.66304743, 0.54481491E-1, 0.28247097, 0.49670539E-8
0.65336859, 0.55406209E-1, 0.29122522, 0.24835269E-8
0.26546997, 0.11552798, 0.61900216, 0.12417634E-7
0.25951493, 0.11280629, 0.62767887, 0.24835269E-8
0.25643608, 0.11133812, 0.63222581, 0.74505806E-8
0.24210100, 0.10499259, 0.65290648, 0.49670539E-8
0.22600766, 0.97897582E-1, 0.67609477, 0.24835269E-8
0.21888392, 0.94699584E-1, 0.68641657, 0.74505806E-8
0.21490289, 0.92867166E-1, 0.69222999, 0.74505806E-8
0.21212097, 0.91556199E-1, 0.69632292, 0.24835269E-8
0.21063010, 0.90804733E-1, 0.69856519, 0.99341078E-8
0.20947157, 0.90197973E-1, 0.70033044, 0.49670539E-8
0.20863414, 0.89730501E-1, 0.70163536, -0.24835269E-8
0.20788424, 0.89301519E-1, 0.70281428, 0.24835269E-8
0.20730262, 0.88945560E-1, 0.70375180, 0.24835269E-8
0.20705093, 0.88731624E-1, 0.70421743, 0.74505806E-8
0.20694326, 0.88579766E-1, 0.70447701, 0.12417634E-7
0.20681323, 0.88418521E-1, 0.70476818, 0.17384687E-7
0.20687361, 0.88338770E-1, 0.70478755, 0.49670539E-8
0.20786887, 0.88658012E-1, 0.70347315, -0.24835269E-8
0.20923661, 0.89134753E-1, 0.70162868, 0.14901161E-7
0.21439445, 0.91224052E-1, 0.69438148, 0.49670539E-8
0.21486361, 0.91316737E-1, 0.69381958, 0.74505806E-8
0.20963138, 0.88988364E-1, 0.70138025, 0.99341078E-8
0.20665610, 0.87620378E-1, 0.70572352, 0.74505806E-8
0.20706348, 0.87688237E-1, 0.70524818, 0.0000000
0.20715404, 0.87622218E-1, 0.70522374, 0.74505806E-8
0.20652527, 0.87251835E-1, 0.70622295, 0.49670539E-8
0.20646214, 0.87120973E-1, 0.70641679, 0.24835269E-8
0.20640087, 0.86990982E-1, 0.70660812, 0.24835269E-8
0.20637448, 0.86875878E-1, 0.70674974, -0.49670539E-8
0.21096735, 0.88702358E-1, 0.70033026, 0.99341078E-8
0.22535656, 0.94642840E-1, 0.68000072, 0.49670539E-8
0.26447269, 0.11094818, 0.62457913, 0.12417634E-7
0.27156022, 0.11379965, 0.61464018, 0.74505806E-8
0.26952437, 0.11282139, 0.61765426, 0.74505806E-8
0.25615498, 0.10710473, 0.63674033, 0.49670539E-8
0.23631449, 0.98694563E-1, 0.66499096, 0.24835269E-8
0.22448517, 0.93643613E-1, 0.68187118, 0.99341078E-8
0.22651400, 0.94377190E-1, 0.67910880, 0.12417634E-7
0.23667127, 0.98494537E-1, 0.66483408, 0.74505806E-8
0.23713322, 0.98572813E-1, 0.66429406, 0.74505806E-8
0.24757092, 0.10278992, 0.64963919, 0.24835269E-8
0.27072874, 0.11227850, 0.61699277, 0.24835269E-8
0.27183580, 0.11260968, 0.61555439, 0.12417634E-7
0.27207944, 0.11258093, 0.61533964, -0.24835269E-8
0.27210781, 0.11246230, 0.61542994, 0.99341078E-8
0.27148250, 0.11207386, 0.61644369, 0.99341078E-8
0.27040520, 0.11149944, 0.61809534, 0.0000000
0.26108289, 0.10753122, 0.63138598, 0.0000000
0.23986769, 0.98677985E-1, 0.66145438, 0.12417634E-7
0.22510447, 0.92494667E-1, 0.68240088, 0.0000000
0.21865572, 0.89737870E-1, 0.69160646, 0.99341078E-8
0.21554208, 0.88354550E-1, 0.69610333, 0.99341078E-8
0.21386045, 0.87560616E-1, 0.69857889, 0.0000000
0.21294077, 0.87080032E-1, 0.69997925, 0.49670539E-8
0.21239261, 0.86752288E-1, 0.70085520, 0.49670539E-8
0.21180566, 0.86409360E-1, 0.70178509, 0.17384687E-7
0.21115202, 0.86039968E-1, 0.70280796, 0.99341078E-8
0.21331511, 0.86817361E-1, 0.69986755, 0.12417634E-7
0.21330462, 0.86711168E-1, 0.69998425, 0.17384687E-7
0.21002175, 0.85274540E-1, 0.70470363, 0.24835269E-8
0.21263798, 0.86233437E-1, 0.70112854, 0.74505806E-8
0.21181493, 0.85798532E-1, 0.70238656, 0.99341078E-8
0.21007013, 0.84990144E-1, 0.70493978, 0.24835269E-8
0.21536200, 0.87027043E-1, 0.69761103, 0.99341078E-8
0.23208241, 0.93674131E-1, 0.67424345, 0.49670539E-8
0.23285687, 0.93883723E-1, 0.67325944, 0.14901161E-7
0.22247310, 0.89592837E-1, 0.68793410, 0.12417634E-7
0.23128615, 0.93031347E-1, 0.67568254, -0.24835269E-8
0.25761965, 0.10350632, 0.63887399, -0.74505806E-8
0.27316752, 0.10963165, 0.61720085, 0.12417634E-7
0.27317497, 0.10951064, 0.61731440, 0.49670539E-8
0.27264252, 0.10917229, 0.61818510, 0.17384687E-7
0.27354318, 0.10940669, 0.61705005, 0.12417634E-7
0.27334920, 0.10920238, 0.61744839, 0.0000000
0.27283007, 0.10886829, 0.61830157, 0.99341078E-8
0.27359474, 0.10904613, 0.61735916, 0.24835269E-8
0.27308321, 0.10871523, 0.61820149, 0.0000000
0.27337691, 0.10870493, 0.61791819, 0.24835269E-8
0.27236173, 0.10817510, 0.61946321, 0.74505806E-8
0.27277520, 0.10821281, 0.61901194, 0.99341078E-8
0.27234393, 0.10791559, 0.61974049, 0.99341078E-8
0.27271155, 0.10793515, 0.61935335, 0.74505806E-8
0.26961669, 0.10658564, 0.62379771, 0.17384687E-7
0.25706330, 0.10150487, 0.64143187, 0.74505806E-8
0.23891944, 0.94228983E-1, 0.66685152, 0.12417634E-7
0.22662623, 0.89274071E-1, 0.68409961, 0.74505806E-8
0.22119583, 0.87030448E-1, 0.69177371, 0.12417634E-7
0.21923371, 0.86155482E-1, 0.69461083, 0.99341078E-8
0.21458267, 0.84226899E-1, 0.70119041, 0.99341078E-8
0.21201940, 0.83120696E-1, 0.70485997, 0.24835269E-8
0.21094854, 0.82601458E-1, 0.70644999, 0.99341078E-8
0.21776645, 0.85168101E-1, 0.69706541, 0.49670539E-8
0.21921019, 0.85632242E-1, 0.69515759, 0.12417634E-7
0.25486901, 0.99442177E-1, 0.64568883, 0.49670539E-8
0.27392277, 0.10675932, 0.61931795, 0.0000000
0.27428785, 0.10677949, 0.61893266, 0.99341078E-8
0.27311626, 0.10620109, 0.62068266, 0.24835269E-8
0.27315623, 0.10609328, 0.62075049, 0.49670539E-8
0.27423772, 0.10638961, 0.61937261, -0.74505806E-8
0.27112320, 0.10505890, 0.62381792, 0.24835269E-8
0.25719675, 0.99546321E-1, 0.64325684, 0.99341078E-8
0.23888928, 0.92351019E-1, 0.66875964, 0.99341078E-8
0.22642900, 0.87429427E-1, 0.68614167, 0.0000000
0.22017936, 0.84914230E-1, 0.69490641, 0.14901161E-7
0.21640103, 0.83356954E-1, 0.70024204, 0.0000000
0.21354008, 0.82155891E-1, 0.70430404, 0.24835269E-8
0.21339618, 0.82001500E-1, 0.70460230, 0.14901161E-7
0.21246862, 0.81547193E-1, 0.70598429, 0.49670539E-8
0.21066524, 0.80757469E-1, 0.70857733, 0.12417634E-7
0.20988850, 0.80362685E-1, 0.70974880, 0.14901161E-7
0.20927209, 0.80029942E-1, 0.71069795, 0.12417634E-7
0.21407855, 0.81768684E-1, 0.70415276, 0.99341078E-8
0.21533698, 0.82152501E-1, 0.70251042, 0.49670539E-8
0.20978391, 0.79937175E-1, 0.71027881, 0.12417634E-7
0.20894341, 0.79520769E-1, 0.71153575, 0.99341078E-8
0.20868964, 0.79328246E-1, 0.71198207, 0.74505806E-8
0.20858490, 0.79192653E-1, 0.71222234, 0.99341078E-8
0.20848376, 0.79058595E-1, 0.71245772, 0.22351742E-7
0.20838284, 0.78924827E-1, 0.71269232, -0.24835269E-8
0.20827837, 0.78789897E-1, 0.71293157, -0.24835269E-8
0.20817439, 0.78655310E-1, 0.71317029, 0.24835269E-8
0.20809411, 0.78529872E-1, 0.71337599, 0.0000000
0.20805033, 0.78418382E-1, 0.71353126, 0.49670539E-8
0.20802599, 0.78314342E-1, 0.71365958, 0.24835269E-8
0.20800285, 0.78210846E-1, 0.71378636, -0.49670539E-8
0.22090520, 0.82962833E-1, 0.69613194, -0.24835269E-8
0.24242364, 0.90936787E-1, 0.66663963, 0.14901161E-7
0.27520689, 0.10312488, 0.62166828, 0.49670539E-8
0.27497470, 0.10292380, 0.62210160, 0.12417634E-7
0.27312344, 0.10211515, 0.62476140, 0.49670539E-8
0.26801777, 0.10009083, 0.63189143, 0.19868216E-7
0.26644707, 0.99387944E-1, 0.63416499, 0.19868216E-7
0.27563131, 0.10269456, 0.62167412, 0.24835269E-8
0.27545747, 0.10251045, 0.62203211, -0.12417634E-7
0.27479035, 0.10214316, 0.62306660, 0.19868216E-7
0.27327779, 0.10146218, 0.62526000, 0.14901161E-7
0.26937428, 0.99896751E-1, 0.63072902, 0.24835269E-8
0.25010243, 0.92641115E-1, 0.65725648, 0.24835269E-8
0.23435988, 0.86705901E-1, 0.67893428, 0.49670539E-8
0.26245159, 0.96982040E-1, 0.64056629, 0.49670539E-8
0.27242050, 0.10054957, 0.62702996, 0.14901161E-7
0.26674524, 0.98340504E-1, 0.63491434, 0.74505806E-8
0.27235654, 0.10029053, 0.62735295, 0.12417634E-7
0.27504972, 0.10116454, 0.62378579, 0.24835269E-8
0.27271667, 0.10018963, 0.62709379, 0.24835269E-8
0.25779173, 0.94596349E-1, 0.64761192, 0.99341078E-8
0.25541338, 0.93610309E-1, 0.65097648, 0.24835269E-8
0.27463642, 0.10053837, 0.62482524, 0.74505806E-8
0.27561471, 0.10077870, 0.62360656, 0.0000000
0.27049974, 0.98793179E-1, 0.63070714, 0.74505806E-8
0.25212848, 0.91975488E-1, 0.65589601, 0.99341078E-8
0.23711418, 0.86394735E-1, 0.67649120, 0.99341078E-8
0.22926043, 0.83433114E-1, 0.68730646, 0.24835269E-8
0.22412640, 0.81466950E-1, 0.69440669, 0.0000000
0.22000362, 0.79872437E-1, 0.70012385, 0.17384687E-7
0.21584161, 0.78266881E-1, 0.70589161, 0.74505806E-8
0.21378322, 0.77426903E-1, 0.70878983, 0.74505806E-8
0.21225516, 0.76780580E-1, 0.71096420, 0.74505806E-8
0.21117216, 0.76296486E-1, 0.71253139, 0.99341078E-8
0.21032067, 0.75896867E-1, 0.71378249, 0.74505806E-8
0.21365745, 0.77007234E-1, 0.70933533, 0.74505806E-8
0.21568882, 0.77647023E-1, 0.70666409, 0.74505806E-8
0.21389912, 0.76909721E-1, 0.70919114, 0.49670539E-8
0.21691592, 0.77901959E-1, 0.70518214, 0.49670539E-8
0.21172607, 0.75946353E-1, 0.71232754, -0.24835269E-8
0.21039349, 0.75377174E-1, 0.71422929, 0.49670539E-8
0.20969979, 0.75037710E-1, 0.71526247, 0.74505806E-8
0.20950280, 0.74876435E-1, 0.71562082, 0.74505806E-8
0.20939732, 0.74748076E-1, 0.71585464, 0.74505806E-8
0.20930384, 0.74624188E-1, 0.71607184, 0.74505806E-8
0.20921920, 0.74503630E-1, 0.71627718, 0.49670539E-8
0.20913339, 0.74382789E-1, 0.71648383, 0.0000000
0.21278943, 0.75592272E-1, 0.71161836, -0.24835269E-8
0.21256310, 0.75420387E-1, 0.71201658, 0.99341078E-8
0.21298224, 0.75479910E-1, 0.71153790, 0.99341078E-8
0.20901220, 0.73982961E-1, 0.71700484, 0.0000000
0.20932905, 0.74005172E-1, 0.71666574, 0.74505806E-8
0.20953862, 0.73989742E-1, 0.71647167, 0.99341078E-8
0.20897831, 0.73702313E-1, 0.71731943, 0.49670539E-8
0.20896254, 0.73607355E-1, 0.71743011, 0.99341078E-8
0.20894741, 0.73512688E-1, 0.71753997, 0.74505806E-8
0.20894094, 0.73421203E-1, 0.71763784, 0.24835269E-8
0.21456254, 0.75305320E-1, 0.71013230, 0.24835269E-8
0.22746150, 0.79740457E-1, 0.69279796, 0.74505806E-8
0.23352490, 0.81772216E-1, 0.68470293, 0.49670539E-8
0.24154299, 0.84486485E-1, 0.67397052, 0.24835269E-8
0.24476467, 0.85516959E-1, 0.66971827, -0.24835269E-8
0.23209243, 0.80995679E-1, 0.68691200, 0.0000000
0.22455828, 0.78273378E-1, 0.69716829, 0.49670539E-8
0.22081755, 0.76877721E-1, 0.70230466, 0.12417634E-7
0.22101583, 0.76854520E-1, 0.70212978, 0.0000000
0.21702661, 0.75377233E-1, 0.70759612, 0.99341078E-8
0.21455340, 0.74428461E-1, 0.71101815, 0.74505806E-8
0.21302064, 0.73807575E-1, 0.71317172, 0.74505806E-8
0.21175088, 0.73278911E-1, 0.71497017, -0.49670539E-8
0.21085097, 0.72879083E-1, 0.71626991, 0.99341078E-8
0.21055768, 0.72689451E-1, 0.71675283, 0.14901161E-7
0.21038850, 0.72543003E-1, 0.71706837, 0.99341078E-8
0.21022791, 0.72399743E-1, 0.71737236, 0.49670539E-8
0.21008374, 0.72262324E-1, 0.71765399, 0.99341078E-8
0.20992722, 0.72120883E-1, 0.71795201, 0.12417634E-7
0.21027547, 0.72152816E-1, 0.71757168, 0.17384687E-7
0.20965457, 0.71852572E-1, 0.71849281, 0.74505806E-8
0.20960486, 0.71748294E-1, 0.71864682, 0.24835269E-8
0.20958455, 0.71654223E-1, 0.71876121, 0.99341078E-8
0.20956425, 0.71560271E-1, 0.71887547, 0.24835269E-8
0.20953882, 0.71464680E-1, 0.71899647, 0.17384687E-7
0.20951806, 0.71370803E-1, 0.71911120, 0.49670539E-8
0.20950395, 0.71279310E-1, 0.71921682, 0.99341078E-8
0.20949130, 0.71188413E-1, 0.71932024, 0.12417634E-7
0.20947947, 0.71097918E-1, 0.71942264, 0.14901161E-7
0.20947431, 0.71009792E-1, 0.71951598, -0.49670539E-8
0.20946634, 0.70920818E-1, 0.71961284, 0.24835269E-8
0.20945525, 0.70830874E-1, 0.71971393, 0.12417634E-7
0.20944095, 0.70739977E-1, 0.71981907, 0.12417634E-7
0.20942128, 0.70647366E-1, 0.71993136, -0.49670539E-8
0.21684361, 0.73062524E-1, 0.71009398, 0.14901161E-7
0.22254843, 0.74896812E-1, 0.70255476, 0.12417634E-7
0.22521836, 0.75707264E-1, 0.69907433, 0.24835269E-8
0.22573765, 0.75793527E-1, 0.69846874, 0.24835269E-8
0.24537039, 0.82289673E-1, 0.67233986, 0.0000000
0.27390894, 0.91759741E-1, 0.63433129, 0.14901161E-7
0.27858859, 0.93225293E-1, 0.62818611, 0.49670539E-8
0.27707863, 0.92615150E-1, 0.63030618, 0.17384687E-7
0.27436304, 0.91602065E-1, 0.63403487, -0.24835269E-8
0.26580450, 0.88641874E-1, 0.64555365, 0.49670539E-8
0.25252819, 0.84115542E-1, 0.66335624, 0.49670539E-8
0.24083821, 0.80126412E-1, 0.67903537, 0.12417634E-7
0.23302336, 0.77433780E-1, 0.68954295, 0.74505806E-8
0.22854078, 0.75853221E-1, 0.69560593, 0.24835269E-8
0.22600366, 0.74921161E-1, 0.69907516, 0.0000000
0.22452043, 0.74340127E-1, 0.70113945, 0.24835269E-8
0.22292955, 0.73724866E-1, 0.70334554, 0.14901161E-7
0.22100826, 0.73001675E-1, 0.70599002, 0.12417634E-7
0.21881634, 0.72190784E-1, 0.70899290, 0.17384687E-7
0.21713424, 0.71549475E-1, 0.71131629, 0.14901161E-7
0.24704289, 0.81305929E-1, 0.67165112, 0.74505806E-8
0.27826187, 0.91478042E-1, 0.63025999, 0.17384687E-7
0.27908298, 0.91642670E-1, 0.62927425, 0.99341078E-8
0.27894104, 0.91489621E-1, 0.62956935, 0.0000000
0.27911559, 0.91439933E-1, 0.62944442, 0.99341078E-8
0.27859446, 0.91162354E-1, 0.63024324, 0.24835269E-8
0.27690110, 0.90502203E-1, 0.63259667, 0.24835269E-8
0.27246794, 0.88948824E-1, 0.63858324, -0.49670539E-8
0.26681519, 0.87000489E-1, 0.64618438, 0.49670539E-8
0.26046464, 0.84828593E-1, 0.65470684, 0.0000000
0.25297621, 0.82290880E-1, 0.66473293, -0.24835269E-8
0.24479784, 0.79535060E-1, 0.67566711, 0.49670539E-8
0.23762526, 0.77112362E-1, 0.68526244, 0.49670539E-8
0.23137392, 0.74993566E-1, 0.69363242, 0.99341078E-8
0.22820377, 0.73876977E-1, 0.69791931, 0.24835269E-8
0.22550206, 0.72914548E-1, 0.70158345, 0.24835269E-8
0.22290818, 0.71989253E-1, 0.70510250, 0.14901161E-7
0.22039472, 0.71092047E-1, 0.70851320, 0.99341078E-8
0.21806389, 0.70255578E-1, 0.71168047, 0.49670539E-8
0.21668099, 0.69725864E-1, 0.71359318, 0.24835269E-8
0.21573044, 0.69336303E-1, 0.71493322, 0.0000000
0.21482725, 0.68962619E-1, 0.71621019, 0.74505806E-8
0.21423681, 0.68690009E-1, 0.71707320, 0.49670539E-8
0.21548925, 0.69007896E-1, 0.71550280, 0.74505806E-8
0.22643222, 0.72425701E-1, 0.70114207, 0.49670539E-8
0.22499315, 0.71881019E-1, 0.70312572, 0.14901161E-7
0.21759127, 0.69433108E-1, 0.71297556, 0.0000000
0.21529454, 0.68617284E-1, 0.71608824, 0.49670539E-8
0.21458025, 0.68307124E-1, 0.71711272, 0.12417634E-7
0.21399297, 0.68038188E-1, 0.71796876, 0.12417634E-7
0.21336068, 0.67755409E-1, 0.71888393, 0.0000000
0.21269560, 0.67462668E-1, 0.71984166, 0.12417634E-7
0.21215804, 0.67210823E-1, 0.72063112, 0.49670539E-8
0.21194367, 0.67061655E-1, 0.72099465, -0.49670539E-8
0.21187077, 0.66957451E-1, 0.72117168, 0.74505806E-8
0.21180709, 0.66856317E-1, 0.72133660, 0.17384687E-7
0.21173535, 0.66752844E-1, 0.72151178, 0.49670539E-8
0.21164767, 0.66644467E-1, 0.72170776, 0.49670539E-8
0.21156664, 0.66538297E-1, 0.72189504, -0.74505806E-8
0.21151693, 0.66442057E-1, 0.72204095, 0.0000000
0.21146215, 0.66344388E-1, 0.72219330, 0.0000000
0.21140118, 0.66244967E-1, 0.72235388, 0.99341078E-8
0.21134092, 0.66145919E-1, 0.72251320, 0.74505806E-8
0.21128829, 0.66049375E-1, 0.72266239, 0.24835269E-8
0.21123417, 0.65952547E-1, 0.72281331, 0.74505806E-8
0.21116285, 0.65850459E-1, 0.72298664, 0.99341078E-8
0.21108110, 0.65745279E-1, 0.72317362, 0.0000000
0.21103485, 0.65651245E-1, 0.72331381, 0.17384687E-7
0.21357383, 0.66360421E-1, 0.72006583, 0.49670539E-8
0.22378975, 0.69453232E-1, 0.70675701, 0.0000000
0.23477793, 0.72780713E-1, 0.69244140, -0.24835269E-8
0.24796565, 0.76786555E-1, 0.67524773, 0.14901161E-7
0.25575814, 0.79114899E-1, 0.66512698, 0.0000000
0.24925852, 0.77020749E-1, 0.67372078, 0.24835269E-8
0.24264288, 0.74890666E-1, 0.68246645, 0.24835269E-8
0.23664850, 0.72954006E-1, 0.69039744, -0.24835269E-8
0.23097731, 0.71120076E-1, 0.69790262, 0.99341078E-8
0.22726969, 0.69894522E-1, 0.70283580, -0.24835269E-8
0.22359304, 0.68681382E-1, 0.70772552, 0.49670539E-8
0.21979143, 0.67432784E-1, 0.71277577, 0.14901161E-7
0.21737371, 0.66610865E-1, 0.71601540, 0.74505806E-8
0.21632676, 0.66210456E-1, 0.71746272, 0.19868216E-7
0.21544932, 0.65862671E-1, 0.71868801, 0.12417634E-7
0.21470428, 0.65555908E-1, 0.71973974, 0.99341078E-8
0.21391833, 0.65236986E-1, 0.72084475, -0.24835269E-8
0.21331877, 0.64975455E-1, 0.72170573, 0.12417634E-7
0.21278428, 0.64734250E-1, 0.72248143, 0.99341078E-8
0.21252348, 0.64576618E-1, 0.72289985, 0.0000000
0.21237849, 0.64454369E-1, 0.72316700, 0.49670539E-8
0.21224095, 0.64334601E-1, 0.72342443, 0.17384687E-7
0.21211839, 0.64219594E-1, 0.72366196, 0.12417634E-7
0.21204396, 0.64119428E-1, 0.72383666, 0.0000000
0.21197449, 0.64020917E-1, 0.72400457, 0.14901161E-7
0.21191682, 0.63926116E-1, 0.72415704, 0.49670539E-8
0.21606994, 0.65100290E-1, 0.71882969, 0.49670539E-8
0.22160001, 0.66687189E-1, 0.71171278, 0.74505806E-8
0.22386797, 0.67291476E-1, 0.70884061, 0.0000000
0.22055030, 0.66216648E-1, 0.71323299, 0.49670539E-8
0.21701430, 0.65077804E-1, 0.71790791, 0.49670539E-8
0.21495169, 0.64382263E-1, 0.72066599, 0.74505806E-8
0.21350980, 0.63873596E-1, 0.72261661, 0.49670539E-8
0.21266823, 0.63545175E-1, 0.72378665, 0.74505806E-8
0.21210879, 0.63301496E-1, 0.72458965, 0.74505806E-8
0.21190286, 0.63163586E-1, 0.72493356, 0.49670539E-8
0.21211362, 0.63149974E-1, 0.72473639, 0.99341078E-8
0.21179222, 0.62977947E-1, 0.72522992, 0.74505806E-8
0.21170025, 0.62874392E-1, 0.72542530, 0.49670539E-8
0.96169519, 0.30504714E-2, 0.35254277E-1, -0.49670539E-8
0.96166569, 0.30486637E-2, 0.35285611E-1, 0.19868216E-7
0.96050924, 0.31369363E-2, 0.36353819E-1, 0.99341078E-8
0.96481651, 0.27915959E-2, 0.32391950E-1, 0.17384687E-7
0.96795303, 0.25398219E-2, 0.29507084E-1, 0.24835269E-8
0.97192997, 0.22221976E-2, 0.25847824E-1, 0.22351742E-7
0.97249025, 0.21756270E-2, 0.25334137E-1, 0.17384687E-7
0.97204727, 0.22084538E-2, 0.25744336E-1, 0.14901161E-7
0.97646505, 0.18574689E-2, 0.21677447E-1, 0.74505806E-8
0.97872192, 0.16775999E-2, 0.19600384E-1, 0.74505806E-8
0.97976261, 0.15938970E-2, 0.18643402E-1, 0.24835269E-8
0.97902888, 0.16500241E-2, 0.19321129E-1, 0.22351742E-7
0.97906518, 0.16454725E-2, 0.19289402E-1, 0.19868216E-7
0.97909588, 0.16413658E-2, 0.19262711E-1, 0.14901161E-7
0.98178512, 0.14287019E-2, 0.16786039E-1, 0.99341078E-8
0.98243350, 0.13765027E-2, 0.16190074E-1, 0.24835269E-8
0.98505312, 0.11700134E-2, 0.13776845E-1, -0.24835269E-8
0.98651999, 0.10541262E-2, 0.12425815E-1, 0.0000000
0.98716050, 0.10031054E-2, 0.11836342E-1, -0.74505806E-8
0.98699647, 0.10150071E-2, 0.11988531E-1, 0.12417634E-7
0.98649955, 0.10528412E-2, 0.12447505E-1, 0.22351742E-7
0.98709780, 0.10052697E-2, 0.11896876E-1, 0.12417634E-7
0.98818964, 0.91935782E-3, 0.10890909E-1, 0.19868216E-7
0.98821616, 0.91647595E-3, 0.10867245E-1, -0.24835269E-8
0.98920822, 0.83857548E-3, 0.99532316E-2, -0.24835269E-8
0.98964971, 0.80355030E-3, 0.95468126E-2, 0.24835269E-8
0.98937678, 0.82400726E-3, 0.97992579E-2, 0.0000000
0.98960513, 0.80556487E-3, 0.95892530E-2, 0.14901161E-7
0.98980474, 0.78940234E-3, 0.94059324E-2, -0.24835269E-8
0.95751929, 0.32852013E-2, 0.39195497E-1, 0.99341078E-8
0.21134955, 0.60947459E-1, 0.72770292, 0.24835269E-8
0.21136238, 0.60877398E-1, 0.72776026, 0.24835269E-8
0.21137543, 0.60807470E-1, 0.72781712, 0.0000000
0.21138783, 0.60737450E-1, 0.72787470, 0.0000000
0.21139906, 0.60667172E-1, 0.72793382, 0.49670539E-8
0.21141100, 0.60597192E-1, 0.72799188, 0.49670539E-8
0.23086064, 0.66091724E-1, 0.70304769, 0.99341078E-8
0.27793756, 0.79493172E-1, 0.64256936, 0.24835269E-8
0.28240272, 0.80690987E-1, 0.63690627, 0.14901161E-7
0.28234327, 0.80587737E-1, 0.63706905, 0.74505806E-8
0.28246421, 0.80532983E-1, 0.63700289, 0.99341078E-8
0.28250542, 0.80453523E-1, 0.63704097, 0.99341078E-8
0.28252891, 0.80367900E-1, 0.63710320, 0.74505806E-8
0.28241134, 0.80241702E-1, 0.63734704, 0.49670539E-8
0.28213558, 0.80070592E-1, 0.63779390, -0.24835269E-8
0.28242794, 0.80060460E-1, 0.63751161, 0.0000000
0.28194466, 0.79830356E-1, 0.63822502, 0.0000000
0.28139710, 0.79582505E-1, 0.63902038, 0.24835269E-8
0.28236678, 0.79763852E-1, 0.63786930, 0.99341078E-8
0.28132296, 0.79376213E-1, 0.63930076, 0.24835269E-8
0.27964824, 0.78811444E-1, 0.64154035, 0.12417634E-7
0.27935129, 0.78635521E-1, 0.64201313, 0.14901161E-7
0.28084549, 0.78963764E-1, 0.64019078, 0.0000000
0.27867815, 0.78263260E-1, 0.64305860, 0.74505806E-8
0.27076101, 0.75951651E-1, 0.65328729, 0.14901161E-7
0.26131922, 0.73217019E-1, 0.66546375, 0.99341078E-8
0.25559720, 0.71529783E-1, 0.67287302, 0.49670539E-8
0.24543585, 0.68605602E-1, 0.68595856, 0.0000000
0.23419625, 0.65386102E-1, 0.70041770, 0.12417634E-7
0.22789757, 0.63551746E-1, 0.70855069, 0.49670539E-8
0.22500189, 0.62669314E-1, 0.71232885, 0.17384687E-7
0.25641626, 0.71332574E-1, 0.67225122, -0.24835269E-8
0.27099118, 0.75303324E-1, 0.65370548, 0.24835269E-8
0.28184065, 0.78227647E-1, 0.63993174, 0.49670539E-8
0.28233817, 0.78275725E-1, 0.63938612, 0.49670539E-8
0.28158489, 0.77976756E-1, 0.64043826, 0.74505806E-8
0.28117427, 0.77772707E-1, 0.64105290, 0.99341078E-8
0.28246048, 0.78037895E-1, 0.63950163, 0.49670539E-8
0.27986789, 0.77231809E-1, 0.64290029, -0.74505806E-8
0.27452084, 0.75668402E-1, 0.64981073, 0.0000000
0.26544094, 0.73080957E-1, 0.66147804, 0.12417634E-7
0.26277599, 0.72262026E-1, 0.66496187, 0.24835269E-8
0.25651559, 0.70459567E-1, 0.67302489, 0.24835269E-8
0.24225231, 0.66463016E-1, 0.69128460, 0.49670539E-8
0.23670846, 0.64865522E-1, 0.69842601, 0.74505806E-8
0.23125012, 0.63294888E-1, 0.70545501, 0.49670539E-8
0.22718751, 0.62109321E-1, 0.71070313, 0.14901161E-7
0.22362269, 0.61062306E-1, 0.71531504, 0.24835269E-8
0.22058743, 0.60161844E-1, 0.71925074, 0.17384687E-7
0.25412384, 0.69224320E-1, 0.67665178, 0.24835268E-7
0.28326708, 0.77079795E-1, 0.63965315, 0.19868216E-7
0.28241524, 0.76761387E-1, 0.64082330, 0.74505806E-8
0.28140390, 0.76399647E-1, 0.64219642, 0.74505806E-8
0.28038934, 0.76037198E-1, 0.64357340, 0.74505806E-8
0.28333232, 0.76747075E-1, 0.63992059, 0.49670539E-8
0.28355166, 0.76718174E-1, 0.63973016, 0.24835269E-8
0.28345689, 0.76604255E-1, 0.63993889, 0.17384687E-7
0.27975121, 0.75516179E-1, 0.64473265, 0.0000000
0.26716694, 0.72036289E-1, 0.66079676, 0.14901161E-7
0.25086260, 0.67561634E-1, 0.68157572, 0.74505806E-8
0.23593764, 0.63467249E-1, 0.70059514, 0.0000000
0.22868927, 0.61444361E-1, 0.70986629, 0.49670539E-8
0.22481219, 0.60331043E-1, 0.71485668, 0.99341078E-8
0.22083712, 0.59193760E-1, 0.71996921, -0.24835269E-8
0.21866877, 0.58542583E-1, 0.72278857, 0.99341078E-8
0.22624739, 0.60499813E-1, 0.71325278, 0.14901161E-7
0.23080967, 0.61646987E-1, 0.70754319, 0.74505806E-8
0.23050706, 0.61494637E-1, 0.70799834, 0.24835269E-8
0.22580679, 0.60170460E-1, 0.71402282, 0.74505806E-8
0.22065766, 0.58728833E-1, 0.72061348, 0.49670539E-8
0.21817422, 0.57998929E-1, 0.72382689, 0.49670539E-8
0.21650261, 0.57486076E-1, 0.72601128, 0.49670539E-8
0.21502461, 0.57025578E-1, 0.72794968, -0.24835269E-8
0.21422403, 0.56745317E-1, 0.72903061, -0.49670539E-8
0.23084760, 0.61076511E-1, 0.70807600, 0.49670539E-8
0.22410367, 0.59225243E-1, 0.71667105, 0.49670539E-8
0.21809559, 0.57569370E-1, 0.72433501, 0.0000000
0.21960245, 0.57898402E-1, 0.72249913, 0.0000000
0.22297759, 0.58719814E-1, 0.71830267, 0.24835269E-8
0.24173962, 0.63585870E-1, 0.69467449, 0.99341078E-8
0.27042338, 0.71057007E-1, 0.65851969, 0.49670539E-8
0.27901545, 0.73236816E-1, 0.64774770, 0.12417634E-7
0.27954939, 0.73297977E-1, 0.64715272, 0.74505806E-8
0.26223555, 0.68682127E-1, 0.66908234, 0.49670539E-8
0.23702955, 0.62008400E-1, 0.70096201, 0.24835269E-8
0.22479819, 0.58738824E-1, 0.71646309, 0.12417634E-7
0.22047658, 0.57541166E-1, 0.72198218, 0.12417634E-7
0.23582757, 0.61473668E-1, 0.70269871, 0.99341078E-8
0.28212628, 0.73461480E-1, 0.64441222, 0.14901161E-7
0.28228101, 0.73420145E-1, 0.64429891, 0.24835269E-8
0.28391352, 0.73762126E-1, 0.64232439, 0.49670539E-8
0.28369361, 0.73621929E-1, 0.64268440, 0.24835269E-8
0.28383538, 0.73575571E-1, 0.64258903, 0.24835269E-8
0.28207755, 0.73037095E-1, 0.64488542, 0.49670539E-8
0.26703516, 0.69064103E-1, 0.66390067, 0.0000000
0.24127764, 0.62329713E-1, 0.69639260, 0.74505806E-8
0.25893322, 0.66810317E-1, 0.67425650, 0.99341078E-8
0.28340164, 0.73042244E-1, 0.64355606, 0.0000000
0.28313705, 0.72891541E-1, 0.64397150, 0.99341078E-8
0.28045532, 0.72119363E-1, 0.64742535, 0.74505806E-8
0.27803263, 0.71414225E-1, 0.65055311, 0.49670539E-8
0.28298998, 0.72605141E-1, 0.64440483, 0.12417634E-7
0.26915106, 0.68976797E-1, 0.66187215, 0.49670539E-8
0.24189614, 0.61920043E-1, 0.69618368, 0.12417634E-7
0.23074929, 0.58996517E-1, 0.71025419, 0.74505806E-8
0.24699372, 0.63075215E-1, 0.68993109, 0.14901161E-7
0.26785263, 0.68323098E-1, 0.66382426, 0.0000000
0.28453329, 0.72497763E-1, 0.64296895, 0.74505806E-8
0.27891326, 0.70986420E-1, 0.65010035, 0.99341078E-8
0.25398383, 0.64568698E-1, 0.68144751, 0.74505806E-8
0.23151672, 0.58787640E-1, 0.70969558, 0.99341078E-8
0.22326148, 0.56624424E-1, 0.72011417, 0.0000000
0.21897252, 0.55470694E-1, 0.72555679, -0.49670539E-8
0.21723013, 0.54963965E-1, 0.72780603, 0.24835269E-8
0.21589364, 0.54560918E-1, 0.72954553, 0.99341078E-8
0.21494634, 0.54256897E-1, 0.73079681, -0.99341078E-8
0.21464837, 0.54117199E-1, 0.73123437, 0.17384687E-7
0.21442907, 0.53997561E-1, 0.73157340, 0.74505806E-8
0.21424671, 0.53887453E-1, 0.73186588, 0.14901161E-7
0.22323535, 0.56081977E-1, 0.72068262, 0.0000000
0.24593616, 0.61713483E-1, 0.69235039, -0.24835269E-8
0.28483236, 0.71402721E-1, 0.64376491, 0.14901161E-7
0.28177670, 0.70563160E-1, 0.64766008, 0.74505806E-8
0.27731085, 0.69369055E-1, 0.65332013, 0.12417634E-7
0.25313044, 0.63249812E-1, 0.68361974, 0.49670539E-8
0.23218328, 0.57947744E-1, 0.70986891, 0.49670539E-8
0.22549312, 0.56211900E-1, 0.71829504, -0.49670539E-8
0.22097526, 0.55020753E-1, 0.72400385, 0.99341078E-8
0.21834941, 0.54302651E-1, 0.72734791, 0.17384687E-7
0.21694309, 0.53889051E-1, 0.72916788, 0.14901161E-7
0.21562718, 0.53498704E-1, 0.73087406, 0.0000000
0.21498467, 0.53275973E-1, 0.73173934, -0.99341078E-8
0.21477465, 0.53160723E-1, 0.73206478, 0.99341078E-8
0.25452146, 0.62924072E-1, 0.68255448, -0.24835269E-8
0.28413004, 0.70173390E-1, 0.64569658, 0.74505806E-8
0.27701586, 0.68343528E-1, 0.65464061, 0.49670539E-8
0.25340521, 0.62449571E-1, 0.68414521, 0.14901161E-7
0.23264790, 0.57280656E-1, 0.71007150, 0.14901161E-7
0.22466271, 0.55348691E-1, 0.71998864, -0.49670539E-8
0.22042258, 0.54388780E-1, 0.72518855, 0.0000000
0.21835072, 0.53994108E-1, 0.72765517, 0.74505806E-8
0.21719007, 0.53827871E-1, 0.72898203, 0.74505806E-8
0.21641903, 0.53737342E-1, 0.72984362, 0.49670539E-8
0.21558410, 0.53611208E-1, 0.73080474, 0.99341078E-8
0.21505837, 0.53532142E-1, 0.73140955, 0.0000000
0.21494007, 0.53550031E-1, 0.73150992, 0.0000000
0.21539946, 0.53721387E-1, 0.73087925, 0.0000000
0.21768731, 0.54458380E-1, 0.72785425, 0.14901161E-7
0.21496107, 0.53928923E-1, 0.73110992, -0.49670539E-8
0.21987335, 0.55369575E-1, 0.72475702, 0.14901161E-7
0.21649708, 0.54924820E-1, 0.72857809, 0.24835269E-8
0.21412069, 0.54408778E-1, 0.73147053, 0.0000000
0.21414442, 0.54460075E-1, 0.73139548, 0.99341078E-8
0.21393634, 0.54451715E-1, 0.73161191, 0.99341078E-8
0.21727312, 0.55423707E-1, 0.72730321, 0.24835269E-8
0.22053623, 0.56780841E-1, 0.72268295, 0.99341078E-8
0.21800123, 0.56766003E-1, 0.72523278, 0.14901161E-7
0.21917315, 0.57280373E-1, 0.72354645, 0.49670539E-8
0.22509980, 0.59415385E-1, 0.71548480, 0.49670539E-8
0.22777005, 0.60740214E-1, 0.71148974, 0.24835269E-8
0.22586255, 0.60720693E-1, 0.71341681, 0.74505806E-8
0.22010052, 0.59583653E-1, 0.72031587, 0.24835268E-7
0.21967690, 0.59823442E-1, 0.72049969, -0.24835269E-8
0.28087652, 0.77104472E-1, 0.64201909, 0.12417634E-7
0.28137693, 0.78026436E-1, 0.64059657, 0.12417634E-7
0.27195814, 0.76188423E-1, 0.65185350, 0.24835269E-8
0.25010896, 0.70741989E-1, 0.67914897, 0.24835269E-8
0.27795887, 0.79350576E-1, 0.64269054, 0.0000000
0.28110179, 0.81140868E-1, 0.63775730, -0.24835269E-8
0.27954975, 0.81698790E-1, 0.63875151, -0.49670539E-8
0.28333631, 0.14535427, 0.54214281, 0.29166659E-1
0.26706675, 0.14097847, 0.56278819, 0.29166676E-1
0.26419416, 0.10554194, 0.61776394, 0.12500000E-1
0.28580976, 0.13880287, 0.55038744, 0.25000006E-1
0.28633872, 0.14819525, 0.53629929, 0.29166678E-1
0.28700387, 0.15755945, 0.52210337, 0.33333343E-1
0.28585333, 0.14909121, 0.53588873, 0.29166682E-1
0.28375244, 0.15757968, 0.52533454, 0.33333346E-1
0.28582862, 0.15869182, 0.52214628, 0.33333339E-1
0.28700408, 0.16806503, 0.50743085, 0.37500001E-1
0.28810456, 0.17729695, 0.49293181, 0.41666675E-1
0.28471878, 0.15970339, 0.52224451, 0.33333346E-1
0.28434065, 0.16848065, 0.50967872, 0.37500013E-1
0.28572968, 0.16939859, 0.50737184, 0.37500013E-1
0.27460697, 0.15779632, 0.53426337, 0.33333335E-1
0.25426641, 0.14307065, 0.57349628, 0.29166669E-1
0.22627711, 0.75832553E-1, 0.69789028, 0.12417634E-7
0.22834335, 0.76907232E-1, 0.69474941, 0.49670539E-8
0.23494788, 0.79863496E-1, 0.68518871, 0.24835269E-8
0.22470951, 0.76910116E-1, 0.69838029, 0.19868216E-7
0.22073984, 0.75894393E-1, 0.70336580, -0.24835269E-8
0.21746774, 0.75016610E-1, 0.70751566, 0.0000000
0.21445788, 0.74112438E-1, 0.71142960, -0.24835269E-8
0.21323822, 0.73771395E-1, 0.71299034, 0.74505806E-8
0.21248184, 0.73564552E-1, 0.71395367, 0.24835269E-8
0.21167654, 0.73318370E-1, 0.71500498, 0.99341078E-8
0.21093430, 0.73067680E-1, 0.71599799, 0.74505806E-8
0.21060580, 0.72940864E-1, 0.71645349, 0.49670539E-8
0.21048981, 0.72883926E-1, 0.71662635, -0.49670539E-8
0.21038125, 0.72830953E-1, 0.71678782, 0.0000000
0.21044542, 0.72844833E-1, 0.71670979, 0.24835269E-8
0.21010374, 0.72711550E-1, 0.71718472, 0.49670539E-8
0.21005251, 0.72673269E-1, 0.71727413, 0.74505806E-8
0.20990652, 0.72601065E-1, 0.71749234, 0.24835269E-8
0.21801285, 0.75537466E-1, 0.70644957, 0.99341078E-8
0.22004409, 0.76846272E-1, 0.70310968, 0.49670539E-8
0.21453406, 0.75379699E-1, 0.71008617, -0.24835269E-8
0.21049398, 0.74082814E-1, 0.71542317, 0.99341078E-8
0.20958011, 0.73767252E-1, 0.71665269, 0.49670539E-8
0.20937665, 0.73675744E-1, 0.71694762, -0.24835269E-8
0.20927380, 0.73612757E-1, 0.71711344, 0.14901161E-7
0.20917396, 0.73545292E-1, 0.71728081, 0.74505806E-8
0.20910282, 0.73482327E-1, 0.71741480, 0.19868216E-7
0.21304433, 0.74882708E-1, 0.71207291, 0.49670539E-8
0.22508873, 0.79976961E-1, 0.69493437, -0.24835269E-8
0.25294265, 0.91779239E-1, 0.65527815, 0.49670539E-8
0.27528158, 0.10343646, 0.62128192, -0.24835269E-8
0.27325746, 0.10553352, 0.62120908, 0.14901161E-7
0.26620862, 0.10544437, 0.62834704, 0.12417634E-7
0.25717959, 0.13366230, 0.59249145, 0.16666668E-1
0.24995720, 0.15375662, 0.56711954, 0.29166678E-1
0.22295003, 0.91504127E-1, 0.68554586, 0.99341078E-8
0.21895446, 0.90355821E-1, 0.69068962, 0.0000000
0.21654515, 0.89732587E-1, 0.69372225, 0.12417634E-7
0.21890384, 0.91066442E-1, 0.69002980, -0.24835269E-8
0.21803534, 0.91180533E-1, 0.69078416, 0.22351742E-7
0.21291220, 0.89336194E-1, 0.69775158, 0.99341078E-8
0.21077920, 0.88593267E-1, 0.70062757, 0.99341078E-8
0.20992805, 0.88342674E-1, 0.70172930, 0.74505806E-8
0.20944099, 0.88224255E-1, 0.70233470, 0.99341078E-8
0.20897919, 0.88104375E-1, 0.70291644, 0.74505806E-8
0.20841752, 0.87923586E-1, 0.70365900, 0.0000000
0.20785658, 0.87721489E-1, 0.70442194, 0.22351742E-7
0.20736885, 0.87524362E-1, 0.70510674, 0.74505806E-8
0.20725161, 0.87472506E-1, 0.70527595, 0.99341078E-8
0.20719767, 0.87449320E-1, 0.70535302, 0.99341078E-8
0.21037585, 0.88816322E-1, 0.70080781, 0.99341078E-8
0.21897452, 0.93003340E-1, 0.68802208, 0.74505806E-8
0.21533598, 0.92116974E-1, 0.69254714, 0.99341078E-8
0.20957859, 0.89944057E-1, 0.70047736, 0.74505806E-8
0.20688230, 0.88816278E-1, 0.70430136, 0.19868216E-7
0.20656101, 0.88659845E-1, 0.70477921, 0.14901161E-7
0.20649500, 0.88612489E-1, 0.70489246, -0.24835269E-8
0.20640872, 0.88548511E-1, 0.70504284, 0.74505806E-8
0.20629470, 0.88468976E-1, 0.70523620, -0.49670539E-8
0.20619655, 0.88395320E-1, 0.70540828, 0.74505806E-8
0.20612068, 0.88325910E-1, 0.70555347, 0.49670539E-8
0.20605619, 0.88259362E-1, 0.70568448, -0.49670539E-8
0.20599733, 0.88195771E-1, 0.70580691, 0.74505806E-8
0.20593636, 0.88130318E-1, 0.70593339, 0.14901161E-7
0.20589675, 0.88072062E-1, 0.70603114, 0.99341078E-8
0.20587589, 0.88019900E-1, 0.70610410, 0.99341078E-8
0.20585753, 0.87966621E-1, 0.70617580, 0.99341078E-8
0.20583878, 0.87912597E-1, 0.70624870, 0.74505806E-8
0.20581584, 0.87855786E-1, 0.70632839, -0.49670539E-8
0.20580165, 0.87800480E-1, 0.70639795, 0.49670539E-8
0.20579256, 0.87747298E-1, 0.70646018, 0.74505806E-8
0.20578063, 0.87689787E-1, 0.70652962, 0.74505806E-8
0.20576791, 0.87625824E-1, 0.70660621, 0.12417634E-7
0.20576002, 0.87564282E-1, 0.70667559, 0.12417634E-7
0.20575599, 0.87505795E-1, 0.70673823, 0.0000000
0.20575108, 0.87445877E-1, 0.70680308, 0.12417634E-7
0.20907636, 0.88933267E-1, 0.70199037, 0.0000000
0.20738353, 0.88515319E-1, 0.70410115, 0.0000000
0.20563604, 0.87746911E-1, 0.70661706, 0.49670539E-8
0.20563598, 0.87685667E-1, 0.70667833, 0.49670539E-8
0.20563632, 0.87628394E-1, 0.70673537, -0.24835269E-8
0.20563234, 0.87568633E-1, 0.70679885, 0.49670539E-8
0.20562845, 0.87506413E-1, 0.70686507, -0.49670539E-8
0.20562835, 0.87442197E-1, 0.70692939, 0.99341078E-8
0.20566334, 0.87394118E-1, 0.70694238, 0.12417634E-7
0.20563422, 0.87319352E-1, 0.70704633, 0.0000000
0.20563535, 0.87249584E-1, 0.70711499, 0.49670539E-8
0.20564331, 0.87168194E-1, 0.70718855, 0.12417634E-7
0.20565395, 0.87083183E-1, 0.70726281, 0.14901161E-7
0.20573153, 0.87031245E-1, 0.70723724, 0.99341078E-8
0.20567445, 0.86919717E-1, 0.70740581, 0.49670539E-8
0.20568044, 0.86830534E-1, 0.70748895, 0.17384687E-7
0.20568408, 0.86736627E-1, 0.70757920, 0.24835269E-8
0.20568402, 0.86643875E-1, 0.70767206, 0.24835269E-8
0.20568192, 0.86551875E-1, 0.70776612, 0.24835269E-8
0.20568109, 0.86461715E-1, 0.70785713, 0.99341078E-8
0.20569141, 0.86377613E-1, 0.70793098, 0.74505806E-8
0.20570354, 0.86296014E-1, 0.70800042, 0.14901161E-7
0.20571493, 0.86217396E-1, 0.70806766, 0.99341078E-8
0.20572646, 0.86139806E-1, 0.70813364, 0.74505806E-8
0.20573919, 0.86062841E-1, 0.70819801, 0.99341078E-8
0.20584346, 0.86030774E-1, 0.70812577, 0.0000000
0.20583804, 0.85962050E-1, 0.70819998, 0.74505806E-8
0.20577157, 0.85853197E-1, 0.70837522, 0.74505806E-8
0.20578502, 0.85773885E-1, 0.70844108, 0.49670539E-8
0.20579864, 0.85691340E-1, 0.70850998, 0.19868216E-7
0.20581199, 0.85608609E-1, 0.70857936, 0.49670539E-8
0.20582490, 0.85526906E-1, 0.70864826, 0.49670539E-8
0.20583807, 0.85446037E-1, 0.70871598, 0.0000000
0.20585243, 0.85364930E-1, 0.70878261, 0.0000000
0.20937870, 0.86837076E-1, 0.70378423, 0.99341078E-8
0.21178544, 0.88818498E-1, 0.69939607, 0.49670539E-8
0.20631951, 0.86870261E-1, 0.70681018, 0.14901161E-7
0.20558424, 0.86488754E-1, 0.70792693, 0.99341078E-8
0.20559914, 0.86402722E-1, 0.70799810, 0.74505806E-8
0.20561416, 0.86316414E-1, 0.70806938, 0.0000000
0.20562868, 0.86229675E-1, 0.70814157, 0.99341078E-8
0.20564353, 0.86142592E-1, 0.70821387, 0.49670539E-8
0.20565957, 0.86055368E-1, 0.70828491, 0.17384687E-7
0.20734613, 0.86804457E-1, 0.70584935, 0.0000000
0.20705508, 0.86879350E-1, 0.70606560, 0.24835269E-8
0.20561218, 0.86234964E-1, 0.70815301, 0.24835269E-8
0.20562935, 0.86145818E-1, 0.70822471, -0.49670539E-8
0.20564719, 0.86055450E-1, 0.70829731, 0.99341078E-8
0.26055157, 0.20348990, 0.48179185, 0.54166678E-1
0.25229511, 0.18547566, 0.51639593, 0.45833346E-1
0.20782344, 0.86844951E-1, 0.70533156, 0.99341078E-8
0.20617878, 0.86123765E-1, 0.70769745, 0.99341078E-8
0.20656878, 0.86219810E-1, 0.70721132, 0.49670539E-8
0.21244037, 0.88784307E-1, 0.69877535, 0.24835269E-8
0.21447456, 0.90247296E-1, 0.69527811, 0.74505806E-8
0.21162389, 0.89871727E-1, 0.69850427, 0.49670539E-8
0.20860086, 0.89219861E-1, 0.70217925, 0.74505806E-8
0.20642777, 0.88536657E-1, 0.70503563, 0.12417634E-7
0.20545085, 0.88138938E-1, 0.70641017, 0.99341078E-8
0.20520698, 0.87945580E-1, 0.70684749, 0.19868216E-7
0.20522554, 0.87854199E-1, 0.70692021, 0.22351742E-7
0.20545083, 0.87867856E-1, 0.70668131, 0.24835269E-8
0.20525987, 0.87691866E-1, 0.70704824, 0.74505806E-8
0.20676212, 0.88267267E-1, 0.70497054, 0.99341078E-8
0.21642882, 0.92560351E-1, 0.69101095, 0.24835269E-8
0.21714604, 0.93326688E-1, 0.68952733, -0.24835269E-8
0.21096559, 0.91271907E-1, 0.69776249, 0.12417634E-7
0.20667581, 0.89669406E-1, 0.70365477, 0.99341078E-8
0.20537293, 0.89099675E-1, 0.70552731, 0.49670539E-8
0.20514952, 0.88931046E-1, 0.70591950, -0.24835269E-8
0.20510590, 0.88830210E-1, 0.70606393, 0.99341078E-8
0.20506668, 0.88722922E-1, 0.70621043, 0.24835269E-8
0.20503898, 0.88611715E-1, 0.70634937, 0.99341078E-8
0.20505059, 0.88512801E-1, 0.70643663, 0.99341078E-8
0.88349980, 0.12960442E-1, 0.10353988, 0.49670539E-8
0.93688053, 0.70168492E-2, 0.56102682E-1, 0.24835269E-8
0.98349994, 0.18332038E-2, 0.14666882E-1, 0.74505806E-8
1.0000000, 0.0000000, 0.0000000, 0.0000000
1.0000000, 0.0000000, 0.0000000, 0.0000000
1.0000000, 0.0000000, 0.0000000, 0.0000000
1.0000000, 0.0000000, 0.0000000, 0.0000000
0.89309555, 0.11864278E-1, 0.95040120E-1, 0.0000000
0.64212465, 0.39712790E-1, 0.31816253, -0.49670539E-8
1.0000000, 0.0000000, 0.0000000, 0.0000000
0.85890335, 0.15623465E-1, 0.12547317, 0.24835269E-8
0.35767674, 0.71132787E-1, 0.57119048, 0.22351742E-7
0.67863303, 0.35579916E-1, 0.28578705, -0.49670539E-8
0.51087183, 0.54385293E-1, 0.43474281, 0.12417634E-7
0.57911485, 0.46556335E-1, 0.37432882, 0.49670539E-8
0.22956735, 0.88862382E-1, 0.68157023, 0.74505806E-8
0.21806030, 0.91309488E-1, 0.69063014, 0.74505806E-8
0.22622889, 0.88672079E-1, 0.68509907, -0.24835269E-8
0.44875109, 0.62659152E-1, 0.48858973, 0.49670539E-8
0.66439384, 0.38198911E-1, 0.29740730, 0.74505806E-8
0.21901630, 0.92934459E-1, 0.68804926, 0.49670539E-8
0.22120722, 0.96748643E-1, 0.68204409, 0.49670539E-8
0.22116601, 0.98442338E-1, 0.68039161, -0.24835269E-8
0.22084701, 0.95953107E-1, 0.68319982, 0.74505806E-8
0.23076159, 0.91971524E-1, 0.67726690, 0.17384687E-7
0.23122270, 0.92003174E-1, 0.67677408, -0.74505806E-8
0.22767831, 0.92711151E-1, 0.67961043, 0.99341078E-8
0.23367383, 0.91803819E-1, 0.67452234, 0.74505806E-8
0.24589425, 0.90046138E-1, 0.66405958, 0.99341078E-8
0.25546530, 0.88812649E-1, 0.65572202, 0.14901161E-7
0.20554785, 0.95570922E-1, 0.69888115, 0.24835269E-8
0.20408757, 0.94899796E-1, 0.70101267, 0.24835269E-8
0.20401645, 0.94807856E-1, 0.70117569, 0.99341078E-8
0.20399886, 0.94734788E-1, 0.70126629, 0.14901161E-7
0.20400316, 0.94671600E-1, 0.70132536, 0.99341078E-8
0.20399936, 0.94605245E-1, 0.70139533, 0.74505806E-8
0.20399489, 0.94536670E-1, 0.70146847, 0.74505806E-8
0.20399122, 0.94466113E-1, 0.70154268, -0.74505806E-8
0.20399064, 0.94394177E-1, 0.70161515, -0.74505806E-8
0.20399438, 0.94322324E-1, 0.70168334, 0.24835269E-8
0.20474978, 0.94611280E-1, 0.70063901, -0.24835269E-8
0.20715506, 0.95906854E-1, 0.69693810, 0.74505806E-8
0.21415414, 0.10024665, 0.68559927, 0.0000000
0.21000160, 0.99473603E-1, 0.69052476, 0.74505806E-8
0.20584017, 0.98024495E-1, 0.69613534, 0.24835269E-8
0.20417279, 0.97306512E-1, 0.69852072, 0.0000000
0.20388484, 0.97168446E-1, 0.69894665, 0.24835269E-8
0.20923682, 0.99828981E-1, 0.69093424, 0.49670539E-8
0.21701473, 0.10476706, 0.67821819, 0.12417634E-7
0.21686436, 0.10602123, 0.67711449, 0.0000000
0.21763746, 0.10758995, 0.67477268, 0.12417634E-7
0.21379548, 0.10667374, 0.67953080, 0.12417634E-7
0.20936280, 0.10504222, 0.68559498, 0.14901161E-7
0.20586573, 0.10357300, 0.69056129, -0.24835269E-8
0.20486341, 0.10320688, 0.69192958, -0.24835269E-8
0.20430259, 0.10302112, 0.69267631, 0.99341078E-8
0.20387320, 0.10286108, 0.69326574, 0.24835269E-8
0.20370610, 0.10281348, 0.69348043, 0.99341078E-8
0.20357092, 0.10277309, 0.69365597, 0.49670539E-8
0.20342977, 0.10272023, 0.69384998, 0.74505806E-8
0.21059513, 0.10654137, 0.68286347, 0.12417634E-7
0.21538097, 0.10996523, 0.67465383, 0.99341078E-8
0.22741669, 0.11731092, 0.65527242, -0.99341078E-8
0.26419565, 0.13992673, 0.59587771, 0.99341078E-8
0.26428369, 0.14960150, 0.58194810, 0.41666818E-2
0.28871551, 0.25467464, 0.38577664, 0.70833348E-1
0.28402659, 0.24134910, 0.41212448, 0.62500007E-1
0.27799031, 0.22754611, 0.44029704, 0.54166675E-1
0.27407309, 0.22592469, 0.44583571, 0.54166663E-1
0.27640441, 0.23311071, 0.43215168, 0.58333341E-1
0.28495607, 0.24380673, 0.40873733, 0.62500015E-1
0.28282467, 0.23786853, 0.42097357, 0.58333348E-1
0.28060535, 0.23714118, 0.42392027, 0.58333348E-1
0.28482497, 0.24522503, 0.40745017, 0.62500015E-1
0.28078958, 0.23327303, 0.43177080, 0.54166678E-1
0.28290498, 0.24012138, 0.41864040, 0.58333341E-1
0.28624693, 0.25243220, 0.39465439, 0.66666670E-1
0.28009170, 0.23457074, 0.43117097, 0.54166675E-1
0.27613774, 0.23275495, 0.43694079, 0.54166675E-1
0.27695295, 0.22912771, 0.44391945, 0.50000012E-1
0.28035793, 0.23660992, 0.42886558, 0.54166675E-1
0.27703732, 0.23063175, 0.44233108, 0.50000008E-1
0.27195498, 0.22360756, 0.45860422, 0.45833346E-1
0.26294973, 0.21409982, 0.48128381, 0.41666672E-1
0.24807759, 0.19199455, 0.53076118, 0.29166676E-1
0.22883128, 0.16272445, 0.59594423, 0.12500015E-1
0.21144569, 0.13913700, 0.64941734, 0.99341078E-8
0.20722908, 0.13698141, 0.65578955, 0.49670539E-8
0.20350122, 0.13496214, 0.66153657, 0.74505806E-8
0.20124458, 0.13371582, 0.66503966, -0.49670539E-8
0.20036256, 0.13330109, 0.66633636, 0.74505806E-8
0.20448004, 0.13622487, 0.65929514, 0.12417634E-7
0.21455266, 0.14373025, 0.64171702, 0.17384687E-7
0.21868186, 0.14771135, 0.63360673, 0.49670539E-8
0.21536304, 0.14679423, 0.63784277, 0.74505806E-8
0.23260908, 0.16747083, 0.59158683, 0.83333338E-2
0.26881364, 0.21676265, 0.48109034, 0.33333335E-1
0.26823577, 0.21715175, 0.48127913, 0.33333350E-1
0.26583433, 0.21258682, 0.49241221, 0.29166676E-1
0.26711097, 0.21807003, 0.48148569, 0.33333343E-1
0.26499471, 0.21371917, 0.49211946, 0.29166674E-1
0.26129565, 0.20845567, 0.50524867, 0.24999999E-1
0.25872555, 0.21106462, 0.50104320, 0.29166669E-1
0.26173943, 0.21064270, 0.50261784, 0.25000006E-1
0.26512986, 0.21750514, 0.48819837, 0.29166667E-1
0.26006654, 0.21460009, 0.49616671, 0.29166676E-1
0.26150224, 0.21314721, 0.50035053, 0.25000006E-1
0.26658827, 0.22419740, 0.47588089, 0.33333343E-1
0.26423436, 0.22009701, 0.48650193, 0.29166682E-1
0.26148266, 0.21586943, 0.49764791, 0.25000012E-1
0.26164865, 0.21694960, 0.49640167, 0.25000013E-1
0.26350996, 0.22216113, 0.48516226, 0.29166682E-1
0.26089254, 0.21792360, 0.49618384, 0.25000006E-1
0.26025042, 0.21825813, 0.49649152, 0.25000000E-1
0.25973484, 0.21867193, 0.49659321, 0.25000006E-1
0.25130108, 0.20739287, 0.52463943, 0.16666668E-1
0.23859294, 0.19548762, 0.55341941, 0.12500006E-1
0.22819670, 0.18009984, 0.59170347, 0.74505806E-8
0.25027162, 0.20629203, 0.53093642, 0.12500008E-1
0.25980827, 0.22224712, 0.49294457, 0.25000012E-1
0.25757393, 0.22108568, 0.49634039, 0.25000019E-1
0.25145179, 0.21196091, 0.51992065, 0.16666684E-1
0.23927073, 0.19808604, 0.55430984, 0.83333356E-2
0.21895279, 0.17759399, 0.60345316, -0.24835269E-8
0.20735562, 0.16874956, 0.62389481, 0.29802322E-7
0.20259462, 0.16530742, 0.63209796, -0.24835269E-8
0.20400159, 0.16697711, 0.62902135, 0.14901161E-7
0.20619637, 0.16935267, 0.62445098, 0.99341078E-8
0.21114463, 0.17412268, 0.61473274, 0.99341078E-8
0.21107787, 0.17480300, 0.61411905, 0.12417634E-7
0.20442207, 0.16990119, 0.62567681, 0.14901161E-7
0.19866483, 0.16549422, 0.63584095, 0.74505806E-8
0.19574273, 0.16333915, 0.64091808, 0.99341078E-8
0.19955297, 0.16690926, 0.63353771, 0.17384687E-7
0.19593392, 0.16431855, 0.63974756, 0.49670539E-8
0.19343041, 0.16243410, 0.64413548, 0.0000000
0.19282009, 0.16203773, 0.64514226, 0.12417634E-7
0.20042509, 0.16870737, 0.63086760, 0.12417634E-7
0.20061468, 0.16968183, 0.62970346, 0.49670539E-8
0.19454981, 0.16495353, 0.64049667, 0.74505806E-8
0.19250290, 0.16336997, 0.64412719, -0.49670539E-8
0.19178958, 0.16284946, 0.64536095, 0.14901161E-7
0.19117244, 0.16236629, 0.64646119, 0.24835269E-8
0.19060661, 0.16188742, 0.64750594, 0.12417634E-7
0.19190937, 0.16300356, 0.64508706, 0.24835269E-8
0.19537842, 0.16613992, 0.63848168, 0.12417634E-7
0.19690442, 0.16785598, 0.63523960, 0.49670539E-8
0.19266175, 0.16454279, 0.64279538, 0.49670539E-8
0.19096309, 0.16312908, 0.64590782, 0.0000000
0.19196977, 0.16404466, 0.64398551, 0.19868216E-7
0.19229394, 0.16446392, 0.64324212, 0.0000000
0.19420855, 0.16619183, 0.63959962, 0.99341078E-8
0.19343488, 0.16585396, 0.64071101, 0.24835269E-8
0.18984503, 0.16281360, 0.64734137, 0.24835269E-8
0.21552749, 0.18552315, 0.59894925, 0.12417634E-7
0.22082199, 0.19206350, 0.58711451, -0.24835269E-8
0.21623564, 0.18890302, 0.59486139, 0.74505806E-8
0.20675595, 0.18114676, 0.61209720, 0.0000000
0.20019330, 0.17578457, 0.62402213, 0.74505806E-8
0.19695364, 0.17320119, 0.62984514, 0.74505806E-8
0.20624910, 0.18166280, 0.61208808, 0.74505806E-8
0.24144208, 0.21347414, 0.54508376, 0.17384687E-7
0.24363595, 0.21775597, 0.53444147, 0.41666767E-2
0.24014027, 0.21417882, 0.54568088, 0.74505806E-8
0.24264628, 0.21858078, 0.53460628, 0.41666669E-2
0.24094433, 0.21790810, 0.53698093, 0.41666715E-2
0.22919858, 0.20679270, 0.56400871, 0.24835269E-8
0.21585236, 0.19527976, 0.58886784, 0.49670539E-8
0.20501395, 0.18586713, 0.60911900, 0.99341078E-8
0.19850279, 0.18025869, 0.62123853, 0.74505806E-8
0.19556089, 0.17780022, 0.62663895, 0.14901161E-7
0.21639909, 0.19720942, 0.58639157, 0.0000000
0.23203821, 0.21220762, 0.55575413, 0.0000000
0.21717443, 0.19910257, 0.58372307, 0.49670539E-8
0.20696931, 0.19016291, 0.60286778, 0.49670539E-8
0.20290636, 0.18683861, 0.61025506, 0.74505806E-8
0.20371400, 0.18789917, 0.60838681, 0.74505806E-8
0.20837890, 0.19273573, 0.59888530, -0.49670539E-8
0.21636534, 0.20073433, 0.58290035, 0.12417634E-7
0.23008947, 0.21419497, 0.55571550, 0.24835269E-8
0.23835866, 0.22268604, 0.53895527, 0.14901161E-7
0.23807375, 0.22318734, 0.53873891, 0.99341078E-8
0.24040543, 0.22674997, 0.52867800, 0.41666743E-2
0.24301440, 0.23053129, 0.51812094, 0.83333412E-2
0.23751909, 0.22460420, 0.53787667, 0.24835269E-8
0.23072916, 0.21882738, 0.52044350, 0.30000001E-1
0.20675303, 0.19668849, 0.47655842, 0.11999998
0.20040739, 0.19102506, 0.48856759, 0.11999997
0.18957503, 0.18102807, 0.50939685, 0.11999997
0.18149221, 0.17356145, 0.52494639, 0.12000000
0.18015362, 0.17252950, 0.52731687, 0.12000001
0.17620777, 0.16902049, 0.53477174, 0.11999998
0.17175616, 0.16490813, 0.54333568, 0.12000000
0.18352522, 0.17636585, 0.52010888, 0.11999997
0.20720768, 0.19943346, 0.47335890, 0.11999997
0.20854495, 0.20105726, 0.47039786, 0.11999997
0.20535004, 0.19834536, 0.47630456, 0.11999997
0.19964130, 0.19318764, 0.48717105, 0.11999998
0.20491166, 0.19865672, 0.47643164, 0.11999998
0.19576424, 0.19012038, 0.49411538, 0.11999995
0.18583031, 0.18076140, 0.51340836, 0.11999997
0.20337833, 0.19822089, 0.47840080, 0.11999998
0.20741890, 0.20263569, 0.46994540, 0.11999997
0.20756628, 0.20323987, 0.46919385, 0.12000000
0.20750970, 0.20364667, 0.46884361, 0.11999998
0.20436947, 0.20101474, 0.47461578, 0.11999998
0.19533090, 0.19245870, 0.49221048, 0.11999997
0.18664746, 0.18417148, 0.50918102, 0.12000000
0.18541282, 0.18321930, 0.51136786, 0.11999997
0.18201089, 0.18012707, 0.51786214, 0.11999997
0.17743255, 0.17585365, 0.52671379, 0.11999998
0.17704110, 0.17569093, 0.52726799, 0.11999997
0.17802916, 0.17694707, 0.52502382, 0.11999998
0.20234947, 0.20149010, 0.47616044, 0.11999998
0.20341758, 0.20291550, 0.47366691, 0.11999998
0.20167255, 0.20149072, 0.47683671, 0.11999998
0.21449389, 0.21454233, 0.45263049, 0.11833332
0.21410316, 0.21433504, 0.45322838, 0.11833333
0.20642464, 0.20706229, 0.46651313, 0.11999997
0.20612103, 0.20719282, 0.46668613, 0.11999997
0.20513107, 0.20665337, 0.46821558, 0.11999998
0.20405765, 0.20595616, 0.46998620, 0.11999998
0.19766402, 0.19983770, 0.48249832, 0.11999998
0.18908834, 0.19144307, 0.49946854, 0.11999997
0.18165566, 0.18414764, 0.51419675, 0.11999997
0.17541723, 0.17801166, 0.52657109, 0.11999998
0.17079258, 0.17344399, 0.53576332, 0.11999997
0.16842233, 0.17113817, 0.54043949, 0.11999998
0.16620474, 0.16896707, 0.54482818, 0.11999998
0.16488974, 0.16765617, 0.54745412, 0.12000000
0.16415344, 0.16688152, 0.54896504, 0.11999998
0.16369154, 0.16634941, 0.54995918, 0.11999997
0.16324949, 0.16579749, 0.55095297, 0.11999997
0.16285910, 0.16524924, 0.55189162, 0.11999997
0.16257004, 0.16475788, 0.55267209, 0.11999998
0.16243899, 0.16439353, 0.55316746, 0.11999998
0.16238067, 0.16408755, 0.55353183, 0.12000001
0.16234267, 0.16378979, 0.55386758, 0.11999997
0.16232899, 0.16350746, 0.55416358, 0.12000000
0.16231126, 0.16321397, 0.55447477, 0.11999998
0.16229999, 0.16291714, 0.55478293, 0.11999998
0.16229734, 0.16262005, 0.55508262, 0.11999997
0.16230358, 0.16232358, 0.55537289, 0.11999997
0.16232461, 0.16203494, 0.55564046, 0.11999998
0.16234343, 0.16173868, 0.55591798, 0.12000000
0.16236801, 0.16144077, 0.55619127, 0.11999997
0.16238348, 0.16112705, 0.55648947, 0.11999997
0.16238749, 0.16079222, 0.55682033, 0.11999997
0.16239341, 0.16044731, 0.55715930, 0.12000000
0.16239972, 0.16008650, 0.55751377, 0.11999997
0.16242564, 0.15973577, 0.55783850, 0.11999998
0.16247104, 0.15940221, 0.55812675, 0.11999998
0.16252595, 0.15907328, 0.55840069, 0.11999997
0.16258249, 0.15874086, 0.55867660, 0.11999998
0.16263960, 0.15840492, 0.55895555, 0.11999998
0.16269636, 0.15806407, 0.55923957, 0.11999997
0.16274841, 0.15771405, 0.55953747, 0.11999997
0.16279891, 0.15735912, 0.55984205, 0.11999998
0.16285606, 0.15700527, 0.56013876, 0.12000000
0.16291925, 0.15665199, 0.56042886, 0.11999997
0.16298428, 0.15629785, 0.56071782, 0.12000000
0.16304754, 0.15593980, 0.56101269, 0.11999998
0.16310890, 0.15557373, 0.56131738, 0.11999997
0.16502625, 0.15695934, 0.56801444, 0.10999999
0.18545716, 0.17610876, 0.63843417, 0.74505806E-8
0.18546766, 0.17599957, 0.63853270, 0.74505806E-8
0.18548115, 0.17589279, 0.63862616, 0.12417634E-7
0.18549512, 0.17578588, 0.63871896, -0.49670539E-8
0.18550795, 0.17567717, 0.63881487, 0.24835269E-8
0.18552215, 0.17556888, 0.63890904, 0.49670539E-8
0.18624409, 0.17613745, 0.63761848, 0.49670539E-8
0.18780482, 0.17765707, 0.63453811, 0.49670539E-8
0.18699248, 0.17695706, 0.63605052, 0.12417634E-7
0.18574597, 0.17572300, 0.63853103, -0.24835269E-8
0.18554014, 0.17540903, 0.63905078, 0.14901161E-7
0.18555938, 0.17530327, 0.63913733, 0.99341078E-8
0.18558162, 0.17519976, 0.63921863, 0.12417634E-7
0.18560235, 0.17509453, 0.63930303, 0.24835269E-8
0.18563636, 0.17500271, 0.63936085, 0.14901161E-7
0.18563996, 0.17488098, 0.63947898, 0.49670539E-8
0.18565895, 0.17477305, 0.63956803, 0.99341078E-8
0.18568015, 0.17466681, 0.63965303, 0.74505806E-8
0.18570049, 0.17455952, 0.63973993, 0.24835269E-8
0.18571830, 0.17444921, 0.63983244, 0.12417634E-7
0.24286602, 0.23718323, 0.46995088, 0.50000008E-1
0.30000007, 0.30000007, 0.30000007, 0.99999994E-1
0.30000007, 0.30000007, 0.30000007, 0.99999994E-1
0.30000007, 0.30000007, 0.30000007, 0.99999994E-1
0.30000007, 0.30000007, 0.30000007, 0.99999994E-1
0.30000007, 0.30000007, 0.30000007, 0.99999994E-1
0.30000007, 0.30000007, 0.30000007, 0.99999994E-1
0.30000007, 0.30000007, 0.30000007, 0.99999994E-1
0.30000007, 0.30000007, 0.30000007, 0.99999994E-1
0.30000007, 0.30000007, 0.30000007, 0.99999994E-1
0.30000007, 0.30000007, 0.30000007, 0.99999994E-1
0.30000007, 0.30000007, 0.30000007, 0.99999994E-1
0.30000007, 0.30000007, 0.30000007, 0.99999994E-1
0.30000007, 0.30000007, 0.30000007, 0.99999994E-1
0.30000007, 0.30000007, 0.30000007, 0.99999994E-1
0.30000007, 0.30000007, 0.30000007, 0.99999994E-1
0.30000007, 0.30000007, 0.30000007, 0.99999994E-1
0.30000007, 0.30000007, 0.30000007, 0.99999994E-1
0.30000007, 0.30000007, 0.30000007, 0.99999994E-1
0.30000007, 0.30000007, 0.30000007, 0.99999994E-1
0.30000007, 0.30000007, 0.30000007, 0.99999994E-1
0.30000007, 0.30000007, 0.30000007, 0.99999994E-1
0.30000007, 0.30000007, 0.30000007, 0.99999994E-1
0.30000007, 0.30000007, 0.30000007, 0.99999994E-1
0.30000007, 0.30000007, 0.30000007, 0.99999994E-1
0.30000007, 0.30000007, 0.30000007, 0.99999994E-1
0.30000007, 0.30000007, 0.30000007, 0.99999994E-1
0.30000007, 0.30000007, 0.30000007, 0.99999994E-1
0.30000007, 0.30000007, 0.30000007, 0.99999994E-1
0.30000007, 0.30000007, 0.30000007, 0.99999994E-1
0.30000007, 0.30000007, 0.30000007, 0.99999994E-1
0.30000007, 0.30000007, 0.30000007, 0.99999994E-1
0.30000007, 0.30000007, 0.30000007, 0.99999994E-1
0.30000007, 0.30000007, 0.30000007, 0.99999994E-1
