3.3318954, 1.2403226, -2.0915723, 0.36040652, 6.1738434
3.2928150, 1.3055296, -1.9872850, 0.42661700, 6.1366105
3.2784507, 1.4269052, -1.8515460, 0.44044262, 6.1025310
3.1360688, 1.3978882, -1.7381804, 0.42095330, 6.0690384
3.7174380, 1.2396204, -2.4778173, 0.43941492, 6.0345230
4.2729139, 2.0310106, -2.2419033, 3.1531377, 6.0071044
4.7549243, 4.0540900, -0.70083475, 7.7062845, 6.0133557
3.9517400, 2.9743941, -0.97734618, 3.1171315, 6.0163045
3.4598272, 1.9346017, -1.5252260, 1.0207261, 5.9933472
4.7404594, 2.4996455, -2.2408140, 2.9314153, 5.9712167
5.2929711, 2.7948177, -2.4981534, 3.4432616, 5.9598203
5.1181655, 2.4747031, -2.6434619, 2.7906179, 5.9493260
5.3155456, 2.4131136, -2.9024320, 2.5551264, 5.9342580
5.7163162, 2.6698279, -3.0464883, 3.2410996, 5.9225459
5.7133150, 2.5713718, -3.1419435, 3.1541777, 5.9138551
5.8151703, 2.6395051, -3.1756651, 3.3368649, 5.9074922
5.6899142, 2.6441967, -3.0457170, 3.1291986, 5.9034982
6.2769299, 2.5829525, -3.6939778, 3.2830763, 5.8994460
6.1485782, 2.5513005, -3.5972786, 3.3559136, 5.8991947
6.1094151, 2.4706290, -3.6387863, 3.2426715, 5.8994174
6.5785809, 2.6499217, -3.9286599, 3.2661722, 5.8991866
6.3274908, 2.6954525, -3.6320386, 3.1878481, 5.8991094
5.5082779, 2.1913741, -3.3169036, 2.8547471, 5.8972130
6.1798935, 2.3947668, -3.7851269, 2.9317682, 5.8945522
5.9635344, 2.2073443, -3.7561901, 2.8297801, 5.8917823
4.9810596, 1.8662338, -3.1148269, 2.2461541, 5.8853440
5.6127653, 1.7298224, -3.8829434, 1.9107250, 5.8708549
4.8823724, 1.5568162, -3.3255558, 1.7213273, 5.8547692
3.3749127, 1.1770790, -2.1978335, 0.34903306, 5.8263226
2.5279298, 1.1684846, -1.3594452, 0.11230547, 5.7898369
4.1237926, 1.4950266, -2.6287658, 0.76209295, 5.7540498
4.8060327, 1.9685314, -2.8375015, 2.2129180, 5.7242942
4.3687940, 2.1403728, -2.2284212, 3.4293303, 5.7068086
5.3888788, 2.3861954, -3.0026834, 3.6350162, 5.6919684
5.0968466, 2.0628922, -3.0339534, 2.8967865, 5.6775832
4.5139608, 1.8675724, -2.6463878, 2.2003014, 5.6572890
5.2166061, 1.9108537, -3.3057523, 2.3515050, 5.6361923
5.1811576, 1.8363101, -3.3448474, 2.6512632, 5.6183810
5.8001881, 2.2548392, -3.5453484, 3.4819095, 5.6056767
5.6117311, 2.0884764, -3.5232549, 3.5229435, 5.5980124
6.3084898, 2.4958606, -3.8126283, 3.9960179, 5.5942607
5.7225094, 2.1629279, -3.5595818, 3.3390310, 5.5893121
5.9623976, 2.3565376, -3.6058595, 3.3911533, 5.5830760
5.5930324, 2.2481887, -3.3448436, 3.0249825, 5.5754619
5.3011756, 2.3271396, -2.9740365, 2.9054527, 5.5672913
5.5352135, 2.3823779, -3.1528354, 3.2109134, 5.5629673
5.3277421, 2.4600389, -2.8677034, 3.0064967, 5.5596280
5.8196831, 2.0182130, -3.8014696, 2.7204025, 5.5548062
4.9836760, 2.1388688, -2.8448067, 2.6671078, 5.5486736
4.5498052, 2.6638784, -1.8859262, 2.6552584, 5.5427165
4.5578675, 2.4460616, -2.1118057, 2.4089744, 5.5357957
5.1175046, 2.0057874, -3.1117170, 2.1610413, 5.5269532
4.1483364, 2.0206783, -2.1276577, 2.9430025, 5.5132365
5.9323668, 2.5230229, -3.4093437, 4.3927226, 5.5067935
6.4901319, 2.7941372, -3.6959941, 5.0006137, 5.5068126
6.7493434, 2.8554482, -3.8938951, 6.2841668, 5.5275879
6.4761114, 2.6873877, -3.7887235, 5.5065136, 5.5617576
5.9108992, 2.6901262, -3.2207725, 4.9213185, 5.5931430
5.3812099, 2.8060329, -2.5751774, 4.6942587, 5.6234360
5.4179168, 2.6273649, -2.7905519, 4.1339192, 5.6521392
4.7941246, 2.8860447, -1.9080802, 3.7247071, 5.6780982
4.7361889, 2.1379480, -2.5982409, 3.3345842, 5.6991258
4.1514411, 2.4515901, -1.6998506, 3.2042193, 5.7180843
4.3444457, 2.1201801, -2.2242656, 3.1018603, 5.7350125
4.2940950, 2.0642941, -2.2298012, 3.1251128, 5.7507110
4.9127750, 2.1499591, -2.7628160, 3.3468363, 5.7673945
4.6036658, 2.7778935, -1.8257723, 6.5053916, 5.7872925
6.4565072, 3.2386978, -3.2178094, 6.9878936, 5.8171763
6.4432540, 3.0724967, -3.3707566, 5.8496170, 5.8459210
6.2572289, 3.0342929, -3.2229354, 5.6426501, 5.8746276
6.1339140, 2.8476715, -3.2862427, 5.2204456, 5.9048553
5.9017925, 2.7548988, -3.1468937, 4.8514500, 5.9350295
6.4308715, 2.4595008, -3.9713705, 4.7255707, 5.9652820
5.1639190, 2.4878101, -2.6761084, 4.5977831, 5.9950180
5.4282703, 2.6528854, -2.7753851, 4.4697056, 6.0241342
5.9523249, 2.3368385, -3.6154861, 4.2858272, 6.0518932
5.4037046, 2.6313925, -2.7723131, 4.2544389, 6.0788388
5.7431450, 4.6748919, -1.0682536, 10.458356, 6.1133919
7.3727121, 5.2445779, -2.1281352, 8.7736015, 6.1720176
7.1102805, 4.0223994, -3.0878808, 6.2134337, 6.2096457
7.2108464, 3.9862576, -3.2245886, 6.0851984, 6.2431335
6.9145083, 3.7944970, -3.1200118, 5.6873746, 6.2754197
7.0744410, 3.3992779, -3.6751635, 5.7200012, 6.3082547
6.8215237, 3.1297116, -3.6918116, 5.6513829, 6.3428388
6.4789228, 3.2862651, -3.1926582, 5.4362450, 6.3769417
6.5432801, 3.2385757, -3.3047047, 3.9096100, 6.3945489
6.3099394, 3.1523430, -3.1575968, 3.6831450, 6.3963523
6.3130627, 2.9224703, -3.3905923, 3.6077681, 6.3976598
5.8736863, 3.1595957, -2.7140906, 3.4607949, 6.3990383
5.3084440, 3.1716411, -2.1368029, 3.0805392, 6.3990383
5.3081837, 2.9658694, -2.3423145, 2.7180657, 6.3963599
5.1407628, 3.0182836, -2.1224794, 2.5416336, 6.3919835
4.9251232, 2.9617381, -1.9633856, 2.3073397, 6.3855019
4.6478806, 3.1068451, -1.5410353, 2.0972779, 6.3761935
4.5988703, 2.7794790, -1.8193913, 1.9312093, 6.3646274
5.4198184, 1.9260300, -3.4937885, 1.6891992, 6.3496327
6.8612890, 2.5642123, -4.2970767, 4.2734208, 6.3364067
6.6423898, 3.3845944, -3.2577949, 4.7911510, 6.3348846
6.3417654, 2.9646213, -3.3771436, 3.8752289, 6.3340983
5.3573751, 2.9786305, -2.3787446, 3.3292952, 6.3324718
5.7490435, 2.6687636, -3.0802798, 2.9628518, 6.3286896
5.1850762, 2.8065832, -2.3784928, 2.7084193, 6.3234844
4.6731977, 2.9410622, -1.7321354, 2.3798759, 6.3155537
4.5681911, 2.6634016, -1.9047894, 2.2428260, 6.3046556
6.6798778, 2.8670537, -3.8128247, 4.7284074, 6.2963829
6.0968747, 4.2574506, -1.8394235, 8.9090776, 6.3076611
7.7158704, 4.5504551, -3.1654148, 6.8555241, 6.3233027
7.3642302, 4.1920886, -3.1721416, 5.6146417, 6.3341537
7.4390464, 3.8695037, -3.5695429, 5.0752811, 6.3427539
7.6467433, 3.7571261, -3.8896186, 5.1231427, 6.3509488
7.0663443, 3.8302560, -3.2360878, 5.0032749, 6.3597374
7.1395373, 3.9130468, -3.2264900, 4.7282343, 6.3675914
6.9335356, 3.7227287, -3.2108078, 4.5175309, 6.3745475
7.4688449, 5.9749846, -1.4938598, 8.1207314, 6.3886180
7.6946125, 5.3649187, -2.3296940, 5.9665456, 6.4097009
5.6499605, 4.9710717, -0.67888892, 4.7667069, 6.4217510
7.2928281, 5.3493357, -1.9434917, 4.9309382, 6.4310966
7.9467230, 5.7695394, -2.1771827, 5.5345860, 6.4434390
8.3163795, 6.0764246, -2.2399561, 5.8303213, 6.4575734
7.3567162, 6.7165217, -0.64019400, 5.6248689, 6.4728966
8.2325897, 7.0904198, -1.1421709, 5.5699749, 6.4863739
7.6425371, 7.2158303, -0.42670614, 5.6044979, 6.5009117
7.2633834, 7.3562112, 0.92827991E-1, 5.1858926, 6.5143256
5.7734385, 5.5387325, -0.23470587, 4.5724373, 6.5247765
7.8820615, 6.9366689, -0.94539261, 5.0315371, 6.5344586
8.2429876, 7.5507150, -0.69227207, 5.8207183, 6.5472713
7.1084394, 7.7460165, 0.63757718, 5.4614940, 6.5624328
9.2134886, 6.3418283, -2.8716588, 5.9262772, 6.5755792
6.5181065, 5.8450856, -0.67302042, 5.3096867, 6.5908732
5.8522148, 5.4299092, -0.42230603, 4.3967991, 6.6009851
8.0917845, 5.8038068, -2.2879775, 5.2036180, 6.6102672
7.9026403, 6.7849751, -1.1176643, 5.4973269, 6.6234879
8.6245604, 6.8443623, -1.7801980, 6.0352015, 6.6371579
7.3148694, 7.6836929, 0.36882281, 5.5722342, 6.6530628
7.3323245, 7.2672668, -0.65058261E-1, 4.9164548, 6.6644959
7.4419107, 6.3630161, -1.0788956, 4.6859493, 6.6736188
6.9953003, 5.8336959, -1.1616040, 4.6828227, 6.6817646
6.3231921, 6.1517234, -0.17146921, 4.2966065, 6.6886992
6.4125428, 6.1221466, -0.29039693, 4.0566268, 6.6934495
6.7207918, 5.0545020, -1.6662893, 3.7261806, 6.6974311
5.8278670, 4.7366867, -1.0911809, 3.3905861, 6.7000279
5.4512315, 4.2653608, -1.1858703, 2.9472303, 6.7008653
5.1586499, 3.7736928, -1.3849572, 2.6102159, 6.6995544
5.2816825, 3.8295274, -1.4521545, 2.3719385, 6.6962142
4.8644600, 3.5512657, -1.3131946, 2.0673392, 6.6899266
4.9899979, 3.1761193, -1.8138793, 1.9406402, 6.6801395
5.4410787, 5.8453364, 0.40425783, 8.4919519, 6.6779079
7.1253166, 8.0390739, 0.91375703, 7.2926073, 6.7083402
6.5643497, 7.7745500, 1.2102009, 4.8460398, 6.7222686
6.4061604, 7.4166088, 1.0104481, 4.0463204, 6.7295642
6.0474749, 6.5001073, 0.45263314, 3.8466966, 6.7345481
5.9536195, 5.6148176, -0.33880183, 3.7802811, 6.7382793
6.5536370, 7.4554119, 0.90177453, 5.9101343, 6.7477460
7.1156850, 9.2425184, 2.1268337, 5.1914592, 6.7608280
7.8593612, 7.4758625, -0.38349763, 5.3431077, 6.7718768
6.9849186, 7.1707344, 0.18581650, 5.3719778, 6.7847514
7.1215672, 6.6037183, -0.51784950, 4.9547176, 6.7960582
6.0327482, 6.3413191, 0.30857116, 4.7028389, 6.8071251
8.2374191, 6.6925097, -1.5449080, 5.3124442, 6.8172193
7.4417353, 8.0655584, 0.62382275, 5.3804307, 6.8304839
7.0624275, 9.2829094, 2.2204819, 5.1104102, 6.8428874
6.9580560, 8.6701832, 1.7121255, 4.5139294, 6.8522778
6.4284959, 6.6603541, 0.23185766, 5.0392461, 6.8604016
6.5466156, 6.4409957, -0.10562015, 4.8058467, 6.8711295
7.9179864, 7.8989749, -0.19011423E-1, 5.1573448, 6.8816757
8.2861900, 6.7987814, -1.4874095, 5.4794860, 6.8935418
7.7029347, 6.5592175, -1.1437181, 5.1748405, 6.9050198
7.1272120, 6.9602180, -0.16699430, 4.8071527, 6.9147301
7.1778665, 6.3482795, -0.82958615, 4.4411297, 6.9218025
6.8626037, 5.9261789, -0.93642485, 4.2857361, 6.9276776
6.4485664, 5.5417981, -0.90676844, 4.0359697, 6.9325233
7.8370056, 4.1872344, -3.6497707, 4.0457907, 6.9362569
7.5993500, 5.2043867, -2.3949635, 6.2513704, 6.9434829
8.5655384, 7.3929582, -1.1725813, 8.1295528, 6.9633904
6.9125676, 8.8321571, 1.9195888, 5.6675286, 6.9827437
8.2362156, 7.5610900, -0.67512560, 5.7303319, 6.9950414
7.8748436, 8.2735643, 0.39872023, 5.6605453, 7.0092092
7.3724275, 8.2899246, 0.91749746, 5.1911659, 7.0218334
6.9815998, 8.0047588, 1.0231602, 4.7735753, 7.0318871
6.9106565, 7.2769217, 0.36626494, 4.6828561, 7.0395112
7.1026506, 8.7626457, 1.6599952, 5.3839846, 7.0500507
7.1353807, 8.2108488, 1.0754688, 4.6232758, 7.0596585
8.0802670, 5.6241097, -2.4561584, 4.8470244, 7.0670547
7.2091465, 5.8960676, -1.3130782, 5.0490870, 7.0759907
6.5825195, 6.8083000, 0.22578219, 4.6204448, 7.0839901
7.7585597, 5.6321998, -2.1263609, 5.1312556, 7.0908484
7.6522164, 7.1219001, -0.53031605, 6.5858889, 7.1028404
8.0955381, 7.1529002, -0.94263828, 6.2113514, 7.1202359
8.1612711, 7.7204733, -0.44079849, 5.7778182, 7.1348877
7.8219252, 8.1811895, 0.35926336, 5.4415350, 7.1481705
7.0543337, 7.6663880, 0.61205471, 4.9583049, 7.1591601
6.9225893, 7.2511477, 0.32855931, 4.6441875, 7.1675029
6.3736572, 6.4792342, 0.10557666, 4.2116337, 7.1740589
7.8759375, 6.5669823, -1.3089554, 4.4639659, 7.1791420
6.9787817, 6.8053732, -0.17340878, 6.6678495, 7.1909218
8.3450623, 6.7696266, -1.5754371, 5.8152599, 7.2058601
7.5831056, 6.9264793, -0.65662622, 5.7030044, 7.2201495
6.3971715, 7.6946306, 1.2974598, 4.7048736, 7.2315869
7.6397800, 7.2478595, -0.39192179, 5.3434534, 7.2408137
7.1395378, 7.4490166, 0.30947906, 5.1044917, 7.2525830
7.3750734, 7.2148113, -0.16026235, 5.1885843, 7.2630105
6.4772716, 7.5605807, 1.0833083, 4.5044861, 7.2725582
6.8823490, 6.2596798, -0.62266856, 4.4077220, 7.2791324
6.2639151, 5.9254522, -0.33846271, 5.2271156, 7.2872329
6.7278395, 6.0715094, -0.65633035, 4.7483678, 7.2971969
6.8215437, 6.5159073, -0.30563611, 4.8530846, 7.3065257
7.4370351, 6.9946308, -0.44240448, 5.1625867, 7.3167615
7.2193384, 7.2313013, 0.11962578E-1, 5.1764154, 7.3277302
7.2251740, 7.1710219, -0.54151267E-1, 5.0612788, 7.3380527
7.4761343, 6.4418802, -1.0342536, 5.0302935, 7.3478947
7.5415630, 6.4964795, -1.0450835, 5.2921557, 7.3579884
6.7619591, 6.4114609, -0.35049886, 4.9048748, 7.3682284
6.9498858, 6.5361109, -0.41377473, 4.6426525, 7.3761888
6.3136635, 6.2421832, -0.71480423E-1, 4.4458323, 7.3826442
6.4601965, 5.9639955, -0.49620050, 4.4263935, 7.3888702
6.1293936, 6.2534242, 0.12403040, 4.1093187, 7.3942451
6.4167018, 5.2198334, -1.1968684, 3.9512246, 7.3980408
6.8309822, 4.6194086, -2.2115738, 4.1079254, 7.4014554
6.2430263, 5.0475516, -1.1954759, 4.1183181, 7.4054990
5.7867851, 4.6216302, -1.1651549, 3.7448087, 7.4084096
5.3204780, 4.3665037, -0.95397484, 3.3624089, 7.4096737
5.9593663, 5.0407324, -0.91863471, 5.5419307, 7.4120173
5.1155353, 6.3116579, 1.1961235, 5.4436040, 7.4272804
6.8360834, 6.0324306, -0.80365312, 4.5481749, 7.4351201
6.6123514, 7.1665978, 0.55424690, 4.7233343, 7.4441090
7.2370105, 7.1197519, -0.11725858, 5.0347977, 7.4530296
7.8243375, 7.6523337, -0.17200431, 5.3306875, 7.4634728
6.7454629, 6.7762861, 0.30822247E-1, 5.1392703, 7.4746876
6.3151631, 7.0759306, 0.76076776, 4.7552557, 7.4844685
7.1199117, 6.9456449, -0.17426743, 4.7676153, 7.4926705
8.1390247, 6.2465429, -1.8924822, 5.3332434, 7.5022979
7.0528421, 7.0913248, 0.38483784E-1, 5.1974416, 7.5134392
6.4997568, 7.1181283, 0.61837155, 4.9140906, 7.5229645
6.5069571, 7.8451266, 1.3381702, 4.8252234, 7.5318208
6.6215005, 6.9470797, 0.32557893, 4.6026163, 7.5398235
6.1637907, 7.0545721, 0.89078170, 4.3081365, 7.5469213
5.9802094, 6.5505390, 0.57032955, 3.9910297, 7.5520420
6.0487890, 5.6836863, -0.36510196, 3.8364847, 7.5557003
7.6682076, 5.2870889, -2.3811188, 4.8655496, 7.5601153
6.9472222, 6.3571072, -0.59011531, 5.9992814, 7.5712433
7.4406710, 6.5850997, -0.85557139, 5.4106817, 7.5835609
7.1566615, 5.9242430, -1.2324185, 5.1540861, 7.5944629
7.1277151, 6.3187470, -0.80896670, 5.1672325, 7.6049895
8.1627483, 6.6948795, -1.4678682, 5.4915795, 7.6157546
7.6128912, 6.3589387, -1.2539523, 5.5534906, 7.6280036
7.0189595, 6.6746616, -0.34429744, 5.0660553, 7.6390834
6.1515722, 6.3536320, 0.20205882, 4.4077363, 7.6474099
6.1292262, 5.8598108, -0.26941478, 4.0053620, 7.6524277
6.2165585, 5.3463926, -0.87016547, 3.8980100, 7.6559029
4.9352274, 5.0851760, 0.14994781, 3.6992028, 7.6587129
7.3209991, 4.5867095, -2.7342887, 4.5063148, 7.6613193
7.0916944, 5.5238080, -1.5678869, 5.4833765, 7.6699119
7.0725164, 5.2834353, -1.7890813, 4.9764390, 7.6790633
6.3516722, 5.1558018, -1.1958702, 4.3983078, 7.6858544
6.4591503, 4.7858057, -1.6733449, 4.1164236, 7.6900964
6.7408595, 4.5358582, -2.2050011, 4.1956673, 7.6939158
5.8338757, 4.3786807, -1.4551938, 4.0350714, 7.6975980
5.0930037, 4.3843269, -0.70867693, 3.5556688, 7.6996751
6.4870620, 5.2085452, -1.2785168, 5.8937287, 7.7036834
2.2245147, 5.1177330, 2.8932188, 0.0000000, 7.6861959
6.5228810, 6.7032933, 0.18041164, 6.3665919, 7.6698933
6.2775211, 5.8265209, -0.45100039, 4.5128760, 7.6795421
6.0137882, 5.3510752, -0.66271305, 4.0038013, 7.6847839
5.9276977, 5.0414472, -0.88624978, 3.8283370, 7.6881061
5.8621984, 4.6803060, -1.1818923, 3.7238045, 7.6906114
6.3604703, 4.3115659, -2.0489049, 3.8203535, 7.6926193
7.1721120, 5.8412962, -1.3308160, 6.1950216, 7.6987209
7.1358786, 6.2565370, -0.87934148, 5.5111532, 7.7128983
6.5415797, 6.1689949, -0.37258407, 4.7835612, 7.7229161
6.1171927, 5.3547134, -0.76247901, 4.2239480, 7.7291183
7.8819547, 5.1602926, -2.7216616, 4.8217607, 7.7352109
7.2713804, 4.8443542, -2.4270260, 4.8847270, 7.7429810
6.7227154, 4.4510460, -2.2716694, 4.5112033, 7.7491550
6.5036502, 4.0483847, -2.4552653, 4.2166591, 7.7534127
6.4158592, 3.7349463, -2.6809125, 3.9948559, 7.7562938
6.3131647, 3.4225600, -2.8906043, 3.7817092, 7.7579455
6.0365510, 3.1713238, -2.8652277, 3.5888977, 7.7585449
6.0411649, 3.0201755, -3.0209899, 3.4797761, 7.7584705
5.1171722, 3.3050361, -1.8121355, 3.2728734, 7.7584558
5.6344967, 2.6404805, -2.9940159, 2.9125576, 7.7557716
5.3244081, 2.6776309, -2.6467781, 2.8729298, 7.7524357
5.3168011, 2.6606736, -2.6561279, 2.7658086, 7.7486100
5.6580939, 5.3773041, -0.28078994, 8.6211538, 7.7556343
6.8329983, 4.8976722, -1.9353260, 5.7298226, 7.7742686
7.5002160, 4.8635526, -2.6366632, 5.2437797, 7.7828460
7.4480143, 4.8096352, -2.6383784, 5.1464281, 7.7912116
7.2307558, 4.7619524, -2.4688044, 5.0192890, 7.7991376
7.1458592, 5.0144467, -2.1314113, 5.4221945, 7.8074031
6.8492866, 5.2705808, -1.5787052, 5.1491146, 7.8170128
5.9641905, 4.7619390, -1.2022513, 4.2657456, 7.8223763
6.6053615, 4.7885947, -1.8167669, 4.7447796, 7.8257680
6.4739137, 4.8807664, -1.5931472, 4.6403670, 7.8322182
6.3934054, 4.7885833, -1.6048224, 4.5263009, 7.8383884
6.3719068, 4.9655886, -1.4063182, 4.3608041, 7.8442254
6.2009206, 4.6149487, -1.5859721, 4.2358084, 7.8492169
6.7075248, 4.3463097, -2.3612146, 4.2666192, 7.8532310
6.5219140, 3.9677565, -2.5541575, 4.2534757, 7.8565688
5.9918232, 4.1053205, -1.8865025, 4.2673974, 7.8600960
6.8804469, 3.8907163, -2.9897306, 4.3552933, 7.8633971
6.2415638, 3.8648190, -2.3767443, 4.3048081, 7.8675766
6.1630187, 3.3976452, -2.7653735, 3.9153945, 7.8693585
5.9370651, 3.1779242, -2.7591400, 3.7780445, 7.8697128
5.7411742, 3.0094788, -2.7316957, 3.6259074, 7.8693938
5.3110495, 3.1162996, -2.1947498, 3.4178357, 7.8686814
5.8717251, 2.5626142, -3.3091102, 3.3429513, 7.8674183
6.1547174, 2.5967736, -3.5579438, 3.5369842, 7.8654346
6.3209000, 3.0154386, -3.3054619, 3.8545575, 7.8628273
6.5254173, 2.9863775, -3.5390396, 4.0742645, 7.8623662
5.7142859, 3.2466888, -2.4675972, 3.9459324, 7.8628240
5.5706162, 3.3049300, -2.2656863, 3.6478050, 7.8630204
5.7263656, 2.9623146, -2.7640507, 3.3733010, 7.8619876
6.1398063, 2.9253130, -3.2144933, 3.2759607, 7.8602881
5.8542595, 2.7802682, -3.0739908, 3.1903448, 7.8570805
5.6332426, 2.4060550, -3.2271872, 3.1889069, 7.8537312
5.2171226, 2.6039612, -2.6131611, 3.1718264, 7.8501296
4.6590776, 2.8315833, -1.8274944, 2.9848361, 7.8463058
5.0787420, 2.6169300, -2.4618120, 2.6707275, 7.8403068
4.5938444, 2.6514254, -1.9424196, 2.5728545, 7.8332210
5.0149922, 2.2444022, -2.7705901, 2.4450417, 7.8245578
4.7468605, 2.5982230, -2.1486378, 3.7792151, 7.8171363
5.1109548, 2.7731235, -2.3378317, 4.6361318, 7.8176746
5.7676253, 2.9244998, -2.8431256, 4.3814507, 7.8187089
6.2782888, 2.9494739, -3.3288155, 3.8307774, 7.8172874
5.5763788, 2.4911032, -3.0852752, 3.7098062, 7.8144698
5.3593273, 2.8319104, -2.5274172, 3.7175241, 7.8123593
6.1985340, 2.5717285, -3.6268053, 3.4217873, 7.8074460
6.0742240, 2.6549246, -3.4192996, 3.3718202, 7.8005672
5.5963182, 2.5676246, -3.0286942, 3.1871324, 7.7931581
5.4193339, 2.6269107, -2.7924232, 4.5921288, 7.7878952
6.2192307, 4.1621594, -2.0570700, 6.7606363, 7.7941399
6.0171266, 3.8980908, -2.1190357, 5.7317324, 7.8020730
6.0694542, 3.5408010, -2.5286529, 4.5880179, 7.8055024
6.3441987, 4.2304358, -2.1137631, 4.6372843, 7.8066945
6.3864884, 3.9063759, -2.4801130, 4.4086757, 7.8089757
6.0445414, 3.7922401, -2.2523010, 4.2598419, 7.8117366
5.9907207, 4.1192384, -1.8714827, 4.0782771, 7.8135238
6.0011997, 3.7797549, -2.2214448, 4.0720925, 7.8152719
5.5642877, 4.3557429, -1.2085441, 3.8808541, 7.8170033
5.8473215, 3.6535237, -2.1937978, 3.7588055, 7.8180027
5.7359982, 3.8775249, -1.8584741, 3.7829537, 7.8191495
5.0989909, 2.3693285, -2.7296624, 3.0482478, 7.8146033
5.1027203, 2.0094855, -3.0932350, 2.7057269, 7.8007131
4.4110508, 1.7215278, -2.6895237, 2.1829867, 7.7785678
4.8921857, 1.9130816, -2.9791036, 2.6869378, 7.7530646
5.2482376, 2.1864052, -3.0618327, 3.2338557, 7.7343631
4.1860132, 1.5951538, -2.5908597, 2.0436850, 7.7103572
4.8962288, 1.8592689, -3.0369596, 2.6474867, 7.6830401
5.0734806, 2.1001372, -2.9733436, 3.3209059, 7.6625476
5.3310428, 2.5811923, -2.7498505, 3.6498761, 7.6489882
5.6890516, 2.5188856, -3.1701655, 3.7951398, 7.6404209
5.4600163, 2.4129817, -3.0470343, 3.3671839, 7.6312103
5.4092240, 2.3116057, -3.0976183, 3.1624851, 7.6188488
4.9347239, 2.3007846, -2.6339393, 3.3376114, 7.6089187
5.2216368, 2.7819614, -2.4396763, 3.6985283, 7.6050696
5.2720690, 2.7575202, -2.5145490, 3.4990115, 7.6039257
5.0995083, 2.8415415, -2.2579665, 3.2426901, 7.6025615
5.6675572, 2.2094402, -3.4581165, 3.0163085, 7.5991435
4.9531388, 1.8247921, -3.1283462, 2.5471518, 7.5892048
5.5416689, 2.0481687, -3.4935005, 2.8897982, 7.5771976
5.5435724, 2.6373637, -2.9062085, 3.2597578, 7.5698967
5.6007705, 2.3437657, -3.2570045, 3.0469472, 7.5637012
5.4550214, 1.9900448, -3.4649768, 2.7079988, 7.5534973
4.4969702, 1.5177500, -2.9792194, 1.8575795, 7.5334973
4.0238314, 1.2945483, -2.7292826, 1.1158453, 7.5012054
3.4738009, 1.1078608, -2.3659399, 0.43540680, 7.4596696
