32.159416, 9.3267269, 33.910343, 0.47203857, 319.16486, 333.76111, 302.51761, 11935.228, 8334.1855
32.115997, 9.3303995, 33.687317, 0.47171527, 319.23282, 333.73917, 302.45282, 11935.180, 8334.1855
32.071449, 9.3335657, 33.461834, 0.47139218, 319.30490, 333.72137, 302.39066, 11935.132, 8334.1855
32.025181, 9.3359842, 33.231941, 0.47106960, 319.40128, 333.72543, 302.34024, 11935.100, 8334.1855
31.980007, 9.3388243, 33.007278, 0.47074702, 319.47391, 333.70923, 302.27957, 11935.061, 8334.1855
31.935272, 9.3418121, 32.785568, 0.47042447, 319.53824, 333.68640, 302.21573, 11935.016, 8334.1855
31.890713, 9.3448381, 32.565872, 0.47010261, 319.59863, 333.66064, 302.15067, 11934.964, 8334.1855
31.845600, 9.3475971, 32.345703, 0.46978074, 319.66895, 333.64420, 302.09073, 11934.921, 8334.1855
32.101490, 9.4753933, 33.097431, 0.46945891, 319.69299, 333.58768, 302.01013, 11934.859, 8334.1855
32.529011, 9.6764860, 34.412735, 0.46913761, 319.70258, 333.51492, 301.91907, 11934.791, 8334.1855
32.532124, 9.7000570, 34.345242, 0.46881646, 319.77927, 333.49927, 301.85718, 11934.742, 8334.1855
32.484043, 9.7020435, 34.105042, 0.46849531, 319.86456, 333.49167, 301.79962, 11934.701, 8334.1855
32.436085, 9.7040510, 33.866837, 0.46817455, 319.93402, 333.47101, 301.73566, 11934.648, 8334.1855
32.387917, 9.7059326, 33.629421, 0.46785411, 320.00113, 333.44888, 301.67130, 11934.604, 8334.1855
32.339626, 9.7077217, 33.393124, 0.46753368, 320.06241, 333.42227, 301.60498, 11934.555, 8334.1855
32.291019, 9.7093401, 33.157230, 0.46721345, 320.12851, 333.40033, 301.54141, 11934.509, 8334.1855
32.242199, 9.7108345, 32.922119, 0.46689373, 320.19543, 333.37979, 301.47894, 11934.462, 8334.1855
32.329185, 9.7691936, 33.146427, 0.46657401, 320.23129, 333.33224, 301.40240, 11934.408, 8334.1855
32.394714, 9.8187408, 33.295692, 0.46625432, 320.26263, 333.28027, 301.32333, 11934.349, 8334.1855
32.345280, 9.8200521, 33.058037, 0.46593532, 320.32968, 333.25955, 301.26059, 11934.298, 8334.1855
32.294830, 9.8209038, 32.818451, 0.46561632, 320.40778, 333.24899, 301.20349, 11934.259, 8334.1855
32.243416, 9.8213148, 32.577042, 0.46529731, 320.51697, 333.26611, 301.16092, 11934.232, 8334.1855
32.227417, 9.8364973, 32.452213, 0.46497884, 320.60876, 333.26859, 301.11111, 11934.195, 8334.1855
32.214386, 9.8528986, 32.339108, 0.46466056, 320.70398, 333.27423, 301.06326, 11934.162, 8334.1855
32.203869, 9.8703518, 32.239456, 0.46434227, 320.80991, 333.28940, 301.02039, 11934.133, 8334.1855
32.173870, 9.8796539, 32.075188, 0.46402431, 320.92609, 333.31387, 300.98248, 11934.108, 8334.1855
32.152679, 9.8925924, 31.941256, 0.46370673, 321.04385, 333.34015, 300.94580, 11934.085, 8334.1855
32.305485, 9.9783258, 32.374992, 0.46338916, 321.13351, 333.34180, 300.89642, 11934.047, 8334.1855
32.735451, 10.181429, 33.692360, 0.46307173, 321.19839, 333.31992, 300.83353, 11933.999, 8334.1855
33.125896, 10.369903, 34.899586, 0.46275485, 321.26343, 333.29517, 300.76764, 11933.950, 8334.1855
33.349693, 10.488656, 35.566544, 0.46243799, 321.31854, 333.25949, 300.69492, 11933.896, 8334.1855
33.409042, 10.537349, 35.686588, 0.46212113, 321.36844, 333.21869, 300.61908, 11933.842, 8334.1855
33.379913, 10.548112, 35.505840, 0.46180490, 321.40994, 333.17072, 300.53958, 11933.784, 8334.1855
33.327740, 10.548953, 35.247620, 0.46148875, 321.46539, 333.13550, 300.46707, 11933.731, 8334.1855
33.275440, 10.549703, 34.990662, 0.46117261, 321.53088, 333.10947, 300.39963, 11933.680, 8334.1855
33.235077, 10.555523, 34.776096, 0.46085691, 321.62592, 333.10938, 300.34583, 11933.633, 8334.1855
33.182087, 10.555907, 34.519787, 0.46054149, 321.72397, 333.11249, 300.29401, 11933.599, 8334.1855
33.189667, 10.582119, 34.470539, 0.46022606, 321.83380, 333.12631, 300.24792, 11933.571, 8334.1855
33.370796, 10.682689, 34.958065, 0.45991084, 321.91550, 333.11539, 300.18900, 11933.526, 8334.1855
33.643890, 10.823449, 35.735031, 0.45959607, 321.99472, 333.10104, 300.12747, 11933.479, 8334.1855
33.899368, 10.957630, 36.484406, 0.45928136, 322.07303, 333.08377, 300.06335, 11933.431, 8334.1855
33.940025, 10.999151, 36.535797, 0.45896664, 322.17239, 333.08386, 300.00763, 11933.392, 8334.1855
33.907982, 11.009131, 36.341846, 0.45865262, 322.27310, 333.08536, 299.95285, 11933.353, 8334.1855
33.866253, 11.014879, 36.116150, 0.45833862, 322.35385, 333.07013, 299.88986, 11933.309, 8334.1855
33.820595, 11.018885, 35.878445, 0.45802462, 322.41867, 333.04184, 299.82053, 11933.258, 8334.1855
33.770294, 11.020845, 35.626354, 0.45771107, 322.47714, 333.00867, 299.74905, 11933.204, 8334.1855
33.715897, 11.020991, 35.361801, 0.45739779, 322.52966, 332.97101, 299.67566, 11933.150, 8334.1855
33.660789, 11.020795, 35.096539, 0.45708451, 322.60315, 332.95203, 299.61209, 11933.104, 8334.1855
33.623165, 11.020503, 34.832561, 0.45677143, 322.64346, 332.90518, 299.53470, 11933.043, 8334.1855
33.585281, 11.020077, 34.569515, 0.45645887, 322.68848, 332.86295, 299.46008, 11932.988, 8334.1855
33.547234, 11.019556, 34.307655, 0.45614630, 322.69867, 332.79150, 299.37094, 11932.923, 8334.1855
33.509171, 11.019007, 34.047508, 0.45583373, 322.68829, 332.70294, 299.27350, 11932.853, 8334.1855
33.471176, 11.018457, 33.789337, 0.45552185, 322.71310, 332.64532, 299.19217, 11932.793, 8334.1855
33.433254, 11.017908, 33.533123, 0.45521000, 322.80255, 332.64392, 299.13962, 11932.749, 8334.1855
33.395382, 11.017359, 33.278851, 0.45489815, 322.89966, 332.64966, 299.09097, 11932.717, 8334.1855
33.360115, 11.017896, 33.035221, 0.45458671, 323.00888, 332.66641, 299.04825, 11932.688, 8334.1855
33.333607, 11.022156, 32.823082, 0.45427558, 323.11542, 332.68134, 299.00500, 11932.658, 8334.1855
33.295895, 11.021606, 32.574196, 0.45396444, 323.22385, 332.69852, 298.96320, 11932.629, 8334.1855
33.262749, 11.022972, 32.342583, 0.45365348, 323.33459, 332.71835, 298.92307, 11932.605, 8334.1855
33.250744, 11.033358, 32.184917, 0.45334306, 323.44019, 332.73416, 298.88116, 11932.580, 8334.1855
33.222328, 11.036712, 31.972067, 0.45303264, 323.56042, 332.76297, 298.84598, 11932.557, 8334.1855
33.220680, 11.051493, 31.851740, 0.45272222, 323.67358, 332.78613, 298.80829, 11932.530, 8334.1855
33.197517, 11.057068, 31.659317, 0.45241243, 323.78058, 332.80432, 298.76822, 11932.503, 8334.1855
33.743523, 11.307234, 33.313995, 0.45210272, 323.83017, 332.77234, 298.70224, 11932.453, 8334.1855
34.377701, 11.599504, 35.238091, 0.45179307, 323.78137, 332.65079, 298.58835, 11932.367, 8334.1855
34.547249, 11.690707, 35.673771, 0.45148376, 323.83209, 332.61218, 298.51489, 11932.312, 8334.1855
34.548016, 11.707919, 35.541496, 0.45117477, 323.94086, 332.62314, 298.46634, 11932.273, 8334.1855
34.539642, 11.721108, 35.378689, 0.45086578, 324.02411, 332.61279, 298.40726, 11932.230, 8334.1855
35.072350, 11.973528, 36.961815, 0.45055690, 324.07922, 332.57727, 298.33502, 11932.179, 8334.1855
35.809845, 12.321379, 39.125889, 0.45024863, 324.12756, 332.53143, 298.25519, 11932.117, 8334.1855
36.614315, 12.705657, 41.476818, 0.44994032, 324.15778, 332.46481, 298.16193, 11932.040, 8334.1855
36.995926, 12.900537, 42.529358, 0.44963205, 324.20551, 332.40891, 298.07166, 11931.972, 8334.1855
37.066696, 12.952843, 42.595104, 0.44932434, 324.32626, 332.41449, 298.01175, 11931.922, 8334.1855
37.146305, 13.009342, 42.690525, 0.44901678, 324.43597, 332.41071, 297.94708, 11931.873, 8334.1855
37.240013, 13.072561, 42.832623, 0.44870922, 324.54260, 332.40381, 297.88080, 11931.824, 8334.1855
37.301720, 13.121083, 42.867386, 0.44840190, 324.64420, 332.39246, 297.81216, 11931.773, 8334.1855
37.323536, 13.151137, 42.768024, 0.44809505, 324.72592, 332.36429, 297.73526, 11931.716, 8334.1855
37.328712, 13.173821, 42.615463, 0.44778821, 324.80389, 332.33331, 297.65720, 11931.658, 8334.1855
37.392399, 13.231605, 42.714405, 0.44748136, 324.88797, 332.30762, 297.58173, 11931.604, 8334.1855
37.362259, 13.245781, 42.499786, 0.44717520, 324.98013, 332.28903, 297.50998, 11931.550, 8334.1855
37.327080, 13.257575, 42.269382, 0.44686908, 325.04138, 332.24466, 297.42572, 11931.480, 8334.1855
37.290852, 13.268848, 42.036987, 0.44656295, 325.13663, 332.22986, 297.35641, 11931.429, 8334.1855
37.254921, 13.280225, 41.807175, 0.44625720, 325.20895, 332.19601, 297.27808, 11931.368, 8334.1855
37.219002, 13.291570, 41.578957, 0.44595179, 325.21283, 332.10461, 297.17151, 11931.288, 8334.1855
37.181541, 13.302159, 41.346954, 0.44564638, 325.24854, 332.04080, 297.07892, 11931.216, 8334.1855
37.142654, 13.312051, 41.111633, 0.44534105, 325.26227, 331.95886, 296.97778, 11931.140, 8334.1855
37.102356, 13.321248, 40.873024, 0.44503635, 325.31827, 331.91345, 296.89502, 11931.078, 8334.1855
37.061390, 13.330100, 40.633728, 0.44473165, 325.35141, 331.84921, 296.80328, 11931.012, 8334.1855
37.086052, 13.369249, 40.617161, 0.44442695, 325.35117, 331.75717, 296.69812, 11930.932, 8334.1855
37.305588, 13.498824, 41.222275, 0.44412279, 325.35596, 331.66888, 296.59451, 11930.852, 8334.1855
38.119904, 13.908386, 43.695576, 0.44381878, 325.22571, 331.46210, 296.43036, 11930.722, 8334.1855
38.564198, 14.148175, 45.023693, 0.44351479, 325.18158, 331.32428, 296.29785, 11930.619, 8334.1855
38.691910, 14.238804, 45.323883, 0.44321099, 325.18597, 331.22574, 296.18381, 11930.530, 8334.1855
38.700768, 14.272921, 45.229336, 0.44290772, 325.22522, 331.15686, 296.08441, 11930.450, 8334.1855
38.689335, 14.297366, 45.066669, 0.44260445, 325.24481, 331.07156, 295.97714, 11930.365, 8334.1855
39.042786, 14.496254, 46.049625, 0.44230118, 325.23907, 330.96490, 295.85931, 11930.271, 8334.1855
39.814178, 14.899513, 48.301125, 0.44199854, 325.18048, 330.80902, 295.71494, 11930.155, 8334.1855
40.464062, 15.249064, 50.160194, 0.44169590, 325.14267, 330.66632, 295.57455, 11930.046, 8334.1855
41.075207, 15.583844, 51.876675, 0.44139338, 325.12177, 330.53394, 295.43707, 11929.937, 8334.1855
41.494164, 15.826216, 53.021236, 0.44109115, 325.12756, 330.42099, 295.30728, 11929.835, 8334.1855
41.736301, 15.981541, 53.630451, 0.44078931, 325.15891, 330.32788, 295.18616, 11929.738, 8334.1855
41.841976, 16.068804, 53.808239, 0.44048747, 325.18320, 330.22803, 295.06149, 11929.640, 8334.1855
41.908089, 16.136320, 53.856674, 0.44018564, 325.22586, 330.14349, 294.94427, 11929.547, 8334.1855
41.951408, 16.192451, 53.829750, 0.43988445, 325.24887, 330.04245, 294.81909, 11929.446, 8334.1855
41.976475, 16.239428, 53.742554, 0.43958333, 325.25934, 329.93106, 294.68890, 11929.345, 8334.1855
41.995415, 16.283348, 53.635750, 0.43928221, 325.26382, 329.81485, 294.55661, 11929.242, 8334.1855
42.008694, 16.324434, 53.510910, 0.43898138, 325.22128, 329.65936, 294.40536, 11929.121, 8334.1855
42.016647, 16.362844, 53.369236, 0.43868098, 325.20819, 329.52905, 294.26666, 11929.011, 8334.1855
42.403904, 16.593538, 54.399582, 0.43838060, 325.17532, 329.38181, 294.11951, 11928.893, 8334.1855
42.994781, 16.930567, 56.050728, 0.43808031, 325.11401, 329.20728, 293.95724, 11928.763, 8334.1855
44.028427, 17.501280, 58.507877, 0.43778050, 324.94455, 328.93774, 293.74680, 11928.596, 8334.1855
46.022655, 18.595802, 62.713268, 0.43748090, 324.53244, 328.45544, 293.42780, 11928.342, 8334.1855
47.775867, 19.591942, 66.363495, 0.43718141, 324.08057, 327.93091, 293.08319, 11928.068, 8334.1855
48.273388, 19.910330, 67.168495, 0.43688205, 323.55417, 327.33908, 292.70279, 11927.763, 8334.1855
48.907932, 20.308285, 68.317177, 0.43658307, 322.97852, 326.70340, 292.29947, 11927.435, 8334.1855
49.639870, 20.765491, 69.748405, 0.43628415, 322.43134, 326.08914, 291.90488, 11927.117, 8334.1855
50.261669, 21.165001, 71.002075, 0.43598515, 321.95618, 325.53287, 291.53662, 11926.816, 8334.1855
50.825207, 21.534887, 72.096581, 0.43568686, 321.39447, 324.90100, 291.12982, 11926.489, 8334.1855
51.560127, 22.007492, 73.404610, 0.43538865, 320.70856, 324.16220, 290.66907, 11926.113, 8334.1855
52.250137, 22.458967, 74.613403, 0.43509045, 319.98099, 323.38571, 290.18796, 11925.721, 8334.1855
52.947834, 22.919674, 75.891045, 0.43479255, 319.38440, 322.71692, 289.75751, 11925.366, 8334.1855
53.575996, 23.343569, 76.930092, 0.43449500, 319.03619, 322.25504, 289.42679, 11925.092, 8334.1855
54.289993, 23.823063, 78.169495, 0.43419752, 318.77588, 321.86465, 289.12946, 11924.844, 8334.1855
54.993614, 24.301115, 79.364014, 0.43389997, 318.48526, 321.44647, 288.81702, 11924.583, 8334.1855
55.527168, 24.680031, 80.168045, 0.43360308, 318.15152, 320.98975, 288.48422, 11924.301, 8334.1855
56.350086, 25.239914, 81.643883, 0.43330628, 317.71072, 320.44101, 288.10522, 11923.984, 8334.1855
57.021534, 25.711889, 82.863464, 0.43300948, 317.15683, 319.79428, 287.67654, 11923.623, 8334.1855
57.791683, 26.249954, 84.229744, 0.43271300, 316.50385, 319.06174, 287.20413, 11923.226, 8334.1855
58.612656, 26.825542, 85.657585, 0.43241689, 315.94745, 318.40768, 286.76810, 11922.856, 8334.1855
59.426208, 27.402496, 87.095642, 0.43212080, 315.45190, 317.80185, 286.35364, 11922.507, 8334.1855
60.234787, 27.982185, 88.589149, 0.43182474, 315.07788, 317.29517, 285.98581, 11922.194, 8334.1855
60.981739, 28.527742, 90.086349, 0.43152925, 314.72641, 316.80453, 285.62390, 11921.885, 8334.1855
61.685116, 29.049854, 91.613831, 0.43123385, 314.56137, 316.46759, 285.33557, 11921.638, 8334.1855
62.266804, 29.496475, 92.923080, 0.43093860, 314.48917, 316.20572, 285.08218, 11921.421, 8334.1855
62.705952, 29.852257, 93.885208, 0.43064356, 314.48175, 315.99561, 284.85278, 11921.223, 8334.1855
63.092625, 30.175356, 94.721016, 0.43034884, 314.55853, 315.85406, 284.65582, 11921.053, 8334.1855
63.345116, 30.410881, 95.158264, 0.43005416, 314.69528, 315.76169, 284.48209, 11920.903, 8334.1855
63.491467, 30.576546, 95.265182, 0.42975947, 314.94208, 315.76089, 284.35281, 11920.790, 8334.1855
63.605240, 30.720888, 95.269386, 0.42946541, 315.20859, 315.77664, 284.23163, 11920.685, 8334.1855
63.906631, 30.990681, 95.820923, 0.42917144, 315.45984, 315.77966, 284.10443, 11920.572, 8334.1855
64.655251, 31.562147, 97.642220, 0.42887762, 315.61703, 315.70160, 283.93668, 11920.426, 8334.1855
65.625191, 32.288795, 100.01348, 0.42858389, 315.71078, 315.56638, 283.73907, 11920.252, 8334.1855
66.480156, 32.944489, 102.09380, 0.42829064, 315.71716, 315.35370, 283.50171, 11920.046, 8334.1855
67.222511, 33.528477, 103.51914, 0.42799738, 315.63730, 315.06601, 283.22650, 11919.806, 8334.1855
67.946945, 34.104797, 104.61749, 0.42770413, 315.33472, 314.59088, 282.86008, 11919.487, 8334.1855
68.725609, 34.723690, 105.84334, 0.42741144, 314.88477, 313.99109, 282.43237, 11919.109, 8334.1855
69.600159, 35.415207, 107.28214, 0.42711893, 314.42157, 313.37793, 281.99677, 11918.720, 8334.1855
70.398087, 36.058632, 108.54907, 0.42682645, 313.87643, 312.69443, 281.52576, 11918.302, 8334.1855
71.140686, 36.667938, 109.68433, 0.42653409, 313.32748, 312.00552, 281.05060, 11917.880, 8334.1855
72.076859, 37.421070, 111.27312, 0.42624220, 312.92593, 311.43652, 280.63113, 11917.505, 8334.1855
72.883003, 38.086967, 112.65241, 0.42595038, 312.61642, 310.94119, 280.24527, 11917.157, 8334.1855
73.746368, 38.799900, 114.03810, 0.42565855, 312.19507, 310.35083, 279.81247, 11916.766, 8334.1855
74.672058, 39.564590, 115.53193, 0.42536709, 311.88382, 309.84906, 279.42035, 11916.410, 8334.1855
75.407951, 40.195728, 116.66960, 0.42507598, 311.27719, 309.10031, 278.90866, 11915.945, 8334.1855
76.207619, 40.878723, 117.87731, 0.42478487, 310.90436, 308.54324, 278.48721, 11915.560, 8334.1855
76.961609, 41.532715, 118.96563, 0.42449382, 310.67319, 308.10132, 278.11938, 11915.223, 8334.1855
77.919449, 42.344765, 120.50977, 0.42420346, 310.48840, 307.69562, 277.76755, 11914.898, 8334.1855
78.883667, 43.168598, 122.07159, 0.42391315, 310.27841, 307.26642, 277.40289, 11914.563, 8334.1855
79.738602, 43.916016, 123.36791, 0.42362285, 310.09473, 306.85638, 277.04584, 11914.234, 8334.1855
80.504318, 44.600670, 124.45954, 0.42333284, 309.82761, 306.37546, 276.65378, 11913.869, 8334.1855
81.273384, 45.292530, 125.56433, 0.42304319, 309.52939, 305.86728, 276.24799, 11913.491, 8334.1855
82.109573, 46.041183, 126.81881, 0.42275351, 308.98645, 305.15570, 275.74435, 11913.020, 8334.1855
82.944344, 46.794064, 128.06693, 0.42246389, 308.42679, 304.42853, 275.23169, 11912.538, 8334.1855
83.759933, 47.537266, 129.33717, 0.42217478, 307.89801, 303.72461, 274.72852, 11912.064, 8334.1855
84.452705, 48.188728, 130.48940, 0.42188582, 307.49954, 303.12595, 274.27402, 11911.634, 8334.1855
85.257980, 48.933109, 131.88327, 0.42159691, 307.32162, 302.70654, 273.90329, 11911.282, 8334.1855
85.864624, 49.524357, 132.57069, 0.42130810, 307.09100, 302.24210, 273.51022, 11910.906, 8334.1855
86.465714, 50.114326, 133.24736, 0.42101985, 306.79602, 301.72400, 273.09119, 11910.506, 8334.1855
87.284447, 50.881836, 134.44798, 0.42073169, 306.19214, 300.95178, 272.55145, 11909.986, 8334.1855
88.102165, 51.653507, 135.66647, 0.42044362, 305.69144, 300.26230, 272.04944, 11909.500, 8334.1855
88.880623, 52.398365, 136.93169, 0.42015579, 305.28366, 299.64703, 271.58105, 11909.043, 8334.1855
89.499336, 53.017735, 138.03189, 0.41986826, 305.04855, 299.17120, 271.17719, 11908.646, 8334.1855
89.948891, 53.502174, 138.79939, 0.41958076, 304.96796, 298.82037, 270.83154, 11908.310, 8334.1855
90.391624, 53.982887, 139.58960, 0.41929334, 305.13245, 298.66879, 270.57913, 11908.061, 8334.1855
90.961609, 54.569931, 140.74268, 0.41900650, 305.25690, 298.48306, 270.31006, 11907.795, 8334.1855
91.633476, 55.243572, 142.14575, 0.41871965, 305.39359, 298.30542, 270.04395, 11907.532, 8334.1855
92.388359, 55.989395, 143.69289, 0.41843292, 305.54382, 298.13647, 269.78076, 11907.272, 8334.1855
93.105042, 56.707718, 145.14308, 0.41814637, 305.66812, 297.94403, 269.50543, 11906.998, 8334.1855
93.557228, 57.209496, 145.90929, 0.41786027, 305.81360, 297.76688, 269.23624, 11906.728, 8334.1855
93.886688, 57.610668, 146.35411, 0.41757417, 306.06720, 297.67679, 269.00714, 11906.495, 8334.1855
94.132271, 57.942913, 146.55582, 0.41728806, 306.45975, 297.69897, 268.83002, 11906.315, 8334.1855
94.728706, 58.569973, 147.81082, 0.41700247, 306.77509, 297.65762, 268.62329, 11906.106, 8334.1855
95.048752, 58.967529, 148.24142, 0.41671705, 307.13489, 297.65094, 268.43198, 11905.913, 8334.1855
95.218987, 59.240128, 148.20541, 0.41643167, 307.58954, 297.72098, 268.27609, 11905.753, 8334.1855
95.342720, 59.474041, 148.02112, 0.41614631, 308.04871, 297.79538, 268.12277, 11905.596, 8334.1855
96.054230, 60.203808, 149.55981, 0.41586161, 308.37421, 297.76196, 267.92075, 11905.390, 8334.1855
96.789009, 60.957497, 151.20320, 0.41557693, 308.64249, 297.67886, 267.69434, 11905.157, 8334.1855
97.038422, 61.302307, 151.39975, 0.41529229, 309.05606, 297.71140, 267.51974, 11904.978, 8334.1855
97.163948, 61.542553, 151.20744, 0.41500789, 309.44846, 297.72748, 267.33832, 11904.791, 8334.1855
97.235268, 61.737034, 150.84087, 0.41472393, 309.89853, 297.79092, 267.17892, 11904.626, 8334.1855
97.258362, 61.890648, 150.31870, 0.41443998, 310.33826, 297.84729, 267.01743, 11904.456, 8334.1855
97.236855, 62.006386, 149.65239, 0.41415602, 310.74097, 297.87567, 266.84451, 11904.273, 8334.1855
97.322548, 62.213196, 149.34018, 0.41387251, 311.19943, 297.95010, 266.69321, 11904.114, 8334.1855
97.693459, 62.663101, 149.93303, 0.41358927, 311.54422, 297.93420, 266.50232, 11903.911, 8334.1855
98.195900, 63.226810, 150.92111, 0.41330603, 311.82596, 297.86673, 266.28830, 11903.685, 8334.1855
98.355812, 63.499561, 150.84224, 0.41302282, 312.25864, 297.91885, 266.12674, 11903.512, 8334.1855
98.379753, 63.656300, 150.32854, 0.41274023, 312.73532, 298.00739, 265.98215, 11903.354, 8334.1855
98.484047, 63.881840, 150.07756, 0.41245770, 313.18564, 298.07617, 265.82971, 11903.193, 8334.1855
98.614182, 64.129890, 149.90666, 0.41217518, 313.61798, 298.13120, 265.67188, 11903.023, 8334.1855
98.905235, 64.515991, 150.24443, 0.41189286, 314.10349, 298.22910, 265.53357, 11902.871, 8334.1855
99.139748, 64.854774, 150.40489, 0.41161105, 314.53848, 298.28644, 265.37732, 11902.703, 8334.1855
99.082253, 64.943344, 149.62767, 0.41132924, 315.05548, 298.40973, 265.25040, 11902.563, 8334.1855
101.16484, 66.877213, 154.22067, 0.41104767, 315.04709, 298.11688, 264.94461, 11902.234, 8334.1855
102.57964, 68.250946, 157.23373, 0.41076618, 315.04153, 297.81787, 264.63126, 11901.892, 8334.1855
103.27181, 69.001511, 158.42355, 0.41048509, 314.92471, 297.42871, 264.27823, 11901.505, 8334.1855
103.77746, 69.591644, 159.24374, 0.41020399, 315.08765, 297.25864, 264.01807, 11901.218, 8334.1855
104.12320, 70.043259, 159.65271, 0.40992290, 315.24799, 297.08582, 263.75653, 11900.927, 8334.1855
104.40565, 70.440331, 159.89729, 0.40964243, 315.52686, 297.00595, 263.53464, 11900.683, 8334.1855
105.03219, 71.141808, 160.89857, 0.40936208, 315.89990, 297.00009, 263.34433, 11900.472, 8334.1855
105.95289, 72.107185, 162.14723, 0.40908182, 315.72336, 296.56177, 262.97122, 11900.057, 8334.1855
106.96854, 73.162514, 163.60472, 0.40880162, 315.57169, 296.14145, 262.60471, 11899.645, 8334.1855
107.80247, 74.061584, 164.66180, 0.40852198, 315.31033, 295.63370, 262.20056, 11899.188, 8334.1855
108.79003, 75.103157, 166.06081, 0.40824229, 315.07642, 295.14618, 261.80411, 11898.737, 8334.1855
109.67102, 76.054565, 167.24365, 0.40796274, 314.74026, 294.57727, 261.37268, 11898.245, 8334.1855
110.37158, 76.847641, 168.17204, 0.40768334, 314.41101, 294.01263, 260.94223, 11897.754, 8334.1855
110.91916, 77.505356, 168.91229, 0.40740436, 314.20435, 293.54294, 260.55106, 11897.306, 8334.1855
111.33323, 78.044067, 169.42587, 0.40712541, 314.29489, 293.30429, 260.25595, 11896.966, 8334.1855
111.64287, 78.489365, 169.68843, 0.40684649, 314.49762, 293.15277, 259.99722, 11896.666, 8334.1855
111.90620, 78.893478, 169.83907, 0.40656811, 314.84265, 293.11206, 259.78479, 11896.421, 8334.1855
112.90596, 79.970604, 171.41658, 0.40628988, 314.98114, 292.91074, 259.50629, 11896.096, 8334.1855
113.56871, 80.744614, 172.16856, 0.40601170, 314.52945, 292.25049, 259.03812, 11895.546, 8334.1855
114.12981, 81.428253, 172.91083, 0.40573347, 314.34802, 291.79922, 258.65549, 11895.096, 8334.1855
114.68492, 82.108681, 173.78537, 0.40545589, 314.52203, 291.62234, 258.38516, 11894.776, 8334.1855
115.08470, 82.648247, 174.24370, 0.40517837, 314.86841, 291.57782, 258.16885, 11894.521, 8334.1855
115.71043, 83.397972, 175.33914, 0.40490091, 315.24988, 291.56012, 257.96362, 11894.276, 8334.1855
116.47823, 84.282249, 176.73357, 0.40462345, 315.52545, 291.45926, 257.72409, 11893.988, 8334.1855
117.28395, 85.205589, 178.06001, 0.40434670, 315.67184, 291.25717, 257.44293, 11893.651, 8334.1855
118.24138, 86.274590, 179.37920, 0.40406987, 315.76822, 291.01517, 257.14505, 11893.291, 8334.1855
119.20814, 87.357674, 180.64662, 0.40379313, 315.68512, 290.63391, 256.79062, 11892.859, 8334.1855
119.95551, 88.239952, 181.42096, 0.40351656, 315.63260, 290.27496, 256.44464, 11892.435, 8334.1855
120.68130, 89.105476, 182.14549, 0.40324050, 315.51334, 289.86450, 256.07791, 11891.988, 8334.1855
121.57507, 90.133057, 183.23764, 0.40296435, 315.42612, 289.47812, 255.72057, 11891.548, 8334.1855
122.37793, 91.079163, 184.12675, 0.40268826, 315.34091, 289.09247, 255.36311, 11891.105, 8334.1855
123.34068, 92.181198, 185.35483, 0.49414045, 315.39911, 288.81558, 255.04863, 11890.714, 8334.1855
123.94842, 92.949951, 185.83264, 0.96764827, 315.28665, 288.40768, 254.68187, 11890.256, 8334.1855
124.52496, 93.691376, 186.35033, 1.4388559, 315.18539, 288.00867, 254.31883, 11889.802, 8334.1855
124.97899, 94.317947, 186.73964, 1.8604832, 315.14630, 287.65710, 253.97478, 11889.369, 8334.1855
125.35237, 94.869034, 187.01959, 2.2461047, 315.39536, 287.52499, 253.71738, 11889.044, 8334.1855
125.86646, 95.556465, 187.71231, 2.7260661, 315.76031, 287.48096, 253.49493, 11888.763, 8334.1855
126.19926, 96.071548, 187.93858, 3.0945830, 316.13870, 287.44687, 253.27655, 11888.483, 8334.1855
126.40794, 96.470978, 187.84422, 3.3869991, 316.55978, 287.44586, 253.07120, 11888.220, 8334.1855
126.82413, 97.074638, 188.08842, 3.7821286, 316.90384, 287.38751, 252.84389, 11887.924, 8334.1855
127.34156, 97.770775, 188.34209, 4.2041202, 316.60477, 286.84323, 252.43079, 11887.391, 8334.1855
127.86140, 98.471199, 188.55962, 4.6221490, 316.63055, 286.54483, 252.11266, 11886.977, 8334.1855
128.47737, 99.266708, 189.06174, 5.1052589, 316.40430, 286.05685, 251.72203, 11886.468, 8334.1855
129.00264, 99.976814, 189.47034, 5.5518651, 316.10828, 285.51648, 251.31149, 11885.931, 8334.1855
129.59964, 100.75910, 189.93173, 6.0256701, 315.79150, 284.96078, 250.89500, 11885.380, 8334.1855
130.13512, 101.48342, 190.41830, 6.4867897, 315.68683, 284.56488, 250.53960, 11884.910, 8334.1855
130.56905, 102.11086, 190.78650, 6.9049888, 315.94263, 284.43985, 250.28777, 11884.574, 8334.1855
131.39685, 103.12443, 191.71681, 7.5067053, 316.11630, 284.25302, 250.01270, 11884.208, 8334.1855
132.12794, 104.04712, 192.41727, 8.0520754, 316.04282, 283.88062, 249.66739, 11883.748, 8334.1855
132.86890, 104.98270, 193.12770, 8.6024427, 316.01065, 283.53894, 249.33363, 11883.297, 8334.1855
133.64491, 105.95610, 193.91278, 9.1734781, 316.06506, 283.26175, 249.02420, 11882.879, 8334.1855
134.28172, 106.79646, 194.45004, 9.6742315, 315.95544, 282.86197, 248.66873, 11882.396, 8334.1855
134.80560, 107.52727, 194.88416, 10.130787, 315.94958, 282.53979, 248.34261, 11881.948, 8334.1855
135.25873, 108.19011, 195.27284, 10.562461, 316.13467, 282.36020, 248.07011, 11881.573, 8334.1855
135.78918, 108.93110, 195.87430, 11.044665, 316.36826, 282.21677, 247.81146, 11881.216, 8334.1855
136.31740, 109.67184, 196.54227, 11.536001, 316.79141, 282.21408, 247.60516, 11880.926, 8334.1855
136.70885, 110.27888, 196.89590, 11.948026, 317.20813, 282.20639, 247.39726, 11880.637, 8334.1855
137.28699, 111.07271, 197.77011, 12.482291, 317.75214, 282.29297, 247.22435, 11880.392, 8334.1855
137.75238, 111.75658, 198.31586, 12.941983, 318.19989, 282.30780, 247.02525, 11880.112, 8334.1855
138.52602, 112.74979, 199.16472, 13.527857, 318.06732, 281.89328, 246.67017, 11879.608, 8334.1855
139.08821, 113.53471, 199.52022, 13.989553, 317.86594, 281.42813, 246.29688, 11879.077, 8334.1855
139.67357, 114.34489, 199.97299, 14.471297, 317.72653, 281.00916, 245.94058, 11878.567, 8334.1855
139.78645, 114.68401, 199.23387, 14.661715, 317.82666, 280.76767, 245.64908, 11878.146, 8334.1855
140.47742, 115.60285, 199.81227, 15.189284, 317.94788, 280.54315, 245.36467, 11877.738, 8334.1855
141.22832, 116.59972, 200.54805, 15.759601, 318.32828, 280.50964, 245.14659, 11877.419, 8334.1855
142.07520, 117.70130, 201.52324, 16.391199, 318.66876, 280.44669, 244.91734, 11877.087, 8334.1855
142.79636, 118.66270, 202.20647, 16.945118, 318.76059, 280.20001, 244.62564, 11876.657, 8334.1855
143.48056, 119.58750, 202.80534, 17.477663, 318.78021, 279.90039, 244.31570, 11876.203, 8334.1855
144.06703, 120.41564, 203.30136, 17.969988, 318.89313, 279.66922, 244.03023, 11875.781, 8334.1855
144.57462, 121.16599, 203.75806, 18.435862, 319.10956, 279.51382, 243.77187, 11875.398, 8334.1855
145.01610, 121.85101, 204.15727, 18.876228, 319.50900, 279.49228, 243.56087, 11875.081, 8334.1855
145.32669, 122.40463, 204.27290, 19.242329, 320.01254, 279.54684, 243.37694, 11874.806, 8334.1855
145.57008, 122.89166, 204.24681, 19.570866, 320.67435, 279.71725, 243.23381, 11874.588, 8334.1855
145.78880, 123.37487, 204.24249, 19.901052, 321.50708, 280.01349, 243.13159, 11874.434, 8334.1855
145.90273, 123.80192, 204.08757, 20.195250, 322.42966, 280.37790, 243.04579, 11874.304, 8334.1855
145.88292, 124.16686, 203.74814, 20.447077, 323.39526, 280.77798, 242.96178, 11874.175, 8334.1855
145.76840, 124.49414, 203.29640, 20.672855, 324.38141, 281.19687, 242.87627, 11874.041, 8334.1855
145.57578, 124.78635, 202.73799, 20.873964, 325.36066, 281.61438, 242.78479, 11873.897, 8334.1855
145.27457, 125.02704, 202.01834, 21.038391, 326.37555, 282.06198, 242.69589, 11873.757, 8334.1855
144.85919, 125.21493, 201.13271, 21.164986, 327.51520, 282.60449, 242.63022, 11873.653, 8334.1855
144.34419, 125.36201, 200.12032, 21.262205, 328.68332, 283.17245, 242.56544, 11873.552, 8334.1855
143.78168, 125.49036, 199.05444, 21.345938, 329.85797, 283.74881, 242.50047, 11873.448, 8334.1855
143.19141, 125.60754, 197.96033, 21.421646, 331.03528, 284.32986, 242.43599, 11873.345, 8334.1855
142.58125, 125.71571, 196.84517, 21.490873, 332.21832, 284.91769, 242.37344, 11873.245, 8334.1855
141.95418, 125.81744, 195.71761, 21.555473, 333.38303, 285.49500, 242.30756, 11873.139, 8334.1855
141.31731, 125.91335, 194.57982, 21.615902, 334.53271, 286.06384, 242.23991, 11873.027, 8334.1855
140.66026, 126.00103, 193.42354, 21.670361, 335.69113, 286.64160, 242.17477, 11872.918, 8334.1855
139.99002, 126.08227, 192.25490, 21.720158, 336.84979, 287.22205, 242.11096, 11872.810, 8334.1855
139.30698, 126.15736, 191.07481, 21.765493, 338.01215, 287.80762, 242.04922, 11872.705, 8334.1855
138.61685, 126.22812, 189.88956, 21.807722, 339.18552, 288.40323, 241.99146, 11872.604, 8334.1855
137.91861, 126.29524, 188.70149, 21.847326, 340.32144, 288.97461, 241.92734, 11872.490, 8334.1855
137.21155, 126.35683, 187.50410, 21.882904, 341.49023, 289.57153, 241.87166, 11872.394, 8334.1855
136.49174, 126.41320, 186.29826, 21.914646, 342.63208, 290.15189, 241.81161, 11872.292, 8334.1855
135.75630, 126.46282, 185.07896, 21.941446, 343.77322, 290.73438, 241.75244, 11872.190, 8334.1855
134.99954, 126.50417, 183.84077, 21.962126, 344.96017, 291.35190, 241.70287, 11872.104, 8334.1855
134.21117, 126.53724, 182.58379, 21.976677, 346.18857, 292.00229, 241.66087, 11872.031, 8334.1855
133.42329, 126.56666, 181.32401, 21.988548, 347.39844, 292.64145, 241.61752, 11871.955, 8334.1855
132.64192, 126.59402, 180.06697, 21.998924, 348.59940, 293.27573, 241.57515, 11871.878, 8334.1855
131.85367, 126.61911, 178.81181, 22.007620, 349.78314, 293.90036, 241.53082, 11871.796, 8334.1855
131.06488, 126.64259, 177.56076, 22.015141, 350.96124, 294.52298, 241.48729, 11871.715, 8334.1855
130.27486, 126.66427, 176.31326, 22.021368, 352.13785, 295.14651, 241.44533, 11871.636, 8334.1855
129.48306, 126.68451, 175.07039, 22.026539, 353.29526, 295.75864, 241.40152, 11871.554, 8334.1855
128.68916, 126.70294, 173.83081, 22.030367, 354.44702, 296.36880, 241.35838, 11871.472, 8334.1855
127.89916, 126.71930, 172.59344, 22.032646, 355.58463, 296.97067, 241.31500, 11871.385, 8334.1855
127.10159, 126.73312, 171.35670, 22.033028, 356.74286, 297.58920, 241.27641, 11871.310, 8334.1855
126.30401, 126.74584, 170.12556, 22.032600, 357.88937, 298.20145, 241.23749, 11871.232, 8334.1855
125.51424, 126.75754, 168.90039, 22.031433, 359.01471, 298.80032, 241.19740, 11871.155, 8334.1855
124.72395, 126.76775, 167.67929, 22.029146, 360.13782, 299.39951, 241.15860, 11871.076, 8334.1855
123.92477, 126.77582, 166.45993, 22.025244, 361.25238, 299.99518, 241.11929, 11870.995, 8334.1855
123.16336, 126.78176, 165.24234, 22.018904, 362.35098, 300.57883, 241.08252, 11870.924, 8334.1855
122.97121, 126.78690, 164.03117, 22.003843, 363.13773, 300.90894, 241.04750, 11870.854, 8334.1855
122.77910, 126.79177, 162.82826, 21.988783, 363.88315, 301.21246, 241.00714, 11870.777, 8334.1855
122.58662, 126.79597, 161.63205, 21.973722, 364.63968, 301.52539, 240.96994, 11870.697, 8334.1855
122.39347, 126.79926, 160.44162, 21.958662, 365.32816, 301.79321, 240.92319, 11870.601, 8334.1855
122.19942, 126.80135, 159.25594, 21.943634, 365.99982, 302.05127, 240.87514, 11870.502, 8334.1855
122.00465, 126.80249, 158.07576, 21.928619, 366.69400, 302.32666, 240.83202, 11870.411, 8334.1855
121.91808, 126.90562, 157.26828, 21.913605, 367.39709, 302.60999, 240.79161, 11870.327, 8334.1855
122.06060, 127.22562, 157.23705, 21.898590, 368.07526, 302.87668, 240.74791, 11870.232, 8334.1855
122.08230, 127.43153, 156.80222, 21.883589, 368.73459, 303.13098, 240.70174, 11870.135, 8334.1855
121.91849, 127.46176, 155.74545, 21.868620, 369.42645, 303.40875, 240.66147, 11870.051, 8334.1855
121.72201, 127.46078, 154.58440, 21.853651, 370.12192, 303.69077, 240.62305, 11869.969, 8334.1855
121.52483, 127.45884, 153.42860, 21.838682, 370.88504, 304.02069, 240.59610, 11869.915, 8334.1855
121.32742, 127.45634, 152.27971, 21.823713, 371.66614, 304.36447, 240.57297, 11869.866, 8334.1855
121.13035, 127.45388, 151.13959, 21.808781, 372.41052, 304.68488, 240.54550, 11869.808, 8334.1855
120.93520, 127.45290, 150.01346, 21.793858, 373.16187, 305.01166, 240.52022, 11869.753, 8334.1855
120.73781, 127.44949, 148.88712, 21.778934, 373.89719, 305.32910, 240.49374, 11869.693, 8334.1855
120.54023, 127.44562, 147.76759, 21.764011, 374.62570, 305.64362, 240.46741, 11869.637, 8334.1855
120.34270, 127.44146, 146.65555, 21.749104, 375.35599, 305.96088, 240.44238, 11869.584, 8334.1855
120.14498, 127.43682, 145.55014, 21.734226, 376.07193, 306.26987, 240.41643, 11869.526, 8334.1855
119.94669, 127.43132, 144.45003, 21.719349, 376.80490, 306.59195, 240.39392, 11869.473, 8334.1855
119.74789, 127.42509, 143.35545, 21.704472, 377.53140, 306.91119, 240.37151, 11869.425, 8334.1855
119.54922, 127.41869, 142.26846, 21.689594, 378.25662, 307.23120, 240.34999, 11869.379, 8334.1855
119.35087, 127.41228, 141.18967, 21.674755, 378.97205, 307.54596, 240.32805, 11869.334, 8334.1855
119.15285, 127.40587, 140.11908, 21.659924, 379.67709, 307.85516, 240.30574, 11869.286, 8334.1855
118.95516, 127.39946, 139.05661, 21.645092, 380.36801, 308.15634, 240.28249, 11869.234, 8334.1855
118.75780, 127.39305, 138.00218, 21.630260, 381.04358, 308.44864, 240.25813, 11869.175, 8334.1855
118.56077, 127.38664, 136.95575, 21.615444, 381.71164, 308.73727, 240.23376, 11869.114, 8334.1855
118.36406, 127.38023, 135.91727, 21.600658, 382.37997, 309.02765, 240.21039, 11869.058, 8334.1855
118.16768, 127.37383, 134.88664, 21.585873, 383.05032, 309.32071, 240.18817, 11869.003, 8334.1855
117.97163, 127.36742, 133.86385, 21.571087, 383.71225, 309.60956, 240.16582, 11868.948, 8334.1855
117.77591, 127.36101, 132.84880, 21.556301, 384.37860, 309.90274, 240.14490, 11868.898, 8334.1855
117.58050, 127.35460, 131.84145, 21.541552, 385.05646, 310.20493, 240.12633, 11868.848, 8334.1855
117.38541, 127.34819, 130.84174, 21.526812, 385.70282, 310.48746, 240.10463, 11868.801, 8334.1855
117.19066, 127.34178, 129.84962, 21.512072, 386.32111, 310.75241, 240.08025, 11868.741, 8334.1855
116.99623, 127.33537, 128.86502, 21.497332, 386.97202, 311.04059, 240.06084, 11868.693, 8334.1855
116.80212, 127.32896, 127.88788, 21.482605, 387.61038, 311.32166, 240.04065, 11868.642, 8334.1855
116.60831, 127.32256, 126.91815, 21.467911, 388.27115, 311.61905, 240.02405, 11868.604, 8334.1855
116.41486, 127.31615, 125.95578, 21.453217, 388.93579, 311.92032, 240.00871, 11868.570, 8334.1855
116.22171, 127.30974, 125.00070, 21.438522, 389.58286, 312.21109, 239.99200, 11868.532, 8334.1855
116.02888, 127.30333, 124.05286, 21.423828, 390.21811, 312.49521, 239.97459, 11868.489, 8334.1855
115.83636, 127.29692, 123.11222, 21.409166, 390.83246, 312.76672, 239.95549, 11868.445, 8334.1855
115.64419, 127.29051, 122.17870, 21.394518, 391.46893, 313.05408, 239.93976, 11868.408, 8334.1855
115.45232, 127.28410, 121.25226, 21.379869, 392.10486, 313.34229, 239.92464, 11868.371, 8334.1855
115.26077, 127.27769, 120.33284, 21.365221, 392.72992, 313.62457, 239.90901, 11868.331, 8334.1855
115.06953, 127.27129, 119.42039, 21.350580, 393.36166, 313.91248, 239.89484, 11868.297, 8334.1855
114.87863, 127.26488, 118.51488, 21.335978, 393.98660, 314.19696, 239.88057, 11868.261, 8334.1855
114.68803, 127.25847, 117.61621, 21.321375, 394.58755, 314.46667, 239.86424, 11868.220, 8334.1855
114.49774, 127.25206, 116.72437, 21.306772, 395.18372, 314.73444, 239.84811, 11868.181, 8334.1855
114.30777, 127.24565, 115.83929, 21.292170, 395.75125, 314.98447, 239.82942, 11868.127, 8334.1855
114.11813, 127.23924, 114.96091, 21.277594, 396.29980, 315.22287, 239.80937, 11868.068, 8334.1855
113.92880, 127.23283, 114.08922, 21.263037, 396.86047, 315.47049, 239.79131, 11868.019, 8334.1855
113.73978, 127.22643, 113.22414, 21.248480, 397.44400, 315.73441, 239.77640, 11867.979, 8334.1855
113.55108, 127.22002, 112.36559, 21.233923, 398.00696, 315.98587, 239.75989, 11867.937, 8334.1855
113.36269, 127.21361, 111.51357, 21.219366, 398.55161, 316.22626, 239.74202, 11867.888, 8334.1855
