0.72708741E-1, 3.1563621, 3.0836530, 0.64366639E-1, 0.23046685E-1
0.68861485E-1, 3.3045826, 3.2357211, 0.29940954E-2, 0.23031252E-1
0.45240123E-1, 3.2463679, 3.2011278, 0.24107574E-2, 0.23011452E-1
0.59606455E-1, 3.6232440, 3.5636375, 0.22089400E-2, 0.22990540E-1
0.73374078E-1, 3.6765583, 3.6031840, 0.11879695E-2, 0.22963246E-1
0.70917904E-1, 2.9222932, 2.8513753, 0.57256856E-3, 0.22930445E-1
0.40939011E-1, 1.7618673, 1.7209283, 0.47414768E-2, 0.22905597E-1
0.28731523E-1, 1.0479517, 1.0192202, 0.48043099E-2, 0.22895291E-1
0.49592480E-1, 1.0388716, 0.98927921, 0.63236468E-2, 0.22890963E-1
0.53499736E-1, 1.0362408, 0.98274106, 0.67510828E-2, 0.22889925E-1
0.36146320E-1, 0.75896180, 0.72281539, 0.63681011E-2, 0.22884784E-1
0.66355594E-1, 0.99943823, 0.93308264, 0.57595065E-2, 0.22877177E-1
0.61756741E-1, 1.0702989, 1.0085419, 0.60267537E-2, 0.22869790E-1
0.70124902E-1, 0.64248282, 0.57235783, 0.67408406E-2, 0.22868551E-1
0.49961500E-1, 1.3110522, 1.2610908, 0.95360745E-2, 0.22871701E-1
0.61345458E-1, 1.1444660, 1.0831205, 0.95456494E-2, 0.22882732E-1
0.60902890E-1, 1.0171076, 0.95620465, 0.86486330E-2, 0.22892103E-1
0.63261874E-1, 0.96997440, 0.90671247, 0.61464272E-2, 0.22891523E-1
0.57133988E-1, 0.98932332, 0.93218935, 0.49986793E-2, 0.22881625E-1
0.48734710E-1, 0.89564347, 0.84690881, 0.62202360E-2, 0.22873515E-1
0.46783268E-1, 1.0826451, 1.0358616, 0.67245993E-2, 0.22869328E-1
0.65704256E-1, 1.0467458, 0.98104161, 0.67881788E-2, 0.22865789E-1
0.43801546E-1, 1.2312626, 1.1874610, 0.53274455E-2, 0.22857843E-1
0.45863345E-1, 0.93174875, 0.88588536, 0.48424532E-2, 0.22845453E-1
0.41854374E-1, 1.3718592, 1.3300048, 0.52334364E-2, 0.22833459E-1
0.43437175E-1, 1.3441201, 1.3006830, 0.48860302E-2, 0.22821238E-1
0.42388365E-1, 1.3420985, 1.2997100, 0.45611206E-2, 0.22807321E-1
0.99242311E-2, 1.0257581, 1.0158340, 0.41026813E-2, 0.22791663E-1
0.13833164E-1, 1.1805232, 1.1666900, 0.33185231E-2, 0.22772195E-1
0.19084785E-1, 1.1499691, 1.1308844, 0.31668139E-2, 0.22750670E-1
0.21058703E-1, 1.5121503, 1.4910915, 0.35714614E-2, 0.22730427E-1
0.45172673E-1, 1.5777152, 1.5325425, 0.34880270E-2, 0.22710415E-1
0.43889139E-1, 1.4754390, 1.4315500, 0.34174491E-2, 0.22690326E-1
0.32706302E-1, 1.3756174, 1.3429110, 0.32996223E-2, 0.22669787E-1
0.43766357E-1, 1.4926831, 1.4489167, 0.29717688E-2, 0.22647893E-1
0.42834789E-1, 1.6081159, 1.5652810, 0.29012305E-2, 0.22625260E-1
0.41852385E-1, 1.6449327, 1.6030803, 0.27009533E-2, 0.22601819E-1
0.40904507E-1, 1.7150203, 1.6741158, 0.25617180E-2, 0.22577770E-1
0.36818355E-1, 1.2268592, 1.1900409, 0.24022842E-2, 0.22552863E-1
0.39234225E-1, 0.96490359, 0.92566925, 0.50150105E-2, 0.22530289E-1
0.32245558E-1, 1.9307575, 1.8985121, 0.83451485E-2, 0.22537218E-1
0.97008362E-1, 2.9052169, 2.8082087, 0.99286819E-2, 0.22555647E-1
0.83727032E-1, 2.1390047, 2.0552778, 0.82167611E-2, 0.22568909E-1
0.92498243E-1, 2.0102429, 1.9177445, 0.94905542E-2, 0.22582019E-1
0.94618283E-1, 2.2014680, 2.1068497, 0.10701349E-1, 0.22599161E-1
0.72285429E-1, 2.1760607, 2.1037753, 0.11813438E-1, 0.22619858E-1
0.81977978E-1, 1.8371592, 1.7551812, 0.10563107E-1, 0.22641867E-1
0.14215784, 1.7647021, 1.6225443, 2.1147895, 0.47651917E-1
0.22721545, 1.6480038, 1.4207885, 2.1147373, 0.95595568E-1
0.38114297, 1.4911826, 1.1100396, 2.1147490, 0.14345975
0.45537180, 1.6636683, 1.2082965, 2.1147671, 0.19124459
0.44860995, 1.7528148, 1.3042047, 2.1147687, 0.23895019
0.63187188, 1.8447502, 1.2128782, 2.1147718, 0.28657660
0.56926322, 1.7514081, 1.1821448, 2.1147871, 0.33412409
0.65185100, 1.4628667, 0.81101555, 2.1147981, 0.38159275
1.9122834, 1.3774300, -0.53485346, 2.1154032, 0.42898405
2.0068514, 1.3490976, -0.65775400, 2.1155093, 0.47629893
2.2087657, 1.1606750, -1.0480909, 2.1152587, 0.52353483
1.8952196, 1.1424628, -0.75275677, 2.1150894, 0.57069087
1.6035454, 1.3519955, -0.25154990, 2.1149991, 0.61776847
1.6454533, 1.2749915, -0.37046185, 2.1150520, 0.66476744
2.5747800, 1.2593919, -1.3153880, 2.1157417, 0.71169090
2.9544702, 1.3973095, -1.5571607, 2.1166029, 0.75853872
3.4882681, 1.8054003, -1.6828679, 2.1177504, 0.80531573
3.7934129, 2.8811033, -0.91230959, 2.1216626, 0.85202414
4.1552215, 2.8814569, -1.2737646, 2.1219690, 0.89867729
4.1959729, 2.4607062, -1.7352669, 2.1206052, 0.94524264
4.2335153, 2.5707633, -1.6627531, 2.1197135, 0.99172473
4.3353653, 2.2472634, -2.0881021, 2.1189604, 1.0381241
4.2361484, 2.2804456, -1.9557030, 2.1188684, 1.0844446
3.7113585, 2.5208023, -1.1905568, 2.1183224, 1.1306871
4.6267543, 4.0213232, -0.60543174, 2.1276546, 1.1768706
5.0620389, 4.2323728, -0.82966602, 2.1281044, 1.2230257
4.6203756, 4.1349397, -0.48543563, 2.1240394, 1.2690806
4.3292484, 3.2552576, -1.0739914, 2.1209390, 1.3150355
4.0533147, 2.8456309, -1.2076832, 2.1195698, 1.3609023
3.7709997, 2.9389215, -0.83207810, 2.0307264, 1.4066051
3.5311124, 2.5709505, -0.96016204, 0.34061554E-2, 1.4253750
3.1537490, 2.7646713, -0.38907817, 0.27501329E-2, 1.4230243
3.6774225, 1.5235507, -2.1538723, 0.18864664E-2, 1.4206737
3.1661496, 1.4555931, -1.7105565, 0.16146636E-2, 1.4183245
3.3708069, 1.4355071, -1.9353001, 0.15651641E-2, 1.4159783
3.2749281, 1.6940171, -1.5809110, 0.15898872E-2, 1.4136358
2.8213210, 2.0631375, -0.75818360, 0.16700111E-2, 1.4112982
2.6684706, 2.4119411, -0.25652969, 0.14139892E-2, 1.4089640
2.5134120, 2.1504936, -0.36291811, 0.12396115E-2, 1.4066323
2.5201514, 2.5992403, 0.79088949E-1, 0.12306862E-2, 1.4043040
2.3583074, 2.4036639, 0.45356549E-1, 0.12167968E-2, 1.4019796
2.1984975, 3.0006905, 0.80219293, 0.12028816E-2, 1.3996588
2.3412457, 2.2710829, -0.70162684E-1, 0.11324557E-2, 1.3973418
2.3401203, 2.7139030, 0.37378240, 0.10916421E-2, 1.3950285
2.2866125, 2.6874905, 0.40087798, 0.10407512E-2, 1.3927187
2.2093902, 2.6937079, 0.48431793, 0.99748501E-3, 1.3904124
2.2009399, 2.3106456, 0.10970592, 0.91525679E-3, 1.3881100
2.2624431, 2.0769646, -0.18547845, 0.83016552E-3, 1.3858107
2.2750375, 2.4647682, 0.18973058, 0.83902862E-3, 1.3835152
2.1029069, 2.2842536, 0.18134686, 0.79657615E-3, 1.3812236
3.0938900, 2.0185170, -1.0753731, 0.21315527E-2, 1.3789368
4.6284418, 2.1005478, -2.5278940, 0.56368285E-2, 1.3766689
3.6094403, 2.3014452, -1.3079946, 0.37313120E-2, 1.3744082
2.3778338, 2.6793885, 0.30155483, 0.10115990E-2, 1.3721367
2.2460349, 2.7327657, 0.48673075, 0.65452844E-3, 1.3698635
2.1648865, 3.3788223, 1.2139354, 0.62057230E-3, 1.3675934
2.2080920, 3.0856700, 0.87757790, 0.57679717E-3, 1.3653270
2.2795050, 2.3566670, 0.77162266E-1, 0.54455973E-3, 1.3630644
1.0205657, 2.4870236, 1.4664578, 0.58414699E-2, 1.3608131
5.0986300, 2.9470577, -2.1515722, 0.12286725E-1, 1.3586053
4.0225377, 2.9782236, -1.0443139, 0.88520525E-2, 1.3564032
3.2986479, 2.2968440, -1.0018039, 0.45094131E-2, 1.3541814
3.2039440, 2.4029706, -0.80097371, 0.32872304E-2, 1.3519526
2.4597154, 2.6249874, 0.16527201, 0.20889535E-2, 1.3497205
2.4065988, 2.6752725, 0.26867333, 0.15837195E-2, 1.3474890
2.2018301, 2.8682561, 0.66642553, 0.14010377E-2, 1.3452600
1.9825028, 2.9275668, 0.94506383, 0.13155000E-2, 1.3430341
2.0383246, 2.5551364, 0.51681149, 0.12337446E-2, 1.3408116
0.92338711, 2.4146945, 1.4913074, 0.53479387E-2, 1.3385997
0.77323437, 2.6507070, 1.8774725, 0.90095885E-2, 1.3364152
3.0876718, 2.8391221, -0.24855036, 0.10633297E-1, 1.3342447
3.9925258, 2.7807968, -1.2117290, 0.64957934E-2, 1.3320750
2.9515934, 2.6311460, -0.32044783, 0.28311871E-2, 1.3298833
2.3497896, 2.5968862, 0.24709618, 0.20629396E-2, 1.3276879
2.3482325, 2.6677823, 0.31955034, 0.34017514E-2, 1.3254946
3.8385305, 3.6370225, -0.20150831, 0.15456324E-1, 1.3233360
3.1025579, 7.1513119, 4.0487523, 0.27285337E-1, 1.3212794
4.5724020, 6.4193301, 1.8469290, 0.17119352E-1, 1.3192101
4.2677889, 5.3768058, 1.1090155, 0.11001069E-1, 1.3170964
4.1313796, 4.5003486, 0.36896834, 0.68708602E-2, 1.3149551
4.5361671, 2.9876034, -1.5485638, 0.48475619E-2, 1.3128008
3.3186560, 3.7014086, 0.38275295, 0.38174242E-2, 1.3106431
3.0453892, 3.2450051, 0.19961593, 0.29044370E-2, 1.3084836
2.7042277, 3.4433100, 0.73908257, 0.23781189E-2, 1.3063245
2.5879540, 3.0886035, 0.50064957, 0.19837602E-2, 1.3041672
2.4299445, 3.0210853, 0.59114027, 0.16915596E-2, 1.3020118
3.5454347, 3.0910158, -0.45441857, 0.32913845E-2, 1.2998619
2.6549530, 3.0492241, 0.39427075, 0.23032655E-2, 1.2977214
1.7156219, 2.8150444, 1.0994223, 0.10601201E-2, 1.2955744
1.9893457, 3.1486311, 1.1592855, 0.10138175E-2, 1.2934295
2.7046561, 3.4150860, 0.71043015, 0.33938102E-2, 1.2912917
2.7638755, 3.1900842, 0.42620927, 0.26409528E-2, 1.2891675
1.9403514, 2.8269799, 0.88662839, 0.89268817E-3, 1.2870346
1.9901404, 3.2913365, 1.3011961, 0.84300741E-3, 1.2849029
1.9640863, 3.6393297, 1.6752430, 0.77189977E-3, 1.2827748
1.8216031, 3.1130788, 1.2914755, 0.69491123E-3, 1.2806500
1.4583722, 2.6248188, 1.1664467, 0.75671449E-3, 1.2785285
1.8030037, 2.7925348, 0.98953116, 0.56817674E-3, 1.2764100
4.1337981, 3.7410030, -0.39279503, 0.79674795E-2, 1.2743098
2.6624985, 3.9618416, 1.2993431, 0.77379434E-2, 1.2722375
2.8510916, 3.4702830, 0.61919129, 0.30926522E-2, 1.2701532
2.1300647, 2.8411491, 0.71108431, 0.11039082E-2, 1.2680516
2.2515807, 2.9790497, 0.72746915, 0.94657199E-3, 1.2659537
2.0326691, 2.9148278, 0.88215870, 0.39504512E-3, 1.2638556
3.1739504, 3.1148133, -0.59136711E-1, 0.40753181E-2, 1.2617707
2.8461213, 2.5160353, -0.33008671, 0.16249651E-2, 1.2596912
2.6424754, 2.4853458, -0.15712902, 0.29487288E-3, 1.2576038
2.6023548, 2.4768848, -0.12546985, 0.22978021E-3, 1.2555183
2.5676613, 2.4669082, -0.10075302, 0.16448429E-3, 1.2534363
2.4424734, 2.4064980, -0.35975412E-1, 0.13126468E-3, 1.2513574
1.8997265, 3.7722926, 1.8725659, 0.12652455E-3, 1.2492819
2.0191071, 3.1487935, 1.1296859, 0.10736906E-3, 1.2472097
2.9682739, 3.2689328, 0.30065915, 0.46891226E-2, 1.2451478
2.8492279, 3.2006121, 0.35138392, 0.29564044E-2, 1.2431074
2.2150898, 3.4054449, 1.1903548, 0.13433908E-2, 1.2410494
4.0189238, 3.7158351, -0.30308840, 0.91662034E-2, 1.2390149
3.3122113, 3.6701274, 0.35791641, 0.12040288E-1, 1.2370099
2.4421465, 3.7384031, 1.2962568, 0.11145215E-1, 1.2350184
3.3419149, 3.5111711, 0.16925618, 0.52892738E-2, 1.2330084
2.4363847, 3.4534318, 1.0170469, 0.23132937E-2, 1.2309774
3.1873703, 3.5167036, 0.32933301, 0.49114684E-2, 1.2289481
2.7674198, 3.9584858, 1.1910664, 0.37322375E-2, 1.2269360
2.0441396, 3.7560415, 1.7119015, 0.10545567E-2, 1.2249079
2.0326428, 3.4859254, 1.4532831, 0.16854228E-2, 1.2228805
2.3324547, 3.7073607, 1.3749055, 0.17298840E-2, 1.2208624
2.6408126, 2.6667426, 0.25929637E-1, 0.93373051E-3, 1.2188414
5.7776833, 4.8528829, -0.92480028, 0.22138661E-1, 1.2168735
5.2511463, 4.9634814, -0.28766441, 0.19214375E-1, 1.2149756
4.2749667, 5.0171409, 0.74217343, 0.13720035E-1, 1.2130407
3.9359727, 4.7896543, 0.85368133, 0.96442532E-2, 1.2110881
3.6958876, 4.5714583, 0.87556970, 0.83722640E-2, 1.2091181
3.9814599, 3.9429660, -0.38493946E-1, 0.71760071E-2, 1.2071531
3.5077205, 3.6488445, 0.14112383, 0.48853885E-2, 1.2051781
2.9770699, 3.2218597, 0.24478939, 0.33282975E-2, 1.2031965
2.5276716, 3.6753690, 1.1476967, 0.27050097E-2, 1.2012140
3.7297006, 4.8995409, 1.1698403, 0.88083763E-2, 1.1992480
4.4821167, 6.5011759, 2.0190592, 0.17694414E-1, 1.1973184
4.0880604, 9.6876659, 5.5996032, 0.17130772E-1, 1.1954501
3.8187680, 6.8761501, 3.0573816, 0.94646383E-2, 1.1935344
3.5148494, 5.7825623, 2.2677128, 0.60916170E-2, 1.1915911
4.2282863, 4.6204619, 0.39217544, 0.64790472E-2, 1.1896421
2.9354174, 6.5224705, 3.5870531, 0.79103690E-2, 1.1877065
3.3391898, 4.9084973, 1.5693076, 0.54169521E-2, 1.1857697
2.9944222, 4.5143509, 1.5199288, 0.34215318E-2, 1.1838230
2.6215911, 3.9274199, 1.3058283, 0.22581948E-2, 1.1818718
2.3854663, 3.7837443, 1.3982785, 0.19321159E-2, 1.1799207
2.2923429, 3.6722364, 1.3798932, 0.14270756E-2, 1.1779709
2.1368454, 3.8986356, 1.7617903, 0.10392782E-2, 1.1760219
2.0384927, 3.2521524, 1.2136600, 0.90418663E-3, 1.1740750
2.0653076, 3.4202924, 1.3549852, 0.14090862E-2, 1.1721314
2.3015335, 3.3714767, 1.0699434, 0.37866486E-2, 1.1701981
3.6122983, 3.8066490, 0.19435099, 0.60522449E-2, 1.1682855
2.8458540, 2.9313436, 0.85489810E-1, 0.55482159E-2, 1.1663693
3.7208495, 4.1400757, 0.41922706, 0.13675960E-1, 1.1644807
5.2733507, 5.9715390, 0.69818896, 0.19940017E-1, 1.1626414
4.8215928, 7.1899610, 2.3683686, 0.18290484E-1, 1.1608311
3.8784955, 8.1559591, 4.2774634, 0.11560062E-1, 1.1589917
3.2651615, 5.6867352, 2.4215729, 0.60742698E-2, 1.1571125
2.8187957, 4.6633711, 1.8445753, 0.36349476E-2, 1.1552147
2.4015560, 3.9226637, 1.5211078, 0.23866061E-2, 1.1533116
2.2577415, 4.0292277, 1.7714857, 0.17508683E-2, 1.1514077
2.0448728, 3.1632481, 1.1183748, 0.23366800E-2, 1.1495053
2.9568641, 2.8948729, -0.61991863E-1, 0.27226433E-2, 1.1476130
2.7315581, 2.9723172, 0.24075927, 0.25499794E-2, 1.1457194
2.9262090, 3.3368120, 0.41060314, 0.34335607E-2, 1.1438327
3.0795977, 3.3420060, 0.26240847, 0.31013894E-2, 1.1419523
2.8739059, 3.6931040, 0.81919837, 0.34424369E-2, 1.1400696
3.6737320, 3.5365222, -0.13721001, 0.50718011E-2, 1.1382033
3.2583420, 3.0914972, -0.16684431, 0.29604314E-2, 1.1363330
4.5502567, 3.9138820, -0.63637519, 0.97868098E-2, 1.1344742
3.5724938, 4.0278845, 0.45539114, 0.83976109E-2, 1.1326423
2.7140961, 4.4943061, 1.7802105, 0.48579969E-2, 1.1307942
2.3962595, 3.4562118, 1.0599520, 0.30269118E-2, 1.1289352
3.3578000, 3.1635261, -0.19427417, 0.62641865E-2, 1.1270794
5.0547919, 4.8627539, -0.19203895, 0.17534297E-1, 1.1252695
4.7237005, 7.2867274, 2.5630262, 0.17670199E-1, 1.1235139
3.9107108, 5.1983371, 1.2876261, 0.11105060E-1, 1.1217260
4.0996699, 4.3181300, 0.21845992, 0.77093127E-2, 1.1199118
3.0186276, 3.9179697, 0.89934254, 0.70550200E-2, 1.1180892
4.1299615, 3.5902331, -0.53972816, 0.65653417E-2, 1.1162683
3.2053688, 4.1781473, 0.97277844, 0.50294921E-2, 1.1144451
2.6072495, 3.9278455, 1.3205953, 0.35496952E-2, 1.1126159
2.4198313, 3.3884988, 0.96866775, 0.24782647E-2, 1.1107835
2.1091204, 3.4333997, 1.3242791, 0.19600177E-2, 1.1089505
2.1681609, 3.0904198, 0.92225951, 0.16226849E-2, 1.1071187
2.0143957, 2.8025539, 0.78815824, 0.12781218E-2, 1.1052886
1.7929012, 3.2712240, 1.4783231, 0.10785591E-2, 1.1034602
1.9000120, 3.5462828, 1.6462712, 0.10046057E-2, 1.1016339
1.5430479, 3.0312724, 1.4882247, 0.10523245E-2, 1.0998112
1.7996980, 2.9284852, 1.1287873, 0.13537599E-2, 1.0979915
1.8335552, 3.5891075, 1.7555522, 0.14135371E-2, 1.0961770
2.1756079, 2.8080540, 0.63244575, 0.17581094E-2, 1.0943638
2.1896133, 2.8877385, 0.69812512, 0.13249732E-2, 1.0925571
1.9720845, 2.4282959, 0.45621139, 0.70236006E-3, 1.0907482
1.7373115, 3.1133218, 1.3760101, 0.66311017E-3, 1.0889417
1.7521724, 2.4662337, 0.71406150, 0.60388935E-3, 1.0871378
3.0937793, 3.0593739, -0.34405619E-1, 0.56843478E-2, 1.0853499
2.3284214, 3.2212815, 0.89286035, 0.30848924E-2, 1.0835707
1.7649161, 3.4446504, 1.6797345, 0.12562968E-2, 1.0817810
1.6693515, 3.5107298, 1.8413785, 0.82683784E-3, 1.0799907
1.7235118, 2.6626515, 0.93913996, 0.71892224E-3, 1.0782025
1.6446419, 3.2300611, 1.5854191, 0.73171104E-3, 1.0764164
1.6680562, 3.1474917, 1.4794353, 0.67729881E-3, 1.0746343
1.5934504, 3.0075951, 1.4141449, 0.49381168E-3, 1.0728539
1.6274524, 3.4554253, 1.8279728, 0.82507060E-3, 1.0710763
1.7479627, 3.4104688, 1.6625056, 0.19886324E-2, 1.0693058
2.0998106, 3.4221158, 1.3223052, 0.26724555E-2, 1.0675466
1.4794201, 3.5660062, 2.0865858, 0.34411947E-3, 1.0657791
1.5208780, 3.1213148, 1.6004370, 0.30736494E-3, 1.0640124
1.7312591, 2.6346228, 0.90336406, 0.68715273E-3, 1.0622487
1.6814382, 2.8786526, 1.1972144, 0.62237337E-3, 1.0604905
1.6076536, 2.8613217, 1.2536684, 0.30834289E-3, 1.0587325
1.6191806, 2.7189617, 1.0997812, 0.42163965E-3, 1.0569779
1.6118140, 2.7703602, 1.1585468, 0.31712043E-3, 1.0552261
1.5298197, 2.9504204, 1.4206010, 0.15026215E-3, 1.0534762
1.6584625, 2.4996057, 0.84114301, 0.24451065E-3, 1.0517291
1.5827556, 2.6719265, 1.0891712, 0.18024270E-3, 1.0499853
1.5287167, 3.0652065, 1.5364897, 0.12292541E-3, 1.0482441
1.6092528, 2.4667687, 0.85751581, 0.13952283E-3, 1.0465053
2.8488059, 3.0829453, 0.23413937, 0.54121185E-2, 1.0447839
2.0214238, 3.2056060, 1.1841820, 0.22093125E-2, 1.0430688
1.6723025, 2.6864696, 1.0141673, 0.51502779E-3, 1.0413429
1.5683241, 2.9940779, 1.4257540, 0.22359358E-3, 1.0396165
1.5217066, 3.0507462, 1.5290399, 0.12948603E-3, 1.0378925
0.67176121, 2.9576766, 2.2859154, 0.80866201E-4, 1.0361708
1.1817338, 3.0802457, 1.8985118, 0.67898960E-4, 1.0344518
1.3292894, 2.9406242, 1.6113347, 0.17444212E-2, 1.0327376
1.7512991, 2.9686549, 1.2173557, 0.17162688E-2, 1.0310369
1.3840730, 2.8150856, 1.4310127, 0.56350731E-4, 1.0293279
1.5097207, 2.8091824, 1.2994615, 0.31317031E-4, 1.0276203
1.4743426, 2.8812032, 1.4068605, 0.19777453E-4, 1.0259154
1.4697951, 2.9798098, 1.5100147, 0.80194231E-5, 1.0242134
1.4606516, 2.9634926, 1.5028409, 0.73877663E-6, 1.0225141
2.8383355, 2.9658220, 0.12748632, 0.12542622E-1, 1.0208436
3.3541834, 4.9918280, 1.6376442, 0.33490337E-1, 1.0192771
4.3936620, 5.0959053, 0.70224386, 0.24544314E-1, 1.0177703
4.1581526, 5.8473711, 1.6892189, 0.16935291E-1, 1.0162026
4.0303020, 4.0068932, -0.23409143E-1, 0.11211206E-1, 1.0145980
2.7360444, 3.2405300, 0.50448555, 0.97058918E-2, 1.0129681
4.1635075, 5.0287499, 0.86524284, 0.10959141E-1, 1.0113510
3.9504085, 4.3741655, 0.42375702, 0.98016625E-2, 1.0097353
4.1689706, 4.3177667, 0.14879557, 0.90346895E-2, 1.0081155
4.2340374, 3.8460751, -0.38796246, 0.86080609E-2, 1.0064954
4.0694742, 3.7473080, -0.32216650, 0.71713370E-2, 1.0048726
3.3735971, 3.4282675, 0.54670513E-1, 0.50181434E-2, 1.0032390
2.9023790, 2.9969206, 0.94541430E-1, 0.37471831E-2, 1.0015955
3.5031722, 1.8773084, -1.6258638, 0.31173830E-2, 0.99995035
3.1949253, 1.5852995, -1.6096258, 0.29816430E-2, 0.99830651
3.2466319, 1.4917189, -1.7549132, 0.26370203E-2, 0.99666333
2.9398620, 1.7869622, -1.1528999, 0.22962880E-2, 0.99502140
2.7074540, 1.7947001, -0.91275394, 0.19598575E-2, 0.99338031
2.3690298, 1.8852021, -0.48382753, 0.17326910E-2, 0.99174088
1.7862556, 1.8107365, 0.24481025E-1, 0.16643598E-2, 0.99010372
3.4276977, 1.9546862, -1.4730120, 0.32841680E-2, 0.98847222
2.2896044, 1.9156444, -0.37395999, 0.21831898E-2, 0.98684627
2.1445959, 1.4896934, -0.65490234, 0.14263771E-2, 0.98521614
2.1854124, 1.6175865, -0.56782615, 0.14766995E-2, 0.98358864
1.9499115, 1.7182574, -0.23165408, 0.13950162E-2, 0.98196322
1.9054916, 1.7086527, -0.19683883, 0.10978490E-2, 0.98033935
1.7067133, 1.8073146, 0.10060149, 0.10689537E-2, 0.97871786
1.7118070, 2.0662665, 0.35445949, 0.10826398E-2, 0.97709918
1.7229245, 2.0737650, 0.35084030, 0.10412456E-2, 0.97548294
1.6384625, 2.2107382, 0.57227582, 0.99810772E-3, 0.97386891
1.6449389, 2.0846493, 0.43971056, 0.94412552E-3, 0.97225755
3.0275736, 1.5575254, -1.4700484, 0.22645455E-2, 0.97065324
1.8079660, 1.4283260, -0.37963974, 0.68680174E-3, 0.96904874
1.7727077, 1.5615146, -0.21119305, 0.67276490E-3, 0.96744448
1.7072470, 1.6003438, -0.10690299, 0.61823853E-3, 0.96584249
1.5668342, 1.6692526, 0.10241828, 0.60098426E-3, 0.96424270
1.6944209, 1.6889489, -0.54722354E-2, 0.53900917E-3, 0.96264547
1.5846035, 1.7344898, 0.14988613, 0.48928207E-3, 0.96105051
1.5195940, 1.6412019, 0.12160795, 0.47583727E-3, 0.95945829
1.5921568, 1.6006771, 0.85201412E-2, 0.46397967E-3, 0.95786881
1.5130669, 1.6345060, 0.12143917, 0.47102710E-3, 0.95628166
1.5780544, 1.6811346, 0.10308037, 0.44646524E-3, 0.95469713
1.4925513, 1.7054161, 0.21286489, 0.43480191E-3, 0.95311505
1.4811171, 1.8955231, 0.41440561, 0.44379412E-3, 0.95153600
1.4321232, 1.8231987, 0.39107549, 0.43454443E-3, 0.94995928
2.6230481, 1.5102491, -1.1127986, 0.28379282E-2, 0.94839102
1.6330507, 1.3116081, -0.32144248, 0.63051621E-3, 0.94682592
1.6009289, 1.5084937, -0.92435360E-1, 0.32544989E-3, 0.94525665
1.5456398, 1.6517507, 0.10611107, 0.32968502E-3, 0.94369006
1.5275822, 1.6611977, 0.13361531, 0.32588100E-3, 0.94212574
1.4556067, 1.6634010, 0.20779422, 0.31445306E-3, 0.94056416
1.5088352, 1.7148092, 0.20597379, 0.28962066E-3, 0.93900508
1.4902755, 1.8029889, 0.31271321, 0.27816615E-3, 0.93744832
1.5336171, 1.6354332, 0.10181595, 0.25187829E-3, 0.93589443
1.5687051, 1.5159205, -0.52784592E-1, 0.19167710E-3, 0.93434256
1.5605433, 1.4897686, -0.70774533E-1, 0.15450112E-3, 0.93279284
1.5384305, 1.5277297, -0.10700688E-1, 0.14116892E-3, 0.93124580
1.5305531, 1.5545187, 0.23965590E-1, 0.13764984E-3, 0.92970157
1.5284263, 1.5794939, 0.51067479E-1, 0.13274966E-3, 0.92815971
1.5162212, 1.6073083, 0.91086939E-1, 0.13118848E-3, 0.92662048
1.5149997, 1.5556033, 0.40603615E-1, 0.12736957E-3, 0.92508340
1.4619260, 1.8417524, 0.37982675, 0.14044756E-3, 0.92354923
1.4787358, 1.6897303, 0.21099463, 0.13187031E-3, 0.92201757
1.4704252, 1.7703323, 0.29990706, 0.12287832E-3, 0.92048854
1.4538966, 1.8481159, 0.39421934, 0.12238177E-3, 0.91896170
1.4541397, 1.8207853, 0.36664537, 0.11456447E-3, 0.91743761
1.5149151, 1.6649346, 0.15001979, 0.97130935E-4, 0.91591603
1.4863774, 1.7356619, 0.24928454, 0.88927889E-4, 0.91439682
1.4291272, 1.8073646, 0.37823749, 0.47953209E-3, 0.91288137
1.4695191, 1.8858470, 0.41632789, 0.39949353E-3, 0.91136903
1.4813802, 1.7713430, 0.28996253, 0.91540380E-4, 0.90985769
1.4532723, 1.6369783, 0.18370591, 0.69718837E-4, 0.90834850
1.3879389, 1.5582240, 0.17028496, 0.63726467E-4, 0.90684181
1.3992133, 1.5774362, 0.17822282, 0.24190447E-2, 0.90533954
3.1287670, 2.0696247, -1.0591424, 0.16961312E-1, 0.90389806
3.3444159, 2.0366614, -1.3077544, 0.13743498E-1, 0.90247363
2.8350618, 1.7754915, -1.0595702, 0.86861923E-2, 0.90102798
2.5762839, 1.8339784, -0.74230534, 0.57827942E-2, 0.89956731
2.1063354, 1.6695063, -0.43682942, 0.41121226E-2, 0.89809704
2.1500235, 1.3738201, -0.77620333, 0.30104478E-2, 0.89662313
2.2299113, 1.3335159, -0.89639544, 0.23957326E-2, 0.89514786
2.4432733, 1.4561174, -0.98715580, 0.42730430E-2, 0.89367986
2.4786322, 1.4677937, -1.0108386, 0.31395529E-2, 0.89221501
1.8887430, 1.5554814, -0.33326176, 0.20775327E-2, 0.89074564
1.6993244, 1.5680428, -0.13128170, 0.18716386E-2, 0.88927716
1.6971356, 1.5032159, -0.19391996, 0.15899768E-2, 0.88780951
1.6563737, 1.6225824, -0.33791117E-1, 0.17365235E-2, 0.88634437
1.6668950, 1.6150603, -0.51834799E-1, 0.16164870E-2, 0.88488150
1.5904921, 1.6527399, 0.62247455E-1, 0.16588580E-2, 0.88342118
1.5438936, 1.8266397, 0.28274620, 0.16993806E-2, 0.88196331
1.5501028, 1.7480932, 0.19799030, 0.16022694E-2, 0.88050765
1.5658987, 1.6499350, 0.84036410E-1, 0.14614172E-2, 0.87905365
1.5882691, 1.5776588, -0.10610342E-1, 0.12762086E-2, 0.87760139
1.6308753, 1.4919388, -0.13893652, 0.12371900E-2, 0.87615132
1.6339778, 1.4563025, -0.17767504, 0.12102898E-2, 0.87470341
1.7995489, 1.4819959, -0.31755275, 0.14499268E-2, 0.87325889
1.5587231, 1.3325001, -0.22622289, 0.92095661E-3, 0.87181526
1.5170528, 1.4185469, -0.98505728E-1, 0.10454840E-2, 0.87037319
1.5059254, 1.4007066, -0.10521866, 0.10388991E-2, 0.86893374
1.4154141, 1.4819769, 0.66562735E-1, 0.10738529E-2, 0.86749673
1.5121490, 1.5773097, 0.65160818E-1, 0.11812275E-2, 0.86606294
1.5036415, 1.5022116, -0.14300123E-2, 0.10832736E-2, 0.86463159
1.6104673, 1.3924127, -0.21805468, 0.92102902E-3, 0.86320186
1.5533473, 1.4979720, -0.55375203E-1, 0.91247982E-3, 0.86177421
1.5115016, 1.5879875, 0.76486021E-1, 0.84110047E-3, 0.86034840
1.4746938, 1.6153470, 0.14065325, 0.92971220E-3, 0.85892504
1.4131756, 1.6815711, 0.26839560, 0.10286386E-2, 0.85750437
2.0345678, 1.7341232, -0.30044514, 0.24789316E-2, 0.85608888
2.9029214, 1.9180225, -0.98489904, 0.77305078E-2, 0.85469532
2.5264120, 1.7046323, -0.82177967, 0.54153586E-2, 0.85330778
2.4746437, 1.6704928, -0.80415106, 0.40748026E-2, 0.85191470
1.8872524, 1.8476579, -0.39594546E-1, 0.22381630E-2, 0.85051626
1.5155978, 1.5663459, 0.50748155E-1, 0.85889228E-3, 0.84911108
1.4367534, 1.4720701, 0.35316959E-1, 0.65430632E-3, 0.84770584
1.5592462, 1.3258647, -0.23338127, 0.40890445E-3, 0.84630209
1.2936502, 1.2930706, -0.57987869E-3, 0.30924493E-3, 0.84489965
2.1142602, 1.4881446, -0.62611544, 0.44361427E-2, 0.84350729
2.1265872, 1.6343863, -0.49220049, 0.77455305E-2, 0.84214067
2.2593968, 1.6264803, -0.63291597, 0.77144396E-2, 0.84078050
2.6038537, 1.7968045, -0.80704945, 0.11625453E-1, 0.83943772
2.4936130, 1.5883973, -0.90521580, 0.75520296E-2, 0.83809280
2.7130239, 1.5845222, -1.1285017, 0.77187535E-2, 0.83674097
2.1646125, 1.6702278, -0.49438480, 0.96922200E-2, 0.83539349
2.3466880, 1.6003920, -0.74629605, 0.88601783E-2, 0.83405757
1.8643638, 1.4181784, -0.44618532, 0.52125109E-2, 0.83270758
2.1339748, 1.4541380, -0.67983645, 0.56644930E-2, 0.83135295
2.9711769, 1.6760859, -1.2950909, 0.68410547E-2, 0.83000535
2.7956333, 1.6645043, -1.1311290, 0.57862853E-2, 0.82865924
1.9596996, 1.3339224, -0.62577701, 0.42413771E-2, 0.82730675
2.6307001, 1.6060553, -1.0246447, 0.39124964E-2, 0.82595491
2.5184140, 1.6457043, -0.87271011, 0.38062285E-2, 0.82460260
2.4317520, 1.4868230, -0.94492888, 0.35466130E-2, 0.82325178
1.6540910, 1.6045238, -0.49567260E-1, 0.65723052E-2, 0.82190877
2.5483334, 1.6042125, -0.94412065, 0.69949226E-2, 0.82058054
1.6952562, 1.5826247, -0.11263164, 0.65805567E-2, 0.81924748
1.5306686, 1.8685610, 0.33789241, 0.33930037E-2, 0.81792217
1.7149081, 1.8267791, 0.11187097, 0.28105439E-2, 0.81658173
2.0861950, 1.9269705, -0.15922481, 0.73081320E-2, 0.81525946
2.6063011, 2.5175591, -0.88742122E-1, 0.11542670E-1, 0.81396323
2.6981847, 2.5093236, -0.18886057, 0.11771947E-1, 0.81268436
3.1574614, 2.7550108, -0.40245083, 0.11658637E-1, 0.81140780
3.4241405, 2.7380929, -0.68604767, 0.10373221E-1, 0.81012750
3.2824233, 2.5441616, -0.73826176, 0.81064999E-2, 0.80883569
3.2890687, 2.2969313, -0.99213696, 0.62431851E-2, 0.80753106
2.9199629, 2.0255439, -0.89441895, 0.14988350E-1, 0.80633551
2.8514721, 2.1406505, -0.71082175, 0.14236907E-1, 0.80524343
2.5897851, 1.9544890, -0.63529634, 0.13446804E-1, 0.80414867
2.2213519, 1.9511552, -0.27019680, 0.12619758E-1, 0.80305195
2.2241316, 1.9003843, -0.32374728, 0.12346053E-1, 0.80195403
2.1960340, 1.7224663, -0.47356787, 0.12107915E-1, 0.80085665
2.5345268, 1.7886989, -0.74582839, 0.12883668E-1, 0.79976392
1.9883929, 1.4280627, -0.56033045, 0.11292630E-1, 0.79866844
1.8902340, 1.4482079, -0.44202620, 0.11021180E-1, 0.79757184
1.7388729, 1.5192405, -0.21963237, 0.11037721E-1, 0.79647630
1.6554260, 1.6036261, -0.51800162E-1, 0.10920631E-1, 0.79538220
1.5755701, 1.6949862, 0.11941628, 0.10842036E-1, 0.79428977
1.5506585, 1.8120369, 0.26137829, 0.10828450E-1, 0.79319817
1.5187029, 1.9246526, 0.40594995, 0.10817057E-1, 0.79210836
1.4972881, 1.8546375, 0.35734925, 0.10773981E-1, 0.79102045
1.5851958, 1.6393046, 0.54108661E-1, 0.10733278E-1, 0.78993446
1.5342330, 1.7774416, 0.24320865, 0.10737182E-1, 0.78885031
1.4901347, 1.8378011, 0.34766650, 0.10721405E-1, 0.78776771
1.2890004, 2.0087955, 0.71979529, 0.10696311E-1, 0.78668660
1.8694546, 1.8028424, -0.66611990E-1, 0.13209928E-1, 0.78561020
2.4381216, 2.0810747, -0.35704720, 0.15498204E-1, 0.78455514
2.5417812, 2.2900813, -0.25170028, 0.15747407E-1, 0.78350133
2.5719988, 1.6533225, -0.91867620, 0.16406458E-1, 0.78245467
2.7704420, 1.7679338, -1.0025083, 0.18768473E-1, 0.78141713
1.8075805, 3.2873919, 1.4798112, 0.30227933E-1, 0.78042459
2.8283477, 5.0531282, 2.2247813, 0.26532991E-1, 0.77947253
3.1571181, 3.5145400, 0.35742202, 0.20181235E-1, 0.77847940
2.6477172, 2.6646643, 0.16946726E-1, 0.17641364E-1, 0.77746302
3.1845379, 2.9109499, -0.27358744, 0.18157547E-1, 0.77644491
3.4836760, 3.6673973, 0.18372184, 0.18587476E-1, 0.77543092
3.2381401, 4.4662876, 1.2281482, 0.84921764E-2, 0.77430344
2.7353680, 3.0049114, 0.26954359, 0.64965771E-2, 0.77306324
2.7807689, 2.1853151, -0.59545314, 0.48500150E-2, 0.77181286
3.3105209, 2.6076756, -0.70284534, 0.46840184E-2, 0.77056104
2.9851255, 2.1780341, -0.80709177, 0.31410835E-2, 0.76930219
2.5706265, 2.0554669, -0.51515973, 0.26181978E-2, 0.76804060
2.3124490, 2.0135236, -0.29892546, 0.22795717E-2, 0.76677871
2.2418380, 2.0052571, -0.23658088, 0.19097173E-2, 0.76551652
2.0742259, 1.9234459, -0.15077955, 0.16473882E-2, 0.76425487
1.9242375, 1.9446621, 0.20424664E-1, 0.14462713E-2, 0.76299429
1.7593004, 1.9802068, 0.22090635, 0.12792376E-2, 0.76173472
1.7136711, 1.7492303, 0.35559025E-1, 0.11146181E-2, 0.76047635
1.5895973, 1.7779940, 0.18839687, 0.95512700E-3, 0.75921947
1.5291307, 1.8031806, 0.27404970, 0.90856286E-3, 0.75796396
1.4962380, 2.1107316, 0.61449361, 0.87718794E-3, 0.75671071
1.4959575, 1.9158585, 0.41990080, 0.84967382E-3, 0.75545931
1.2358106, 1.5027009, 0.26689047, 0.87949354E-3, 0.75420976
2.0399826, 1.2654930, -0.77448958, 0.12501887E-2, 0.75296372
2.0046344, 1.2413709, -0.76326364, 0.19434888E-2, 0.75172073
2.6850085, 1.4054488, -1.2795595, 0.43137968E-2, 0.75048923
3.0382841, 1.6834584, -1.3548256, 0.51446841E-2, 0.74926919
2.1455367, 2.0826094, -0.62927283E-1, 0.26226989E-2, 0.74804640
1.4038290, 1.8624954, 0.45866665, 0.90569269E-3, 0.74681109
1.3898726, 2.0586987, 0.66882634, 0.12258596E-2, 0.74557638
1.5036604, 2.0635829, 0.55992258, 0.12953019E-2, 0.74434656
1.3341473, 2.4758396, 1.1416919, 0.85533294E-3, 0.74311584
1.3416717, 2.0949793, 0.75330770, 0.80367032E-3, 0.74188668
1.3192651, 2.4769409, 1.1576757, 0.75650174E-3, 0.74065942
1.3200179, 2.3732591, 1.0532413, 0.73646754E-3, 0.73943418
1.4117221, 2.4663150, 1.0545930, 0.40433947E-2, 0.73821330
2.9364054, 3.1210966, 0.18469131, 0.13056722E-1, 0.73703432
2.9409208, 3.4612043, 0.52028316, 0.22125473E-1, 0.73591620
3.3415058, 3.5110586, 0.16955273, 0.16190531E-1, 0.73481554
3.7100680, 4.4101858, 0.70011854, 0.13413723E-1, 0.73368710
3.2191966, 4.5305853, 1.3113890, 0.95717199E-2, 0.73253947
2.9687073, 3.4941163, 0.52540904, 0.62086652E-2, 0.73136783
2.7289004, 3.0873516, 0.35845101, 0.42485259E-2, 0.73018074
3.0046341, 2.4634678, -0.54116613, 0.49472321E-2, 0.72898990
3.0443628, 2.7980695, -0.24629317, 0.69041331E-2, 0.72781366
3.1540656, 3.1610107, 0.69449618E-2, 0.69145663E-2, 0.72664493
3.2958670, 3.7495039, 0.45363665, 0.88374428E-2, 0.72547871
2.9505568, 5.2365284, 2.2859714, 0.11187227E-1, 0.72433943
2.0857742, 4.4823718, 2.3965974, 0.90285959E-2, 0.72320038
2.4326580, 4.1892123, 1.7565540, 0.76212441E-2, 0.72205120
3.3328578, 4.0766668, 0.74380887, 0.69197277E-2, 0.72089714
3.0415256, 3.8356478, 0.79412246, 0.67932205E-2, 0.71974379
3.5001688, 3.4334254, -0.66743217E-1, 0.62907548E-2, 0.71858925
3.4764659, 4.9857874, 1.5093222, 0.61675189E-2, 0.71743584
3.0539029, 3.8379989, 0.78409588, 0.46452140E-2, 0.71627694
2.6027808, 3.2358329, 0.63305199, 0.33007392E-2, 0.71510911
2.0749485, 2.9353743, 0.86042559, 0.25754969E-2, 0.71393710
2.7594624, 2.1027873, -0.65667492, 0.21725486E-2, 0.71276420
2.4244716, 1.8973801, -0.52709156, 0.20672788E-2, 0.71159190
2.2395751, 1.7234010, -0.51617432, 0.20640644E-2, 0.71042138
2.3612101, 1.9929204, -0.36828968, 0.22165892E-2, 0.70925301
2.3691030, 2.0255284, -0.34357458, 0.22580340E-2, 0.70808703
1.9014906, 2.3064384, 0.40494767, 0.22046061E-2, 0.70692295
2.5937805, 2.0758996, -0.51788068, 0.33397309E-2, 0.70576167
2.3722777, 2.5804679, 0.20819022, 0.34657782E-2, 0.70461100
1.8420745, 2.6529973, 0.81092256, 0.20865491E-2, 0.70345372
2.0185826, 2.5746114, 0.55602872, 0.36188152E-2, 0.70229834
2.2352576, 2.4185390, 0.18328133, 0.31733431E-2, 0.70115280
1.9726844, 2.6183066, 0.64562178, 0.23516086E-2, 0.70000142
2.9776461, 2.7858367, -0.19180951, 0.56122248E-2, 0.69885635
3.1559668, 3.5309877, 0.37502116, 0.13515217E-1, 0.69774342
2.6759906, 4.2949905, 1.6189998, 0.11933776E-1, 0.69666690
2.6852210, 3.2225087, 0.53728724, 0.70271674E-2, 0.69555640
2.0049214, 3.5349348, 1.5300134, 0.93985284E-2, 0.69443840
2.3733304, 4.6457906, 2.2724602, 0.13438419E-1, 0.69335485
3.5284622, 5.0926614, 1.5641989, 0.12241340E-1, 0.69228554
3.0193558, 4.9305439, 1.9111881, 0.10537589E-1, 0.69120723
2.2222409, 5.2571993, 3.0349581, 0.89235213E-2, 0.69012070
2.7813919, 4.5922194, 1.8108277, 0.74632643E-2, 0.68902588
2.4064472, 5.0995941, 2.6931481, 0.68891617E-2, 0.68792719
2.6826475, 5.8863788, 3.2037318, 0.64438852E-2, 0.68682688
2.7860429, 4.9277277, 2.1416845, 0.60845604E-2, 0.68572587
2.4210997, 5.0534301, 2.6323311, 0.57760300E-2, 0.68462509
3.3878889, 5.0150366, 1.6271484, 0.58816541E-2, 0.68352491
3.0208411, 5.2300687, 2.2092271, 0.62420825E-2, 0.68242902
2.5542760, 5.3913584, 2.8370824, 0.60556158E-2, 0.68133473
2.7332387, 5.4328885, 2.6996496, 0.59428727E-2, 0.68024135
2.7172046, 5.4287577, 2.7115531, 0.58859102E-2, 0.67914945
2.9776974, 5.1401844, 2.1624875, 0.58196671E-2, 0.67805868
2.8930666, 5.6746521, 2.7815855, 0.51411740E-2, 0.67696756
2.6464443, 4.7033305, 2.0568864, 0.38693955E-2, 0.67586952
2.2301385, 3.8299000, 1.5997612, 0.28176922E-2, 0.67476565
2.6009369, 3.2416151, 0.64067745, 0.24300206E-2, 0.67365891
2.3301978, 2.8250945, 0.49489647, 0.24122819E-2, 0.67255354
1.9371532, 2.7515819, 0.81442827, 0.17299814E-2, 0.67144829
1.5583355, 2.5064757, 0.94814014, 0.13122375E-2, 0.67034143
1.4190716, 2.6259506, 1.2068785, 0.11672570E-2, 0.66923505
2.7043726, 2.2949221, -0.40945038, 0.33296163E-2, 0.66813350
2.2619872, 2.4473875, 0.18540026, 0.39096093E-2, 0.66704673
2.1498561, 3.7161512, 1.5662953, 0.11415258E-1, 0.66597623
1.7313037, 4.4457512, 2.7144475, 0.11035096E-1, 0.66494924
2.9032052, 4.9089503, 2.0057452, 0.89991251E-2, 0.66390675
2.5857365, 5.5505633, 2.9648271, 0.78610964E-2, 0.66285759
2.8989491, 5.0870547, 2.1881058, 0.70133875E-2, 0.66180301
2.1535416, 4.7838278, 2.6302862, 0.64080367E-2, 0.66074729
2.9513052, 5.8353477, 2.8840423, 0.58785095E-2, 0.65968871
2.5086613, 5.0228434, 2.5141826, 0.49450840E-2, 0.65862757
2.3048759, 4.0833173, 1.7784415, 0.35763425E-2, 0.65755868
2.1005492, 3.4662914, 1.3657420, 0.25526525E-2, 0.65648347
1.8306652, 2.9894941, 1.1588292, 0.19960583E-2, 0.65540558
1.6986085, 2.8013189, 1.1027100, 0.15970407E-2, 0.65432709
1.5735753, 2.6121995, 1.0386244, 0.12434250E-2, 0.65324825
1.8280827, 2.3937228, 0.56564033, 0.13409698E-2, 0.65217000
1.5375642, 2.3503842, 0.81282049, 0.12391604E-2, 0.65109497
1.2967564, 2.3795078, 1.0827514, 0.91453694E-3, 0.65001982
1.2749565, 2.3537462, 1.0787896, 0.78458077E-3, 0.64894539
1.1961040, 2.3533034, 1.1571993, 0.66188438E-3, 0.64787203
1.6588631, 2.6650467, 1.0061833, 0.22576051E-2, 0.64680219
1.6264645, 3.0405011, 1.4140368, 0.26258200E-2, 0.64574546
1.2184809, 2.7615223, 1.5430416, 0.93136413E-3, 0.64468080
1.0905118, 2.6094029, 1.5188915, 0.67338475E-3, 0.64361483
1.0769541, 2.4992671, 1.4223133, 0.60314342E-3, 0.64254993
1.0379120, 2.8033817, 1.7654698, 0.58307493E-3, 0.64148664
1.0549049, 2.9627762, 1.9078716, 0.55442622E-3, 0.64042503
1.0539230, 3.1431293, 2.0892060, 0.51984639E-3, 0.63936496
1.0257651, 2.9434388, 1.9176738, 0.48258662E-3, 0.63830656
1.0241282, 2.9219792, 1.8978511, 0.43574406E-3, 0.63724965
1.0362768, 2.3438256, 1.3075488, 0.39374846E-3, 0.63619441
1.0698811, 2.6981561, 1.6282750, 0.36852225E-3, 0.63514048
1.0359881, 2.7380426, 1.7020545, 0.35988481E-3, 0.63408852
1.0208716, 3.1497109, 2.1288393, 0.34627769E-3, 0.63303816
2.7982984, 2.9542572, 0.15595903, 0.70542386E-2, 0.63200551
2.5794792, 3.5725882, 0.99310911, 0.13984576E-1, 0.63100618
3.1340816, 5.4582520, 2.3241704, 0.17443884E-1, 0.63006932
2.8453989, 5.8627152, 3.0173161, 0.12002829E-1, 0.62911338
2.4146876, 7.6806736, 5.2659855, 0.95791025E-2, 0.62813634
2.4653835, 5.7338371, 3.2684538, 0.75945188E-2, 0.62714624
2.8237784, 4.7119260, 1.8881470, 0.66503338E-2, 0.62614769
2.8683228, 4.3232059, 1.4548839, 0.70272204E-2, 0.62515157
2.8218732, 5.0169253, 2.1950521, 0.67388350E-2, 0.62415731
2.9919088, 4.6401033, 1.6481950, 0.63905343E-2, 0.62316251
2.4439456, 4.9956231, 2.5516777, 0.61663254E-2, 0.62216765
2.6154730, 6.6145473, 3.9990747, 0.56226733E-2, 0.62117255
2.2073545, 6.4013352, 4.1939807, 0.42045214E-2, 0.62017161
2.1830711, 3.5585663, 1.3754954, 0.30604168E-2, 0.61916178
2.6441433, 5.2249866, 2.5808439, 0.59403712E-2, 0.61815846
2.5806687, 5.7644172, 3.1837490, 0.64957724E-2, 0.61717296
2.6478090, 6.0355992, 3.3877907, 0.57705683E-2, 0.61618716
2.8134236, 5.0775909, 2.2641668, 0.62001329E-2, 0.61520010
2.8195248, 5.1022854, 2.2827609, 0.62436024E-2, 0.61421877
2.3954937, 6.5505848, 4.1550913, 0.60072364E-2, 0.61323833
2.1490822, 6.4749036, 4.3258214, 0.46945657E-2, 0.61225414
2.1827772, 5.4591398, 3.2763617, 0.47410489E-2, 0.61126304
2.7831502, 4.7006187, 1.9174681, 0.58585759E-2, 0.61028200
2.2613318, 5.7934942, 3.5321624, 0.58752829E-2, 0.60930687
2.3751900, 6.4108253, 4.0356359, 0.53533879E-2, 0.60833138
2.0541272, 5.7253489, 3.6712222, 0.40619927E-2, 0.60735065
2.4043477, 3.5332124, 1.1288650, 0.31547323E-2, 0.60636228
2.1161246, 3.1000726, 0.98394811, 0.27275113E-2, 0.60537177
1.6955113, 3.0436695, 1.3481585, 0.23691612E-2, 0.60438055
1.7863065, 2.8009217, 1.0146157, 0.19877839E-2, 0.60338897
1.5056338, 2.4056962, 0.90006214, 0.14889082E-2, 0.60239631
1.4169062, 2.4009502, 0.98404431, 0.12342283E-2, 0.60140324
1.2155983, 2.3815813, 1.1659832, 0.10414151E-2, 0.60041094
1.1289464, 2.4754977, 1.3465513, 0.87855617E-3, 0.59941947
1.0308456, 2.5767362, 1.5458905, 0.71541296E-3, 0.59842873
1.2797937, 1.8596923, 0.57989895, 0.19352543E-2, 0.59744042
1.6751956, 2.4348767, 0.75968087, 0.26966415E-2, 0.59646338
1.3545566, 2.3234499, 0.96889299, 0.22312514E-2, 0.59548420
1.6731435, 2.7311845, 1.0580409, 0.34400076E-2, 0.59451324
1.2705888, 2.3093753, 1.0387862, 0.15571127E-2, 0.59353727
1.0702487, 2.4946895, 1.4244406, 0.10491024E-2, 0.59255856
0.96970880, 2.4427385, 1.4730300, 0.76404255E-3, 0.59157962
0.94991672, 2.4893012, 1.5393840, 0.70057134E-3, 0.59060168
0.95071369, 2.5054719, 1.5547584, 0.66493492E-3, 0.58962494
0.94065559, 2.5163724, 1.5757172, 0.63279422E-3, 0.58864981
0.93198085, 2.5213003, 1.5893192, 0.60180965E-3, 0.58767605
0.90204000, 2.7815983, 1.8795587, 0.56050805E-3, 0.58670372
1.4194406, 2.6110158, 1.1915752, 0.28695143E-2, 0.58574039
0.74925703, 2.2958889, 1.5466318, 0.26970033E-2, 0.58477813
1.5263121, 2.3193314, 0.79301924, 0.28456659E-2, 0.58382732
0.98965466, 1.9019351, 0.91228056, 0.43366692E-3, 0.58286351
0.98103821, 1.9779180, 0.99687976, 0.64860051E-3, 0.58189863
1.0494797, 2.1358027, 1.0863229, 0.78587572E-3, 0.58093756
0.95796824, 2.1380973, 1.1801288, 0.40503556E-3, 0.57997608
0.94011199, 2.3252237, 1.3851116, 0.39143910E-3, 0.57901579
0.86171734, 2.1323631, 1.2706456, 0.37464927E-3, 0.57805687
0.92462462, 2.3349886, 1.4103637, 0.36607255E-3, 0.57709962
1.7491651, 2.1246891, 0.37552416, 0.45153536E-2, 0.57615125
1.8646009, 2.4450312, 0.58043015, 0.11831357E-1, 0.57524222
2.4905190, 2.9638631, 0.47334385, 0.12904545E-1, 0.57434875
1.9892579, 3.8078213, 1.8185636, 0.13449281E-1, 0.57347441
1.8558103, 3.8809085, 2.0250983, 0.11227945E-1, 0.57259101
1.8688262, 3.3821189, 1.5132924, 0.62441877E-2, 0.57168645
1.8580598, 2.7144022, 0.85634208, 0.42009247E-2, 0.57076353
1.6266350, 2.6477137, 1.0210786, 0.32301589E-2, 0.56983525
2.2338264, 2.3135457, 0.79719424E-1, 0.33552521E-2, 0.56890559
1.7435155, 2.1196382, 0.37612256, 0.23653491E-2, 0.56797671
1.5160651, 1.9718562, 0.45579115, 0.18049973E-2, 0.56704420
1.4112576, 1.6763248, 0.26506737, 0.13404570E-2, 0.56611091
1.2421355, 1.5917920, 0.34965661, 0.98185323E-3, 0.56517732
1.1379938, 1.5933076, 0.45531398, 0.72148198E-3, 0.56424350
1.0908868, 1.6773325, 0.58644557, 0.67096669E-3, 0.56331056
1.0564516, 1.7807636, 0.72431213, 0.65542705E-3, 0.56237912
1.0433176, 1.7469122, 0.70359462, 0.61092188E-3, 0.56144917
1.0110358, 1.7011718, 0.69013590, 0.57789916E-3, 0.56052041
0.89174855, 1.5759715, 0.68422276, 0.52979164E-3, 0.55959308
0.88004130, 1.1204159, 0.24037454, 0.64772071E-3, 0.55866718
1.0494024, 1.1323699, 0.82967609E-1, 0.36248338E-3, 0.55774301
1.0041102, 1.6130990, 0.60898882, 0.36547208E-3, 0.55681938
0.99001896, 1.7858779, 0.79585898, 0.36080478E-3, 0.55589730
0.96878529, 1.8519078, 0.88312268, 0.35367080E-3, 0.55497670
0.93463355, 1.9936823, 1.0590485, 0.34998136E-3, 0.55405760
0.96385956, 1.8080571, 0.84419751, 0.33510785E-3, 0.55313998
0.99034202, 1.7170787, 0.72673672, 0.31351694E-3, 0.55222368
0.98309189, 1.7441911, 0.76109922, 0.29596905E-3, 0.55130905
0.97321880, 1.7437520, 0.77053320, 0.28808578E-3, 0.55039567
0.87529832, 1.7636340, 0.88833576, 0.28655096E-3, 0.54948395
0.98652500, 1.6756537, 0.68912876, 0.27610851E-3, 0.54857361
0.99045908, 1.5707890, 0.58032972, 0.26192749E-3, 0.54766470
0.89340734, 1.4010681, 0.50766069, 0.24596139E-3, 0.54675734
0.80728012, 1.4318120, 0.62453216, 0.22400057E-3, 0.54585129
1.9079890, 1.3421205, -0.56586844, 0.43769623E-2, 0.54495412
1.6813729, 1.4531809, -0.22819184, 0.71882922E-2, 0.54408151
1.9531181, 1.5141363, -0.43898171, 0.77960533E-2, 0.54321814
2.0528092, 1.4805456, -0.57226366, 0.70659365E-2, 0.54235512
2.0851779, 1.9269432, -0.15823478, 0.12190053E-1, 0.54150474
2.1032066, 2.7240274, 0.62082070, 0.15437214E-1, 0.54069251
1.9983802, 2.7241275, 0.72574735, 0.11258053E-1, 0.53988022
2.1939783, 3.4015994, 1.2076210, 0.86793602E-2, 0.53904599
2.1442471, 3.1610723, 1.0168246, 0.71469708E-2, 0.53820074
2.3175910, 3.1922939, 0.87470329, 0.58056558E-2, 0.53734761
2.1748972, 2.8550131, 0.68011558, 0.45188321E-2, 0.53648645
2.0146892, 2.4246738, 0.40998450, 0.35798613E-2, 0.53561872
2.1159694, 1.9287325, -0.18723683, 0.30044189E-2, 0.53474760
1.7522649, 1.9296424, 0.17737775, 0.26693642E-2, 0.53387505
1.8333182, 1.6465391, -0.18677944, 0.24777316E-2, 0.53300244
1.7923102, 1.5656644, -0.22664574, 0.24321324E-2, 0.53213060
1.7786008, 1.7436466, -0.34954164E-1, 0.23778405E-2, 0.53126025
1.4701574, 1.5826190, 0.11246175, 0.22110497E-2, 0.53039038
1.7098716, 1.5603940, -0.14947763, 0.19396435E-2, 0.52952081
1.3781160, 1.3198510, -0.58264986E-1, 0.17366005E-2, 0.52865112
1.4926831, 2.2159894, 0.72330636, 0.69649308E-2, 0.52779412
1.4865457, 2.9232771, 1.4367319, 0.86904801E-2, 0.52697259
1.7456071, 2.6081147, 0.86250770, 0.66614524E-2, 0.52614611
1.8059151, 2.6314828, 0.82556754, 0.58211302E-2, 0.52531242
1.9547625, 2.5904377, 0.63567501, 0.52432041E-2, 0.52447551
2.0181935, 2.9148767, 0.89668363, 0.51648906E-2, 0.52363819
2.0891416, 3.5385034, 1.4493622, 0.50681424E-2, 0.52280182
1.9224285, 3.3662627, 1.4438337, 0.45854193E-2, 0.52196455
1.9279385, 2.1715331, 0.24359432, 0.35785055E-2, 0.52112335
1.6874957, 1.4473633, -0.24013254, 0.23091035E-2, 0.52027613
1.6547283, 1.2529664, -0.40176183, 0.18145503E-2, 0.51942450
1.9305656, 1.3960347, -0.53453058, 0.26030871E-2, 0.51857549
1.9614291, 1.3509196, -0.61050934, 0.27568932E-2, 0.51773018
1.7433178, 1.0322711, -0.71104676, 0.19654082E-2, 0.51688355
1.7065433, 0.90149772, -0.80504560, 0.16918792E-2, 0.51603538
1.8386941, 1.0086557, -0.83003825, 0.20443131E-2, 0.51518869
1.8390441, 1.0604185, -0.77862567, 0.22310407E-2, 0.51434511
1.7457768, 1.0134704, -0.73230636, 0.21169968E-2, 0.51350278
1.5869111, 0.92298335, -0.66392797, 0.18267639E-2, 0.51266062
1.6270708, 0.77778238, -0.84928840, 0.15836549E-2, 0.51181823
1.4944409, 0.81292248, -0.68151832, 0.14776550E-2, 0.51097661
1.4027058, 0.73829907, -0.66440666, 0.12056082E-2, 0.51013523
1.1769965, 0.83018750, -0.34680897, 0.12550285E-2, 0.50929493
1.4222891, 0.80659205, -0.61569715, 0.15666195E-2, 0.50845611
1.7812152, 1.0980526, -0.68316251, 0.49862014E-2, 0.50762951
1.6482853, 1.0120537, -0.63623142, 0.41827974E-2, 0.50681239
1.4468168, 0.82470596, -0.62211090, 0.18935506E-2, 0.50598615
1.3012602, 0.82076257, -0.48049757, 0.13958301E-2, 0.50515431
1.2545363, 0.87842494, -0.37611124, 0.16069296E-2, 0.50432354
1.2458920, 0.92982566, -0.31606624, 0.18363238E-2, 0.50349551
1.1481248, 0.88751215, -0.26061255, 0.14015611E-2, 0.50266778
1.0600735, 0.90346348, -0.15660985, 0.12084737E-2, 0.50184023
1.0032845, 0.89458746, -0.10869692, 0.95677073E-3, 0.50101274
0.99222660, 0.89397371, -0.98252840E-1, 0.84246171E-3, 0.50018573
1.0190561, 0.92534250, -0.93713708E-1, 0.82715863E-3, 0.49936008
0.99910438, 0.94569397, -0.53410530E-1, 0.88347169E-3, 0.49853578
0.99373007, 0.96036363, -0.33366334E-1, 0.90551859E-3, 0.49771321
1.0116502, 0.94259071, -0.69059432E-1, 0.83649112E-3, 0.49689162
1.0083114, 0.90258139, -0.10572973, 0.68304333E-3, 0.49607083
1.0006201, 0.91834331, -0.82276724E-1, 0.63899829E-3, 0.49525091
0.99254471, 0.93251073, -0.60033981E-1, 0.67452574E-3, 0.49443236
0.96489483, 1.0283190, 0.63424289E-1, 0.83212822E-3, 0.49361572
0.97178870, 1.0345392, 0.62750518E-1, 0.75926213E-3, 0.49280050
0.95976532, 1.0474073, 0.87641776E-1, 0.72843063E-3, 0.49198639
0.90254211, 1.2016070, 0.29906490, 0.76088111E-3, 0.49117395
0.88789010, 1.2368624, 0.34897223, 0.74188400E-3, 0.49036261
0.87970889, 1.1945783, 0.31486949, 0.67192933E-3, 0.48955226
0.83639181, 1.1162565, 0.27986455, 0.61325054E-3, 0.48874307
0.86099088, 1.1332465, 0.27225563, 0.22594559E-2, 0.48793659
1.7827469, 1.3615226, -0.42122412, 0.88916169E-2, 0.48715699
1.6008568, 1.5699024, -0.30954279E-1, 0.13707682E-1, 0.48640636
1.8556132, 1.8169239, -0.38689494E-1, 0.17258288E-1, 0.48569098
2.1849422, 2.3295841, 0.14464162, 0.17087938E-1, 0.48498312
2.1927102, 2.3634000, 0.17069000, 0.11459129E-1, 0.48426056
1.5593885, 1.3533779, -0.20601064, 0.57484400E-2, 0.48350337
1.4689242, 0.88209736, -0.58682692, 0.18287493E-2, 0.48272002
1.2498277, 0.82511568, -0.42471215, 0.16881849E-2, 0.48192880
1.7390416, 1.0254414, -0.71360004, 0.22108322E-2, 0.48113930
1.7848793, 1.0126401, -0.77223927, 0.21543931E-2, 0.48035184
1.6664628, 1.0132196, -0.65324318, 0.20917398E-2, 0.47956625
1.6182914, 1.0411391, -0.57715207, 0.19843804E-2, 0.47878066
1.5042113, 1.2383997, -0.26581156, 0.19299218E-2, 0.47799587
1.5150533, 1.0778695, -0.43718377, 0.17079533E-2, 0.47721162
1.3665265, 0.88509351, -0.48143297, 0.11439706E-2, 0.47642693
1.2460731, 0.67814195, -0.56793118, 0.60162594E-3, 0.47564057
1.1428177, 0.81880629, -0.32401159, 0.71093923E-3, 0.47485471
1.1130919, 0.77638894, -0.33670300, 0.65928069E-3, 0.47407034
1.0163085, 0.81784660, -0.19846198, 0.47938756E-3, 0.47328639
1.0028514, 0.83011669, -0.17273475, 0.39506276E-3, 0.47250307
0.95583832, 0.91541553, -0.40422648E-1, 0.43750653E-3, 0.47172105
0.93072921, 1.0447396, 0.11401050, 0.63429179E-3, 0.47094098
0.90157342, 1.1681722, 0.26659888, 0.71992539E-3, 0.47016290
0.87871528, 1.2428699, 0.36415455, 0.71975548E-3, 0.46938625
0.91215736, 1.0524335, 0.14027622, 0.67111198E-3, 0.46861091
1.6823546, 1.0561218, -0.62623274, 0.27315766E-2, 0.46784079
1.6467049, 1.1371777, -0.50952721, 0.50141905E-2, 0.46708336
1.7817641, 1.2194771, -0.56228691, 0.57319300E-2, 0.46633852
1.9615431, 1.2878741, -0.67366922, 0.46922732E-2, 0.46559167
1.6896667, 1.1696723, -0.51999474, 0.30586447E-2, 0.46483776
1.3706193, 1.2714194, -0.99199936E-1, 0.21331578E-2, 0.46407887
1.1891941, 1.1123321, -0.76862201E-1, 0.14199748E-2, 0.46331739
1.0584834, 1.1638134, 0.10532981, 0.99238718E-3, 0.46255437
0.89882547, 1.1680317, 0.26920623, 0.73082076E-3, 0.46179089
0.85955948, 1.1767507, 0.31719118, 0.62217005E-3, 0.46102783
0.95377982, 0.88633049, -0.67449272E-1, 0.51337847E-3, 0.46026564
0.91435146, 0.94917154, 0.34820151E-1, 0.35625428E-3, 0.45950413
0.98393959, 0.97658467, -0.73548704E-2, 0.33552950E-3, 0.45874348
0.85014892, 1.1025122, 0.25236335, 0.76850159E-2, 0.45807076
0.90493250, 1.2748673, 0.36993483, 0.76851170E-2, 0.45747867
0.79423958, 1.3402482, 0.54600883, 0.76965564E-2, 0.45688763
0.81559724, 1.2723312, 0.45673397, 0.76525072E-2, 0.45629761
0.80443323, 1.2291375, 0.42470437, 0.76208226E-2, 0.45570806
0.90769917, 1.1805943, 0.27289540, 0.75811082E-2, 0.45511934
0.89636046, 1.2145257, 0.31816527, 0.75755860E-2, 0.45453158
0.79749906, 1.2622576, 0.46475863, 0.75797918E-2, 0.45394492
0.91906464, 1.0916724, 0.17260773, 0.75359419E-2, 0.45335913
0.83279687, 1.0767424, 0.24394542, 0.75137848E-2, 0.45277396
0.89765924, 1.1136767, 0.21601745, 0.75038485E-2, 0.45218959
0.88361305, 1.2659080, 0.38229480, 0.75109070E-2, 0.45160607
0.85633725, 1.3569221, 0.50058490, 0.75104926E-2, 0.45102367
0.84075087, 1.3731778, 0.53242689, 0.75100465E-2, 0.45044231
0.85606635, 1.3073969, 0.45133033, 0.74838498E-2, 0.44986188
0.76562071, 1.4063144, 0.64069366, 0.74775117E-2, 0.44928244
0.85907519, 1.3968418, 0.53776664, 0.74522221E-2, 0.44870397
0.83579731, 1.4220194, 0.58622187, 0.74381256E-2, 0.44812605
0.85062832, 1.3493944, 0.49876624, 0.74319872E-2, 0.44754910
0.83309776, 1.3033339, 0.47023600, 0.74335365E-2, 0.44697306
0.74137241, 1.6391116, 0.89773935, 0.74382834E-2, 0.44639805
0.82482177, 1.5053312, 0.68050945, 0.74325465E-2, 0.44582391
0.82996058, 1.1918536, 0.36189318, 0.74221063E-2, 0.44525099
0.83166587, 1.2279277, 0.39626175, 0.74218451E-2, 0.44467875
0.84834605, 1.1242198, 0.27587387, 0.74123777E-2, 0.44410765
0.82793260, 1.2673012, 0.43936867, 0.74081849E-2, 0.44353727
0.73236996, 1.3224505, 0.59008038, 0.74107815E-2, 0.44296789
0.80145514, 1.4667476, 0.66529220, 0.74086115E-2, 0.44239941
0.71450150, 1.5490167, 0.83451521, 0.74067079E-2, 0.44183183
0.71092957, 1.5370351, 0.82610571, 0.71002962E-2, 0.44126502
0.81914037, 1.2552453, 0.43610501, 0.90019195E-4, 0.44060636
0.80510825, 1.3143023, 0.50919402, 0.89699912E-4, 0.43987569
0.72267336, 1.3439850, 0.62131166, 0.89309448E-4, 0.43914637
0.69071442, 1.6157415, 0.92502707, 0.90345820E-4, 0.43841818
0.67957824, 1.8051143, 1.1255361, 0.86504573E-4, 0.43769124
0.63163859, 1.4010687, 0.76943028, 0.81049933E-4, 0.43696547
0.92123592, 1.9456962, 1.0244602, 0.13457770E-1, 0.43625829
1.0051080, 2.3288751, 1.3237668, 0.24949880E-1, 0.43567824
1.2331159, 2.0089109, 0.77579486, 0.15476432E-1, 0.43508565
1.2520437, 1.9543064, 0.70226264, 0.10960984E-1, 0.43444678
1.2793868, 2.0042489, 0.72486222, 0.81639262E-2, 0.43378654
1.4102165, 2.0520518, 0.64183515, 0.63046957E-2, 0.43311247
1.5334940, 2.0451622, 0.51166809, 0.53756568E-2, 0.43243086
1.6868196, 2.1963065, 0.50948656, 0.49546640E-2, 0.43174624
1.5039885, 2.4120526, 0.90806401, 0.46879039E-2, 0.43106094
1.3316437, 2.5729082, 1.2412643, 0.41559744E-2, 0.43037382
2.0056591, 3.2161200, 1.2104613, 0.41105710E-2, 0.42968607
2.1128442, 3.2833362, 1.1704917, 0.42692325E-2, 0.42899975
1.4828418, 3.2056079, 1.7227658, 0.40716785E-2, 0.42831516
2.1783376, 3.1522577, 0.97391981, 0.36066477E-2, 0.42762819
1.7492892, 2.2518787, 0.50258964, 0.36873696E-2, 0.42694235
1.8453182, 2.2252967, 0.37997845, 0.35593293E-2, 0.42625678
1.8792161, 2.3399067, 0.46069053, 0.38889828E-2, 0.42557332
1.9024575, 2.7638228, 0.86136520, 0.41772332E-2, 0.42489317
2.1116960, 3.1293480, 1.0176522, 0.39149094E-2, 0.42421368
1.8108748, 2.3805218, 0.56964684, 0.35003661E-2, 0.42353210
1.8665563, 2.3362908, 0.46973470, 0.33618147E-2, 0.42284945
1.9656852, 2.5038509, 0.53816593, 0.28854455E-2, 0.42216608
1.5617326, 2.6791177, 1.1173851, 0.22442024E-2, 0.42147934
1.5957595, 2.2860587, 0.69029886, 0.18540994E-2, 0.42079070
1.5760238, 1.4438260, -0.13219771, 0.17291650E-2, 0.42010164
0.97972047, 2.3763611, 1.3966410, 0.47477297E-2, 0.41942015
1.9789448, 3.2767606, 1.2978157, 0.55366801E-2, 0.41876027
1.1341289, 2.9821937, 1.8480649, 0.53651449E-2, 0.41809928
1.9572796, 2.9959466, 1.0386668, 0.47689453E-2, 0.41743779
2.0335448, 3.3885522, 1.3550075, 0.45789983E-2, 0.41677496
1.6883951, 2.9387062, 1.2503105, 0.43322416E-2, 0.41611192
2.0447557, 2.5449479, 0.50019234, 0.39044453E-2, 0.41544768
2.2944887, 3.2718551, 0.97736645, 0.40710582E-2, 0.41478363
1.9908558, 2.4294677, 0.43861181, 0.42005731E-2, 0.41412184
1.9736562, 3.1558573, 1.1822013, 0.40521938E-2, 0.41346061
1.8296653, 2.7309678, 0.90130234, 0.40884023E-2, 0.41279805
2.1921992, 2.9997761, 0.80757707, 0.35542808E-2, 0.41213715
1.8631562, 1.9300562, 0.66900171E-1, 0.30133866E-2, 0.41147134
1.9457264, 1.8818264, -0.63900113E-1, 0.27728295E-2, 0.41080430
1.7595729, 1.8773413, 0.11776830, 0.25380782E-2, 0.41013685
1.5576260, 2.1321807, 0.57455480, 0.23719135E-2, 0.40946937
1.3927050, 2.0227637, 0.63005871, 0.20753210E-2, 0.40880153
1.1879674, 1.7592883, 0.57132053, 0.17416795E-2, 0.40813279
0.93577957, 2.2334421, 1.2976627, 0.63472828E-2, 0.40747336
1.7874665, 2.6836803, 0.89621365, 0.74089980E-2, 0.40684855
1.8761760, 2.6805367, 0.80436122, 0.62730275E-2, 0.40621698
2.0431926, 2.8396595, 0.79646677, 0.58248267E-2, 0.40558156
1.8066185, 2.6154363, 0.80881780, 0.52205371E-2, 0.40494370
1.6708641, 2.3942392, 0.72337508, 0.47967061E-2, 0.40430388
1.9482663, 2.5439317, 0.59566534, 0.46232343E-2, 0.40366328
2.1311584, 2.6039162, 0.47275802, 0.46840743E-2, 0.40302339
2.1430662, 3.6903319, 1.5472651, 0.47462899E-2, 0.40238509
2.0160561, 2.9691792, 0.95312303, 0.42246128E-2, 0.40174580
1.7544769, 3.2667966, 1.5123200, 0.33988522E-2, 0.40110207
1.4028293, 2.8445363, 1.4417074, 0.24378255E-2, 0.40045258
1.4822495, 2.2771337, 0.79488456, 0.19461528E-2, 0.39979932
1.2894729, 2.2952631, 1.0057902, 0.16990069E-2, 0.39914548
1.0945377, 2.2661705, 1.1716325, 0.13662110E-2, 0.39849102
1.0891559, 1.9025507, 0.81339502, 0.12098212E-2, 0.39783600
1.6237034, 1.8137227, 0.19001934, 0.26668552E-2, 0.39718601
1.4945002, 1.7243414, 0.22984114, 0.37614664E-2, 0.39654303
1.2056489, 1.7172986, 0.51164955, 0.37283094E-2, 0.39590552
1.2913167, 1.8726680, 0.58135104, 0.29442837E-2, 0.39526656
1.2618539, 1.7331678, 0.47131348, 0.20259558E-2, 0.39462280
1.1573530, 1.6515059, 0.49415314, 0.15907668E-2, 0.39397693
1.0129945, 1.6028757, 0.58988118, 0.12607150E-2, 0.39333025
0.83651400, 1.6766306, 0.84011692, 0.90760010E-3, 0.39268303
0.68951601, 1.7132783, 1.0237620, 0.71437017E-3, 0.39203528
1.7039310, 2.2699511, 0.56602049, 0.61267414E-2, 0.39140141
1.3059980, 2.2251945, 0.91919613, 0.40107383E-2, 0.39078331
1.0809959, 1.9140669, 0.83307087, 0.21203747E-2, 0.39014849
1.3044575, 1.8662161, 0.56175834, 0.27789341E-2, 0.38951191
1.7816654, 1.9819565, 0.20029113, 0.40751910E-2, 0.38888419
1.6966701, 2.3603938, 0.66372365, 0.93834754E-2, 0.38826773
2.2950599, 3.6169069, 1.3218470, 0.13482404E-1, 0.38770235
2.2723875, 3.6004889, 1.3281018, 0.10757311E-1, 0.38713384
2.1632421, 3.9300435, 1.7668005, 0.81379078E-2, 0.38655245
1.7158079, 3.6785786, 1.9627705, 0.53480384E-2, 0.38595375
1.5679804, 2.5392866, 0.97130692, 0.28888902E-2, 0.38533601
1.3160212, 1.9680263, 0.65200520, 0.17299193E-2, 0.38470784
1.2817100, 1.6618410, 0.38013121, 0.13234277E-2, 0.38407692
1.6363420, 2.1008377, 0.46449554, 0.37419358E-2, 0.38345036
2.0498819, 3.9844792, 1.9345968, 0.85985083E-2, 0.38285756
2.0603182, 3.6583586, 1.5980405, 0.69191712E-2, 0.38227057
2.1921806, 3.4142041, 1.2220236, 0.61458736E-2, 0.38167819
2.2855957, 3.3814101, 1.0958140, 0.58135460E-2, 0.38108328
1.9627045, 3.6528585, 1.6901544, 0.54820590E-2, 0.38048765
1.9642529, 4.2802186, 2.3159657, 0.51430799E-2, 0.37989047
1.8994398, 3.5387478, 1.6393081, 0.40717195E-2, 0.37928998
1.5993401, 2.6411865, 1.0418465, 0.25074126E-2, 0.37867948
2.0411181, 2.7967253, 0.75560647, 0.41233278E-2, 0.37806714
2.0192549, 3.7101228, 1.6908678, 0.56046667E-2, 0.37747335
1.8275847, 4.0999675, 2.2723827, 0.52098422E-2, 0.37688193
2.0831115, 3.7944345, 1.7113228, 0.48211250E-2, 0.37628880
2.0336463, 3.5580053, 1.5243590, 0.46610218E-2, 0.37569377
2.1209822, 3.7958245, 1.6748425, 0.49196193E-2, 0.37510154
1.8222295, 3.7771306, 1.9549016, 0.41266778E-2, 0.37450886
1.5511389, 2.7571599, 1.2060215, 0.25018472E-2, 0.37390673
1.6539577, 2.0691001, 0.41514239, 0.18894536E-2, 0.37329707
1.6447808, 2.4823005, 0.83751994, 0.36380510E-2, 0.37269187
2.0009933, 3.1507816, 1.1497886, 0.53768423E-2, 0.37209961
2.0033894, 3.5945015, 1.5911118, 0.61332276E-2, 0.37152123
1.7890046, 4.1945453, 2.4055409, 0.54444536E-2, 0.37094247
1.7150282, 3.1387496, 1.4237213, 0.35351033E-2, 0.37035549
1.4742601, 2.1707776, 0.69651777, 0.19833588E-2, 0.36975518
1.2379999, 1.7720786, 0.53407884, 0.13275935E-2, 0.36914989
1.0659914, 1.6289488, 0.56295753, 0.97235799E-3, 0.36854294
0.92593420, 1.5479939, 0.62205958, 0.83146698E-3, 0.36793581
0.83708280, 1.5913249, 0.75424224, 0.67043974E-3, 0.36732924
0.77804726, 1.5591682, 0.78112125, 0.53384516E-3, 0.36672270
0.78131467, 1.5664563, 0.78514171, 0.51745831E-3, 0.36611673
0.73887628, 1.6945693, 0.95569324, 0.50845800E-3, 0.36551175
0.69463372, 1.7518888, 1.0572553, 0.50096004E-3, 0.36490771
1.2841899, 1.9001564, 0.61596620, 0.38180824E-2, 0.36431193
1.6045967, 2.3459299, 0.74133307, 0.99733742E-2, 0.36373913
1.8173695, 3.5630331, 1.7456638, 0.14119498E-1, 0.36322442
1.8793861, 4.1860123, 2.3066263, 0.93920249E-2, 0.36269584
1.7261138, 4.2326345, 2.5065207, 0.66561354E-2, 0.36214399
1.6799040, 3.2243981, 1.5444940, 0.40562726E-2, 0.36157659
1.4035630, 2.1139696, 0.71040666, 0.22701689E-2, 0.36099279
1.3335689, 1.8063369, 0.47276816, 0.17053002E-2, 0.36040393
1.1091535, 1.7130618, 0.60390842, 0.12873248E-2, 0.35981357
0.96891958, 1.6415495, 0.67262977, 0.99725719E-3, 0.35922205
0.84040654, 1.6093013, 0.76889497, 0.82765851E-3, 0.35863066
0.74327898, 1.5200237, 0.77674466, 0.61597262E-3, 0.35803923
0.69025147, 1.6491061, 0.95885485, 0.51684800E-3, 0.35744786
0.68088233, 1.5874003, 0.90651792, 0.49581035E-3, 0.35685721
1.7039729, 2.9010532, 1.1970801, 0.91374330E-2, 0.35628605
1.8794371, 4.1621828, 2.2827458, 0.11086488E-1, 0.35577118
1.8290058, 4.0441308, 2.2151251, 0.76911561E-2, 0.35524008
1.6162990, 3.1953259, 1.5790272, 0.50359014E-2, 0.35468939
1.3490404, 2.3401973, 0.99115658, 0.97830772E-1, 0.35425544
1.1437507, 1.9116449, 0.76789433, 0.23819205, 0.35459182
1.0783529, 1.6872590, 0.60890585, 0.30832443, 0.35537580
0.88408732, 1.6387233, 0.75463581, 0.34018245, 0.35645223
0.85717893, 1.5387696, 0.68159080, 0.32784995, 0.35756561
0.78651053, 1.3043950, 0.51788431, 0.29406130, 0.35849154
0.73668545, 1.4403981, 0.70371288, 0.24440143, 0.35923815
0.70529312, 1.2599746, 0.55468136, 0.21173725, 0.35971400
0.75250578, 1.3152125, 0.56270653, 0.21442443, 0.36015725
0.78083253, 1.4192219, 0.63838941, 0.28895870, 0.36070326
1.1883750, 1.5609421, 0.37256697, 0.52191156, 0.36229360
0.78712517, 1.4088349, 0.62170964, 0.27435517, 0.36366865
1.4473090, 1.7501376, 0.30282849, 0.91685975, 0.36570835
0.80918521, 1.6002170, 0.79103166, 0.53194755, 0.36941716
0.74764788, 1.3409500, 0.59330225, 0.20722243, 0.37016261
0.77525043, 1.3682600, 0.59300971, 0.22363898, 0.37059322
0.65164667, 1.4745214, 0.82287496, 0.20078263, 0.37100947
0.93793821, 1.7180533, 0.78011507, 0.77959269, 0.37226400
1.0559156, 2.0110044, 0.95508891, 1.3176026, 0.37719515
1.1021053, 1.8558677, 0.75376260, 0.85882205, 0.38306856
0.61814433, 1.8572648, 1.2391204, 0.69686347, 0.38494527
1.5363439, 2.1117027, 0.57535893, 1.3337867, 0.39043358
1.6625392, 2.0727928, 0.41025388, 1.0280576, 0.39587772
1.4279677, 2.1683898, 0.74042243, 0.99589634, 0.40036830
1.1549363, 1.9308233, 0.77588665, 0.83137870, 0.40414408
1.1065495, 1.8276358, 0.72108632, 0.76599842, 0.40744665
1.8797479, 3.8305166, 1.9507686, 1.0657752, 0.41207179
1.9416358, 3.6686203, 1.7269843, 1.0193835, 0.41784462
1.8183675, 3.4662416, 1.6478736, 1.0542864, 0.42377940
1.7961789, 2.5149331, 0.71875453, 1.0394334, 0.42936704
2.0517743, 2.8019688, 0.75019479, 1.0411479, 0.43478742
2.0013537, 3.4439240, 1.4425697, 1.2323539, 0.44152641
1.9018281, 4.0052214, 2.1033938, 1.3415498, 0.44911614
1.8391268, 3.7569160, 1.9177893, 1.0076153, 0.45547342
1.8993011, 3.1465080, 1.2472072, 0.92186457, 0.46005309
2.3698883, 2.7628803, 0.39299172, 1.1003789, 0.46539292
1.6545417, 2.8945785, 1.2400372, 0.91616035, 0.47119620
2.4034383, 2.9800208, 0.57658225, 1.0043160, 0.47571209
2.0097172, 2.9821663, 0.97244865, 0.94533402, 0.48131970
2.3426328, 3.1135111, 0.77087837, 1.1085756, 0.48686966
2.3230472, 3.2353158, 0.91226846, 1.0212916, 0.49310613
2.2996614, 3.2321801, 0.93251866, 1.0336615, 0.49852872
2.1755471, 3.1737986, 0.99825132, 0.93703794, 0.50420958
2.0184667, 2.9927988, 0.97433233, 0.89202136, 0.50920260
2.4376237, 3.1881759, 0.75055230, 1.0491673, 0.51439887
2.3652608, 3.2898915, 0.92463070, 1.0657674, 0.52013916
2.3545430, 3.4637754, 1.1092325, 1.0384171, 0.52596855
2.1422582, 3.3108728, 1.1686145, 1.0977589, 0.53149587
1.9245926, 2.4518216, 0.52722883, 0.92741859, 0.53639692
1.6944155, 1.9120152, 0.21759982, 0.96664327, 0.54119176
1.6438726, 1.9162059, 0.27233326, 1.0848126, 0.54485667
1.9732368, 2.2984300, 0.32519314, 1.4553487, 0.55192286
1.6976044, 1.7899314, 0.92326693E-1, 0.96683806, 0.55695111
1.5217388, 1.6220945, 0.10035572, 0.76621747, 0.56034994
1.5042881, 1.3907888, -0.11349936, 0.57925379, 0.56283814
1.3432283, 1.2767248, -0.66503361E-1, 0.40538949, 0.56418818
1.3612945, 1.1817013, -0.17959331, 0.33222467, 0.56501263
1.2018508, 1.1901836, -0.11667088E-1, 0.28980672, 0.56557876
1.1022581, 1.1736567, 0.71398556E-1, 0.23715873, 0.56591153
1.0751239, 1.1371727, 0.62048778E-1, 0.18277895, 0.56596798
1.0750356, 1.0980532, 0.23017690E-1, 0.16021208, 0.56582540
1.0369959, 1.1274979, 0.90501994E-1, 0.16054797, 0.56564802
0.99384260, 1.1623313, 0.16848853, 0.16412745, 0.56548589
1.0291803, 1.1755973, 0.14641678, 0.18033251, 0.56540066
1.0160996, 1.1173534, 0.10125382, 0.15475322, 0.56523645
1.1306865, 1.0090090, -0.12167765, 0.15157156, 0.56501794
1.1274685, 0.95589519, -0.17157327, 0.14050920, 0.56478548
2.2665606, 1.3526531, -0.91390747, 1.1106725, 0.56632292
2.4606218, 1.5190556, -0.94156635, 1.3779280, 0.57255083
1.9602796, 1.3189275, -0.64135200, 0.76705259, 0.57719696
1.2000022, 1.1603976, -0.39604679E-1, 0.29072970, 0.57839245
1.0825629, 1.1338849, 0.51321980E-1, 0.17406566, 0.57843357
1.0594796, 1.1278049, 0.68325251E-1, 0.14718409, 0.57821488
1.0537411, 1.1146367, 0.60895644E-1, 0.13516182, 0.57792544
1.0385296, 1.1177225, 0.79192661E-1, 0.12134187, 0.57757604
0.94239652, 1.1035627, 0.16116619, 0.11234490, 0.57716733
1.1388242, 1.3467824, 0.20795810, 0.79266030, 0.57745457
2.3769159, 2.0636024, -0.31331351, 2.6292293, 0.58646137
2.1143126, 3.0470753, 0.93276274, 4.7834201, 0.60346603
2.3288844, 2.8897223, 0.56083804, 4.2644215, 0.63357061
2.8813958, 2.8854115, 0.40161461E-2, 3.9572899, 0.65775079
3.0588453, 2.9641848, -0.94660431E-1, 3.8612468, 0.68098360
2.8542488, 2.5939360, -0.26031262, 2.5905001, 0.69871092
2.6199048, 1.8927488, -0.72715646, 1.3875883, 0.70719391
2.2695065, 1.6122507, -0.65725577, 1.4591604, 0.71430510
2.3511126, 1.4211005, -0.93001217, 1.1689912, 0.71962690
1.9079895, 1.2560316, -0.65195769, 0.99101144, 0.72371072
2.3933465, 1.3359860, -1.0573605, 1.2210987, 0.72767633
2.7758210, 1.3277055, -1.4481155, 1.1693928, 0.73296851
2.1849580, 1.0904380, -1.0945200, 0.73164499, 0.73625809
1.9570442, 1.0283177, -0.92872643, 0.55040771, 0.73796731
1.8806230, 1.0274818, -0.85314113, 0.48396924, 0.73919350
1.8152189, 1.0355339, -0.77968496, 0.45462355, 0.74019188
1.5950435, 1.0768163, -0.51822722, 0.42124709, 0.74105382
1.5379002, 1.0878808, -0.45001954, 0.37065029, 0.74169749
1.4637617, 1.0629224, -0.40083921, 0.31591058, 0.74209076
1.2706771, 1.0046444, -0.26603249, 0.25812975, 0.74218160
1.2470394, 1.0199391, -0.22710052, 0.25577605, 0.74215323
1.2837420, 1.0992713, -0.18447065, 0.26572147, 0.74215007
1.2728504, 1.3334537, 0.60603209E-1, 0.74452746, 0.74253541
2.3261075, 1.8195338, -0.50657338, 1.9301996, 0.74900109
2.6685436, 1.5760801, -1.0924637, 1.3723252, 0.75638932
2.1742039, 1.0806994, -1.0935044, 0.57003087, 0.75959545
1.5349239, 0.94725680, -0.58766699, 0.23762144, 0.75987202
1.3963761, 0.99245048, -0.40392554, 0.21656498, 0.75964803
1.4350374, 0.96326721, -0.47177017, 0.21598075, 0.75942141
1.3947583, 0.90871310, -0.48604500, 0.19238386, 0.75909638
1.3504378, 0.94106090, -0.40937677, 0.18806559, 0.75873131
1.3192919, 1.0049740, -0.31431788, 0.18445967, 0.75835484
1.3071246, 1.0129402, -0.29418451, 0.17016596, 0.75791281
1.2969745, 1.0450182, -0.25195643, 0.16918811, 0.75744909
1.2880287, 1.0936526, -0.19437629, 0.17114227, 0.75699282
1.2530719, 1.1291308, -0.12394127, 0.16422947, 0.75652319
1.2295867, 1.1615344, -0.68052515E-1, 0.16212291, 0.75603098
1.2623765, 1.1501721, -0.11220445, 0.15426891, 0.75551462
1.2717410, 1.1562573, -0.11548366, 0.15076956, 0.75497335
1.2083549, 1.1870848, -0.21269958E-1, 0.14987838, 0.75442547
1.2033565, 1.1688113, -0.34545090E-1, 0.14488298, 0.75386542
1.1742309, 1.1417160, -0.32515004E-1, 0.13919090, 0.75327826
1.2099198, 1.2539220, 0.44002198E-1, 0.14405757, 0.75269276
1.2248223, 1.0501622, -0.17466022, 0.12331016, 0.75206536
1.2653257, 1.0255742, -0.23975140, 0.11414994, 0.75136787
1.2381995, 1.1065747, -0.13162497, 0.12235722, 0.75067812
1.1678952, 1.1624687, -0.54267421E-2, 0.12124627, 0.75000364
1.2193078, 1.2016733, -0.17634384E-1, 0.11952879, 0.74931628
2.2736874, 1.3651407, -0.90854675, 1.0254071, 0.75035828
1.6889880, 1.2407339, -0.44825396, 0.52555859, 0.75383037
1.1958116, 1.1708465, -0.24965081E-1, 0.10185286, 0.75347430
1.0043197, 1.2606667, 0.25634724, 0.11838847, 0.75274915
1.1236570, 1.4125644, 0.28890744, 0.12268431, 0.75206679
1.0756046, 1.3976978, 0.32209343, 0.11613442, 0.75137424
1.1844833, 1.3151940, 0.13071071, 0.10875033, 0.75065333
1.1580672, 1.1784910, 0.20424001E-1, 0.98985776E-1, 0.74988872
1.1566087, 1.2680318, 0.11142337, 0.11130457, 0.74914289
1.1063273, 1.4646474, 0.35832018, 0.10492843, 0.74840075
1.2302507, 1.0161414, -0.21410915, 0.68935722E-1, 0.74755979
1.2279205, 0.87597096, -0.35194960, 0.31688187E-1, 0.74654669
1.0916107, 0.94046944, -0.15114102, 0.43580323E-1, 0.74548721
1.2420373, 0.91714692, -0.32489052, 0.50316770E-1, 0.74448401
1.2740273, 0.92816800, -0.34585944, 0.40252354E-1, 0.74344665
1.2134420, 0.88007510, -0.33336678, 0.23607286E-1, 0.74235773
1.1967129, 0.89655149, -0.30016124, 0.22541720E-1, 0.74122834
1.2563170, 0.92141527, -0.33490193, 0.32653220E-1, 0.74013358
1.2429503, 0.95485622, -0.28809419, 0.32611486E-1, 0.73905689
1.2307481, 1.0014695, -0.22927850, 0.38509622E-1, 0.73799688
1.1544479, 1.0847923, -0.69655642E-1, 0.38991272E-1, 0.73695296
1.1282943, 1.1629418, 0.34647293E-1, 0.46287637E-1, 0.73593134
1.1592866, 1.2711937, 0.11190720, 0.53759772E-1, 0.73494929
1.0922678, 1.2896014, 0.19733372, 0.52633200E-1, 0.73397756
1.1625354, 1.2749912, 0.11245582, 0.53142134E-1, 0.73300833
1.1029923, 1.3916023, 0.28861004, 0.85230686E-1, 0.73212379
1.1502827, 1.4065729, 0.25629014, 0.81351243E-1, 0.73134106
1.1634195, 1.2825681, 0.11914852, 0.48317816E-1, 0.73038107
1.2174282, 1.1874032, -0.30025020E-1, 0.42451855E-1, 0.72938138
1.2199559, 1.1081666, -0.11178919, 0.33755347E-1, 0.72834307
1.1629602, 1.2808082, 0.11784814, 0.38701255E-1, 0.72730714
1.1547281, 1.3218526, 0.16712460, 0.40472299E-1, 0.72628587
1.1429944, 1.3335477, 0.19055325, 0.40941566E-1, 0.72527319
1.1127541, 1.2811462, 0.16839199, 0.37898753E-1, 0.72425205
1.0880873, 1.7041979, 0.61611086, 1.4353780, 0.72462326
2.3074601, 1.8656591, -0.44180095, 2.2563760, 0.73609167
1.3216834, 1.2586449, -0.63038431E-1, 0.27578142, 0.73969501
1.1882104, 1.2072634, 0.19053046E-1, 0.28692845E-1, 0.73879594
1.1948432, 1.2969410, 0.10209766, 0.28925491E-1, 0.73770517
1.1851027, 1.3141111, 0.12900840, 0.27488263E-1, 0.73661119
1.1681364, 1.3633556, 0.19521929, 0.26490461E-1, 0.73551542
1.1947315, 1.2903509, 0.95619306E-1, 0.24536204E-1, 0.73441434
1.1910074, 1.2814164, 0.90409003E-1, 0.23111686E-1, 0.73330688
1.5539732, 1.5249056, -0.29067479E-1, 0.67528200, 0.73394388
1.5164216, 1.5876212, 0.71199887E-1, 0.57223165, 0.73623055
1.2206813, 1.2434390, 0.22757705E-1, 0.20999815E-1, 0.73565841
1.2518705, 1.1573706, -0.94500050E-1, 0.15691256E-1, 0.73452073
1.0525547, 1.0527381, 0.18335879E-3, 0.10543667E-1, 0.73336631
1.5547423, 1.0811199, -0.47362247, 0.17565678, 0.73245364
1.7083659, 1.0571804, -0.65118557, 0.19064692, 0.73214644
1.6808770, 1.0730443, -0.60783261, 0.20698242, 0.73199242
1.2948481, 1.0697701, -0.22507790, 0.11377554, 0.73157555
1.2531012, 1.0636730, -0.18942836, 0.15513444, 0.73080093
2.0284469, 1.2780796, -0.75036716, 0.97061539, 0.73225808
2.2748206, 1.6734941, -0.60132641, 2.2563062, 0.73947841
2.5864034, 1.6668222, -0.91958106, 2.1025157, 0.74891979
2.0426116, 1.6630210, -0.37959096, 1.3340232, 0.75617045
1.5020545, 1.5885559, 0.86501718E-1, 0.55548692, 0.75893050
1.2192521, 1.5629202, 0.34366813, 0.12797739, 0.75909990
1.2026325, 1.4128855, 0.21025294, 0.15625007E-1, 0.75801688
1.2001328, 1.3919703, 0.19183750, 0.14638877E-1, 0.75682926
1.2927288, 1.1600237, -0.13270508, 0.72228990E-1, 0.75585252
1.2804899, 1.1484921, -0.13199782, 0.10481734E-1, 0.75471479
1.5797845, 1.1268041, -0.45298040, 0.30240971, 0.75398582
1.7828439, 1.3520404, -0.43080357, 1.0886357, 0.75602585
1.8300323, 1.4851161, -0.34491622, 1.5154777, 0.76132840
2.3173985, 1.4989179, -0.81848037, 1.4711009, 0.76834136
1.7917320, 1.3030857, -0.48864615, 0.46856850, 0.77114099
1.4843693, 1.2618027, -0.22256665, 0.11826175, 0.77101701
1.4108740, 1.3550591, -0.55815108E-1, 0.70904128E-1, 0.77014488
1.3708334, 1.4480613, 0.77227764E-1, 0.51397879E-1, 0.76915526
1.3553419, 1.4670883, 0.11174637, 0.28402990E-1, 0.76806480
1.3672184, 1.4271728, 0.59954554E-1, 0.79552541E-2, 0.76686740
1.2478132, 1.3563269, 0.10851374, 0.40775696E-2, 0.76561815
1.3088350, 1.5493555, 0.24052045, 0.20671014E-1, 0.76457340
1.1940944, 1.5353044, 0.34121001, 0.19148683E-1, 0.76371497
1.2553152, 1.7466580, 0.49134251, 0.18000443E-1, 0.76285172
1.2716000, 1.8199074, 0.54830772, 0.17617349E-1, 0.76198643
1.3375577, 1.5592899, 0.22173235, 0.17617349E-1, 0.76112229
1.3432089, 1.1452008, -0.19800788, 0.17617349E-1, 0.76025945
1.3422878, 1.1282541, -0.21403363, 0.17617349E-1, 0.75939804
1.3424530, 1.0843291, -0.25812399, 0.29961228E-1, 0.75854450
1.4591599, 1.1199284, -0.33923137, 0.72224088E-1, 0.75793034
1.3398831, 1.1053380, -0.23454490, 0.17617349E-1, 0.75713545
1.3351880, 1.1129766, -0.22221130, 0.39414451E-1, 0.75629324
1.2660165, 1.1921352, -0.73881045E-1, 0.14199984, 0.75577706
1.3670706, 1.0823758, -0.28469464, 0.62050711E-1, 0.75542092
1.5951146, 1.1702219, -0.42489260, 0.19130415, 0.75495225
1.2338841, 1.2017521, -0.32132082E-1, 0.87467670E-1, 0.75479841
2.2210462, 1.9807419, -0.24030429, 2.7521567, 0.75938743
2.4075751, 2.5672281, 0.15965262, 3.1709576, 0.77685159
1.8299146, 1.5814055, -0.24850887, 1.0248995, 0.78407550
1.3040438, 1.2291404, -0.74903451E-1, 0.21468502, 0.78519177
1.4797513, 1.3170558, -0.16269580, 0.16975126, 0.78499275
1.7672035, 1.8999295, 0.13272607, 2.7001243, 0.78993315
1.6989393, 2.0467575, 0.34781814, 3.5976722, 0.80546945
2.7947595, 2.1466160, -0.64814377, 3.9069769, 0.82360530
2.7298768, 1.8397613, -0.89011532, 2.0117610, 0.83800620
1.8340070, 1.3002118, -0.53379512, 0.57503259, 0.84178549
1.7964966, 1.3276392, -0.46885744, 0.61799431, 0.84309870
1.9702771, 1.3865458, -0.58373106, 0.68713880, 0.84558266
2.0450013, 1.3951268, -0.64987463, 0.53386456, 0.84728318
1.4872308, 1.5327226, 0.45491848E-1, 0.34103885, 0.84805828
1.4784656, 1.5009915, 0.22526268E-1, 0.26291594, 0.84836644
2.3925664, 1.4014652, -0.99110144, 0.60819072, 0.84946698
1.5877581, 1.3948462, -0.19291219, 0.15645993, 0.84947443
1.5310361, 1.5543034, 0.23267385E-1, 0.13149312, 0.84872866
1.4119415, 1.4200031, 0.80615208E-2, 0.12611450, 0.84791118
1.3607669, 1.5547045, 0.19393781, 0.12727644, 0.84709162
1.3928053, 1.7813007, 0.38849539, 0.12705491, 0.84627938
1.4526937, 1.6922941, 0.23960018, 0.11915427, 0.84544230
1.4463218, 1.7334753, 0.28715345, 0.11187761, 0.84457558
1.4978805, 1.5701438, 0.72262987E-1, 0.10460050, 0.84367436
1.4614190, 1.6742389, 0.21281999, 0.10102054, 0.84275013
1.4099863, 1.8550260, 0.44503963, 0.41801128, 0.84205747
1.8134313, 2.0036767, 0.19024529, 1.3269324, 0.84450930
2.2621937, 2.8486757, 0.58648223, 4.0841160, 0.85831839
2.5725257, 2.2550297, -0.31749660, 2.4148140, 0.87238067
1.8811729, 1.8334334, -0.47739506E-1, 0.92794955, 0.87866211
1.4734600, 1.6086658, 0.13520578, 0.35804963, 0.87951350
1.5604590, 1.6606145, 0.10015549, 0.25899163, 0.87948340
1.1734111, 1.9480616, 0.77465034, 1.9444736, 0.88114864
1.9934727, 2.4074247, 0.41395190, 3.8509536, 0.89639491
2.3436241, 2.1964703, -0.14715399, 3.3001540, 0.91242486
3.3743978, 2.1094489, -1.2649488, 3.1189485, 0.92695647
3.4962211, 1.8719134, -1.6243078, 2.2748609, 0.93911576
2.8721244, 1.6455538, -1.2265705, 1.4828333, 0.94638282
2.2233200, 1.5659509, -0.65736926, 0.84990817, 0.94997954
2.0309112, 1.4956393, -0.53527164, 0.66211724, 0.95176202
1.7871943, 1.5346619, -0.25253278, 0.55280757, 0.95302099
1.7086623, 1.5590363, -0.14962614, 0.46470594, 0.95375305
1.6827105, 1.5783111, -0.10439938, 0.43519995, 0.95423502
1.6414745, 1.7031133, 0.61638951E-1, 0.40783790, 0.95459962
1.5825927, 1.6305108, 0.47918368E-1, 0.38199902, 0.95483953
2.8856695, 2.0293105, -0.85635871, 2.1271873, 0.95775956
2.7504704, 2.2321913, -0.51827890, 3.0707545, 0.97066426
2.6299071, 2.7796874, 0.14978039, 4.5669432, 0.98509628
2.8227422, 3.8811998, 1.0584574, 7.8307853, 1.0247717
4.2453375, 3.6908576, -0.55447894, 6.9696307, 1.0675548
3.2782927, 2.8770611, -0.40123177, 2.2088463, 1.0908023
3.8938162, 3.1423323, -0.75148445, 2.7783451, 1.1047813
4.5746980, 3.1839836, -1.3907143, 3.2280889, 1.1199270
3.9459424, 2.9523001, -0.99364245, 2.8940840, 1.1352875
3.6612575, 3.1437407, -0.51751751, 2.6573226, 1.1491345
4.3115702, 3.5779798, -0.73358971, 3.1547971, 1.1634185
4.1456251, 3.6782527, -0.46737194, 3.0001645, 1.1794618
4.3799100, 3.3786948, -1.0012153, 3.0965202, 1.1952567
3.8611188, 2.6856825, -1.1754365, 2.7610524, 1.2096432
4.4788795, 2.5542023, -1.9246767, 3.1133204, 1.2257814
4.1693134, 2.6392138, -1.5300996, 3.0668895, 1.2415873
3.3857491, 2.6350436, -0.75070542, 2.4168568, 1.2567534
5.0743427, 3.1653500, -1.9089934, 3.5680394, 1.2714893
4.2336116, 3.3832157, -0.85039568, 3.0845497, 1.2891272
4.7470393, 3.7259183, -1.0211215, 3.4067254, 1.3051462
4.9446611, 3.5287018, -1.4159596, 3.5682595, 1.3227713
5.0823345, 3.3987689, -1.6835655, 3.5846295, 1.3412741
5.0873175, 3.1208253, -1.9664923, 3.6501794, 1.3595438
4.9832020, 3.0708244, -1.9123774, 3.5707817, 1.3772076
4.9939790, 2.6105716, -2.3834074, 3.5457766, 1.3926636
4.9747367, 2.3236690, -2.6510684, 3.1420674, 1.4071649
4.2833972, 2.0697112, -2.2136860, 2.5722575, 1.4197289
4.0170598, 1.8370662, -2.1799936, 2.3692729, 1.4298978
3.2664869, 1.5837253, -1.6827615, 1.7546321, 1.4372820
3.6447790, 1.2363285, -2.4084506, 1.2504508, 1.4414603
3.3261189, 1.1963929, -2.1297257, 1.0944700, 1.4443831
2.9937072, 1.4387393, -1.5549676, 1.9555956, 1.4476377
4.5892816, 2.0756097, -2.5136719, 3.9852355, 1.4609658
5.2203407, 2.4158161, -2.8045251, 4.9291124, 1.4806427
4.9254336, 2.5325332, -2.3929002, 4.4717193, 1.5024043
4.1721916, 2.5910976, -1.5810938, 3.6464581, 1.5191425
4.6008549, 3.0956903, -1.5051649, 3.3042376, 1.5356150
4.9242721, 3.5415430, -1.3827299, 3.5391476, 1.5533561
5.4651794, 3.6764119, -1.7887679, 3.9315708, 1.5715556
5.0744381, 3.8507149, -1.2237231, 3.6464686, 1.5901829
4.7809486, 3.8363144, -0.94463319, 3.4360187, 1.6079634
5.9027214, 3.6433752, -2.2593467, 4.2384977, 1.6269466
5.3228335, 3.3429315, -1.9799020, 3.8245993, 1.6467353
5.4774671, 3.6757517, -1.8017159, 3.9469860, 1.6654259
5.8069987, 3.4622304, -2.3447688, 4.1818423, 1.6859499
4.9076157, 4.1101141, -0.79750139, 3.5138443, 1.7048646
5.1784678, 3.5621407, -1.6163278, 3.7094476, 1.7218814
4.9210477, 3.1769187, -1.7441285, 3.5257609, 1.7398930
6.0694275, 3.2475219, -2.8219056, 4.3545957, 1.7590853
6.1369472, 3.3456597, -2.7912879, 4.4037218, 1.7807955
5.5252161, 3.2094603, -2.3157561, 3.9654689, 1.8019556
5.0546136, 3.3718526, -1.6827611, 3.6194494, 1.8204961
5.1026521, 3.4740841, -1.6285683, 3.6521778, 1.8371749
5.4997764, 4.1818094, -1.3179668, 3.9364059, 1.8557992
5.5221143, 4.2473483, -1.2747664, 3.9436729, 1.8746457
5.5242257, 4.1898956, -1.3343304, 3.9481602, 1.8937044
5.1714640, 3.8116040, -1.3598604, 3.6258574, 1.9107169
5.6616364, 3.3530579, -2.3085783, 4.0834823, 1.9272650
4.1958041, 3.2838671, -0.91193634, 3.0354640, 1.9441299
4.2217073, 3.4591157, -0.76259154, 3.0244610, 1.9583412
5.5520773, 4.4602556, -1.0918225, 3.9508522, 1.9734015
5.5677257, 4.2203507, -1.3473746, 3.9823127, 1.9917368
5.6355505, 4.0026903, -1.6328598, 3.9738874, 2.0102272
5.2393479, 3.4941411, -1.7452071, 3.5336399, 2.0259926
4.6338201, 2.9944329, -1.6393872, 2.9052174, 2.0383294
4.5608964, 2.3850389, -2.1758575, 2.9238112, 2.0482192
5.1664734, 2.6294742, -2.5369987, 3.5290766, 2.0603709
5.2376027, 2.7023060, -2.5352967, 3.9775064, 2.0736246
5.8813496, 2.7424154, -3.1389339, 4.2888951, 2.0896137
6.0884295, 2.8003745, -3.2880549, 4.1388869, 2.1063681
4.7689304, 2.5338924, -2.2350378, 2.9844337, 2.1205468
4.1433363, 2.1662745, -1.9770614, 2.4453483, 2.1296344
4.2341514, 1.7582067, -2.4759440, 2.0528183, 2.1365032
5.3269491, 2.3189161, -3.0080323, 3.7581313, 2.1464336
4.3222480, 1.9522905, -2.3699570, 2.4356732, 2.1571386
3.7521951, 1.5866140, -2.1655817, 1.6961240, 2.1624835
3.6652310, 1.5600172, -2.1052136, 1.4616301, 2.1654193
5.4915037, 2.4906638, -3.0008404, 4.2713146, 2.1727822
4.9246044, 2.6257474, -2.2988579, 4.4408183, 2.1933143
4.0059743, 1.7956606, -2.2103133, 2.1067317, 2.2031758
3.3146856, 1.7429929, -1.5716927, 1.4894694, 2.2070410
3.3185499, 1.5700885, -1.7484616, 1.2132589, 2.2092292
3.2732577, 1.5758032, -1.6974543, 0.96532774, 2.2102671
2.9378781, 1.6453922, -1.2924860, 0.73424655, 2.2102687
3.8477349, 1.6526068, -2.1951284, 1.2823097, 2.2106264
5.1353426, 2.2595348, -2.8758073, 2.7169347, 2.2158251
4.5888519, 2.5433791, -2.0454729, 3.3652823, 2.2268162
3.4950721, 1.8110013, -1.6840709, 1.6694973, 2.2345502
3.2534981, 1.5936006, -1.6598972, 0.97934657, 2.2354066
2.9978945, 1.7419801, -1.2559141, 1.3885052, 2.2369704
3.7580733, 1.8220608, -1.9360127, 1.5168481, 2.2408102
4.9209223, 1.8966202, -3.0243018, 2.3226712, 2.2433312
4.1204448, 1.9646379, -2.1558077, 2.0470028, 2.2519825
3.0334859, 1.4879769, -1.5455089, 0.56378514, 2.2527077
5.0386596, 4.6058903, -0.43276882, 9.9287271, 2.2706940
6.3606215, 3.8618386, -2.4987824, 7.1609554, 2.3180432
5.8089037, 3.5142844, -2.2946191, 4.0063171, 2.3381131
5.1683021, 2.6957145, -2.4725878, 3.2984436, 2.3516634
3.9596543, 2.5735636, -1.3860912, 2.5950811, 2.3620298
3.5543466, 2.2307391, -1.3236078, 2.3160617, 2.3692267
4.2367930, 2.2756925, -1.9611006, 3.7243943, 2.3769324
6.0119319, 3.7957642, -2.2161682, 4.5410333, 2.3961642
6.8902984, 3.8379683, -3.0523300, 4.9460597, 2.4174919
5.8360023, 3.9781716, -1.8578308, 4.2198806, 2.4395659
6.7966828, 4.0624056, -2.7342768, 4.8681021, 2.4595482
6.2153330, 4.2508359, -1.9644974, 4.4668550, 2.4810433
5.5157461, 4.1331453, -1.3826009, 3.8832958, 2.4993069
5.0482759, 3.7543805, -1.2938949, 3.4141867, 2.5134995
4.7576151, 2.9448152, -1.8127999, 2.9409335, 2.5246668
3.8086584, 2.5896623, -1.2189964, 2.4961908, 2.5333426
3.9969826, 2.2106862, -1.7862962, 2.2988648, 2.5397956
5.4260240, 3.2910235, -2.1349998, 5.1414733, 2.5525811
5.1889949, 4.4402952, -0.74869871, 3.6868961, 2.5726159
5.2144303, 3.7545815, -1.4598491, 3.4914949, 2.5862062
5.6339259, 2.9303715, -2.7035539, 3.6211460, 2.5984545
3.8216567, 2.3659704, -1.4556862, 2.9162328, 2.6107156
5.9866705, 2.5206809, -3.4659898, 3.9942300, 2.6205342
5.9789486, 2.9101205, -3.0688286, 4.5808001, 2.6366098
6.1987977, 3.2371943, -2.9616039, 4.6015882, 2.6544960
6.5628223, 3.4295847, -3.1332381, 4.9035735, 2.6745713
6.8050108, 3.8788352, -2.9261751, 4.8864927, 2.6962776
5.4593773, 3.6297507, -1.8296266, 3.9836967, 2.7170084
5.4318066, 3.7857645, -1.6460419, 3.9025273, 2.7337720
6.4670248, 3.8659966, -2.6010284, 4.6074257, 2.7511070
5.8670325, 3.7984982, -2.0685351, 4.2417049, 2.7710457
6.9921398, 3.6188271, -3.3733127, 4.9970403, 2.7904224
5.4518385, 3.8307583, -1.6210793, 3.9498808, 2.8095016
5.6426921, 3.8111234, -1.8315694, 3.9333036, 2.8223095
5.2278299, 3.5926392, -1.6351912, 3.5227001, 2.8341293
4.8451400, 2.8409505, -2.0041893, 3.2249765, 2.8436182
5.9940662, 2.7360687, -3.2579980, 4.0135341, 2.8533478
4.7251792, 2.5251718, -2.2000079, 3.0874310, 2.8639412
3.8119087, 2.2992568, -1.5126520, 2.4551866, 2.8702576
3.2431498, 2.6513193, -0.59183043, 3.3129392, 2.8762023
4.8873343, 4.2196774, -0.66765666, 3.5391593, 2.8872235
4.9013276, 3.4295540, -1.4717739, 3.5084853, 2.8987257
5.6714611, 4.1599913, -1.5114692, 4.0534000, 2.9117727
5.2748270, 4.2788754, -0.99595153, 3.7518322, 2.9244719
5.5132780, 4.3787141, -1.1345625, 3.9811752, 2.9377415
5.6163535, 3.8562491, -1.7601045, 3.8780596, 2.9501209
5.2229781, 2.9289746, -2.2940035, 3.5229237, 2.9613926
6.5085778, 3.4353704, -3.0732074, 5.0551424, 2.9757612
6.3959994, 3.9428842, -2.4531147, 4.5888138, 2.9930055
6.4342222, 3.8627717, -2.5714509, 4.6335549, 3.0096941
6.7183962, 3.7005174, -3.0178778, 4.8089576, 3.0266531
5.8907204, 3.9862237, -1.9044966, 4.2264619, 3.0434532
5.5871520, 3.6725106, -1.9146409, 3.8608544, 3.0565641
5.3259277, 3.1862772, -2.1396511, 3.6560307, 3.0675871
5.8326836, 3.1641195, -2.6685638, 4.0797472, 3.0788658
6.2089424, 2.7407136, -3.4682293, 4.1585355, 3.0904779
5.3742275, 2.6351657, -2.7390621, 3.5003436, 3.1018274
6.2673059, 2.5504041, -3.7169013, 4.5215716, 3.1120205
5.3406534, 2.6586399, -2.6820145, 3.9030385, 3.1242969
6.0175591, 4.2404890, -1.7770693, 4.9576931, 3.1393511
5.4495273, 4.1962094, -1.2533177, 3.9257252, 3.1535740
5.7271090, 4.0902567, -1.6368514, 4.0954390, 3.1663456
2.1985543, 3.0056548, 0.80710059, 1.6698158, 3.1751556
6.3267884, 3.5404875, -2.7863009, 4.4812603, 3.1832905
6.7845225, 3.0290196, -3.7555025, 4.8405638, 3.1993883
7.5078678, 3.2474625, -4.2604055, 5.3546195, 3.2171199
6.4859209, 3.6926730, -2.7932487, 4.7108130, 3.2357185
6.3227873, 3.8322577, -2.4905295, 4.5358095, 3.2517369
5.9766750, 3.5531745, -2.4235015, 4.2035208, 3.2661650
5.8786507, 3.2786529, -2.5999973, 3.9858561, 3.2786458
5.7124252, 2.8157489, -2.8966765, 3.7758951, 3.2895153
5.0098848, 2.4579403, -2.5519447, 3.1594288, 3.2987270
4.6953349, 2.0348051, -2.6605303, 2.8483891, 3.3050623
5.3616986, 1.6860130, -3.6756854, 2.8640506, 3.3103132
4.8350668, 1.5017600, -3.3333066, 2.5659804, 3.3145616
4.4999337, 1.4438561, -3.0560772, 2.2144980, 3.3158190
4.2138262, 1.4451494, -2.7686770, 1.9988178, 3.3143339
3.8553758, 1.4900748, -2.3653009, 1.7944517, 3.3108978
3.6294713, 1.4332036, -2.1962674, 1.4898658, 3.3052690
3.8591785, 1.1826761, -2.6765025, 1.1753964, 3.2970057
3.7949119, 1.1768925, -2.6180201, 0.93122602, 3.2862976
3.6752496, 1.2097942, -2.4654551, 0.81937027, 3.2739098
3.5865443, 1.2424814, -2.3440628, 0.75290763, 3.2607956
3.5745058, 1.2618209, -2.3126850, 0.69935930, 3.2471161
3.4228046, 1.3362596, -2.0865443, 0.66118240, 3.2330568
3.3798575, 1.3911164, -1.9887409, 0.62683648, 3.2187326
3.3275309, 1.3990731, -1.9284577, 0.57736802, 3.2039919
3.3060558, 1.4210145, -1.8850415, 0.53883272, 3.1889102
3.3828883, 1.4375327, -1.9453559, 0.50189275, 3.1735220
3.2340698, 1.4224898, -1.8115798, 0.47621685, 3.1579087
3.2206430, 1.5415159, -1.6791272, 0.45458552, 3.1421509
3.3825085, 1.4768747, -1.9056338, 0.42128301, 3.1261523
3.1195557, 1.5783428, -1.5412128, 0.38951358, 3.1099510
3.1393430, 1.6039991, -1.5353441, 0.34847942, 3.0934060
3.4019260, 1.5386593, -1.8632668, 0.29763529, 3.0764158
3.4276407, 1.4991325, -1.9285078, 0.24664663, 3.0587809
3.2758803, 1.5611053, -1.7147746, 0.22440355, 3.0408964
3.2701797, 1.5983107, -1.6718690, 0.21199881, 3.0230896
3.1768510, 1.6486046, -1.5282464, 0.19807407, 3.0052221
3.1432297, 1.6852602, -1.4579695, 0.18827175, 2.9872959
3.1904547, 1.7151942, -1.4752607, 0.17757560, 2.9693527
3.2138731, 1.8081603, -1.4057125, 0.16879089, 2.9513750
3.0112896, 1.8183707, -1.1929188, 0.15767805, 2.9333665
3.0966194, 1.8899736, -1.2066456, 0.14473817, 2.9153817
3.1589284, 1.8533474, -1.3055807, 0.12892289, 2.8973229
3.0065045, 1.8994416, -1.1070629, 0.12217674, 2.8792188
3.0302954, 1.9586914, -1.0716040, 0.11604031, 2.8611839
3.0095990, 1.9844583, -1.0251404, 0.10667004, 2.8432236
3.0263789, 2.0328159, -0.99356300, 0.93170606E-1, 2.8251650
3.0441821, 2.0421684, -1.0020136, 0.78867257E-1, 2.8068483
3.0687928, 2.0609324, -1.0078604, 0.65727115E-1, 2.7968919
2.9845054, 2.1725283, -0.81197739, 0.64281218E-1, 2.7925265
2.8984160, 2.1360714, -0.76234448, 0.60437560E-1, 2.7881563
2.8334026, 2.3296790, -0.50372398, 0.55272341E-1, 2.7837737
2.8017080, 2.3791034, -0.42260459, 0.48558820E-1, 2.7793739
2.8157473, 2.3445642, -0.47118312, 0.43059729E-1, 2.7749546
2.6204047, 2.4172652, -0.20313922, 0.61700356, 2.7709236
3.6034722, 2.6608508, -0.94262135, 1.8371673, 2.7726974
3.6940842, 2.6273720, -1.0667119, 1.1977777, 2.7750418
2.9192538, 2.3664353, -0.55281866, 0.20844562, 2.7728937
3.0266972, 2.3437231, -0.68297404, 0.31256314E-1, 2.7685499
2.9542408, 2.1725733, -0.78166717, 0.25728952E-1, 2.7640746
2.9915948, 2.1417241, -0.84987050, 0.22720598E-1, 2.7595894
2.9889102, 2.2860081, -0.70290184, 0.22926625E-1, 2.7551086
3.0102847, 2.2886243, -0.72166020, 0.31334866E-1, 2.7506688
2.8847117, 2.3004971, -0.58421487, 0.17516840E-1, 2.7461910
2.9203277, 2.3694649, -0.55086315, 0.14834756E-1, 2.7417030
2.6965272, 2.2957263, -0.40080124, 0.13258163E-1, 2.7372115
2.9936099, 2.3849816, -0.60862809, 0.10427547E-1, 2.7327213
3.0111494, 2.3255074, -0.68564188, 0.56247227E-2, 2.7282217
2.8923540, 2.3557174, -0.53663689, 0.12392042E-2, 2.7237089
2.9816933, 2.3668652, -0.61482859, 0.0000000, 2.7191906
2.9468298, 2.3884490, -0.55838037, 0.0000000, 2.7146790
2.8538785, 2.4140921, -0.43978637, 0.0000000, 2.7101753
2.8500376, 2.4735415, -0.37649620, 0.0000000, 2.7056787
2.7966211, 2.5402474, -0.25637329, 0.0000000, 2.7011893
2.7914076, 2.5918031, -0.19960493, 0.0000000, 2.6967080
2.8487072, 2.5926962, -0.25601119, 0.0000000, 2.6922338
2.8347797, 2.5499268, -0.28485340, 0.0000000, 2.6877670
2.9382248, 2.5495858, -0.38863897, 0.0000000, 2.6833079
2.9967282, 2.4393206, -0.55740732, 0.0000000, 2.6788561
2.9040711, 2.3916032, -0.51246774, 0.0000000, 2.6744118
2.8516705, 2.5945997, -0.25707087, 0.0000000, 2.6699741
2.7443945, 2.7368186, -0.75759590E-2, 0.0000000, 2.6655445
2.9119601, 2.3696558, -0.54230410, 0.0000000, 2.6611216
2.9103894, 2.3960381, -0.51435113, 0.0000000, 2.6567068
2.9077249, 2.2427425, -0.66498232, 0.0000000, 2.6522989
2.8902462, 2.1786859, -0.71156001, 0.0000000, 2.6478994
2.8984725, 2.3888996, -0.50957286, 0.0000000, 2.6435053
2.8500347, 2.5485773, -0.30145741, 0.0000000, 2.6391194
2.8470516, 2.6658933, -0.18115810, 0.0000000, 2.6347408
2.8953023, 2.3382816, -0.55702031, 0.0000000, 2.6303694
2.8829582, 2.3206522, -0.56230617, 0.0000000, 2.6260054
2.8683300, 2.4640465, -0.40428329, 0.0000000, 2.6216483
2.8869286, 2.3561680, -0.53076053, 0.0000000, 2.6172986
2.8721437, 2.3657000, -0.50644338, 0.0000000, 2.6129565
2.9496894, 2.4578793, -0.49181020, 0.0000000, 2.6086211
2.8463187, 2.5695775, -0.27674103, 0.0000000, 2.6042931
2.8331742, 2.7062602, -0.12691379, 0.0000000, 2.5999720
2.7900825, 2.8443775, 0.54294981E-1, 0.0000000, 2.5956581
2.9409764, 2.5578251, -0.38315099, 0.0000000, 2.5913525
2.9162638, 2.4977000, -0.41856393, 0.0000000, 2.5870531
2.8661866, 2.7680919, -0.98094292E-1, 0.0000000, 2.5827606
2.8639703, 2.8365104, -0.27460091E-1, 0.0000000, 2.5784757
