3.7082899, 4.9411640, 1.2328750, 4.6197605, 3.4579372
3.7276480, 4.2578502, 0.53020167, 4.6112294, 3.4694109
2.5801132, 3.6087241, 1.0286113, 4.3725405, 3.4809926
3.2868862, 3.3724356, 0.85549816E-1, 3.9390800, 3.4923055
4.0799541, 2.9674175, -1.1125361, 2.4619825, 3.4976494
3.9344807, 2.4274161, -1.5070646, 1.7479614, 3.4993045
2.3378837, 1.6182891, -0.71959478, 1.1748910, 3.4989350
1.6067652, 0.98302251, -0.62374276, 0.21750224, 3.4915621
2.8142672, 1.0880491, -1.7262181, 0.41313574, 3.4862387
3.0332384, 1.2260286, -1.8072098, 0.81773889, 3.4826400
2.0813506, 0.95160383, -1.1297466, 0.43663797, 3.4789114
4.0211725, 1.2653984, -2.7557738, 0.54647893, 3.4727671
4.0118427, 1.3753012, -2.6365411, 0.64109290, 3.4639521
3.9720824, 1.0640119, -2.9080703, 0.85944521, 3.4579382
3.6211200, 1.7378461, -1.8832741, 1.1863363, 3.4533217
4.0091910, 1.5975982, -2.4115932, 1.1448414, 3.4489319
4.2199397, 1.4726562, -2.7472839, 1.0163665, 3.4436369
4.2037044, 1.4210343, -2.7826691, 0.74869657, 3.4366961
4.0315156, 1.4684876, -2.5630276, 0.71691722, 3.4285820
3.8887842, 1.4364939, -2.4522903, 0.94668490, 3.4202960
3.7115569, 1.6314354, -2.0801215, 1.0475531, 3.4123719
4.7033701, 1.6978736, -3.0054965, 1.2903265, 3.4049089
3.8967237, 1.7936949, -2.1030290, 1.0345218, 3.3983366
3.7541575, 1.4538112, -2.3003469, 0.81375766, 3.3885591
3.4340858, 1.8491235, -1.5849625, 0.83523667, 3.3780320
3.5249476, 1.7898145, -1.7351328, 0.73124027, 3.3667276
3.3721497, 1.7584918, -1.6136577, 0.63819695, 3.3544500
0.84273952, 1.3656683, 0.52292889, 0.50416267, 3.3411858
0.72862750, 1.4242672, 0.69563961, 0.34030041, 3.3268664
1.1691859, 1.3621073, 0.19292137, 0.29209110, 3.3120601
1.8892145, 1.6740590, -0.21515548, 0.31032130, 3.2971365
3.1965752, 1.7753252, -1.4212501, 0.32088161, 3.2820332
3.1857510, 1.7142683, -1.4714828, 0.33873180, 3.2667954
2.3857155, 1.6228712, -0.76284420, 0.34212518, 3.2514496
3.1797166, 1.7486297, -1.4310867, 0.31717625, 3.2359695
3.0954251, 1.8722240, -1.2232009, 0.32853690, 3.2203591
3.0329781, 1.9186624, -1.1143159, 0.32144311, 3.2045906
3.0330153, 1.9945159, -1.0384992, 0.31965217, 3.1886446
2.9531167, 1.6059886, -1.3471280, 0.34088427, 3.1725314
3.1961377, 1.5080423, -1.6880953, 0.78206170, 3.1573133
0.74565405, 3.0880628, 2.3424087, 4.8150887, 3.1584618
5.5191407, 3.9164648, -1.6026762, 4.7686162, 3.1724494
4.8387799, 2.9462540, -1.8925258, 3.2585974, 3.1819594
5.5159769, 2.8694646, -2.6465123, 2.8719480, 3.1876881
5.6068487, 3.0013864, -2.6054621, 2.6536162, 3.1922445
4.6176910, 2.9466476, -1.6710436, 2.4145346, 3.1957161
5.3315859, 2.6958649, -2.6357210, 2.4119785, 3.1985979
5.2336240, 2.5701668, -2.6634572, 4.2795115, 3.2257020
4.5541573, 2.3289349, -2.2252223, 3.7968743, 3.2733319
4.7652140, 2.1485450, -2.6166687, 3.5305157, 3.3179970
4.3766565, 2.3493831, -2.0272732, 3.5396504, 3.3609724
3.5743518, 2.4593866, -1.1149656, 3.4941156, 3.4026520
4.1740518, 2.5767329, -1.5973192, 3.4257388, 3.4429615
3.5806568, 2.4544897, -1.1261675, 3.3675022, 3.4818404
3.4160635, 2.1630983, -1.2529653, 3.2700319, 3.5192769
6.0642581, 2.8015041, -3.2627540, 6.6359673, 3.5638819
5.4618216, 2.7620728, -2.6997478, 6.5105681, 3.6213706
6.2005644, 2.3707864, -3.8297775, 5.2923336, 3.6753216
6.7264915, 2.3597927, -4.3666983, 5.0199256, 3.7261734
6.1237960, 2.5135183, -3.6102765, 4.7584772, 3.7751729
5.6265697, 2.2272782, -3.3992910, 4.1091032, 3.8200665
5.9499364, 2.3808818, -3.5690553, 5.5711432, 3.8672428
5.8982501, 2.7069502, -3.1912994, 6.6107378, 3.9192638
6.7058544, 2.9697056, -3.7361484, 7.1144762, 3.9772346
7.0620546, 4.4795852, -2.5824704, 9.2236938, 4.0376415
7.4822855, 4.7660275, -2.7162569, 9.0576792, 4.1075096
7.3749437, 3.9298313, -3.4451120, 6.9664865, 4.1700525
7.7475486, 4.1062641, -3.6412840, 6.5710144, 4.2280164
8.0141401, 3.6737742, -4.3403668, 6.5455484, 4.2845588
7.8419285, 3.6742783, -4.1676497, 6.6218829, 4.3411360
7.1480246, 3.8124092, -3.3356152, 6.1689730, 4.3967271
7.2246900, 5.1415238, -2.0831659, 8.8502235, 4.4553437
7.6323137, 5.0924730, -2.5398407, 7.3210559, 4.5201211
7.0415688, 5.3254113, -1.7161580, 6.4085288, 4.5784950
6.6932402, 4.6244507, -2.0687888, 5.8896532, 4.6332345
6.7322016, 4.1550279, -2.5771737, 5.7432680, 4.6863604
6.3292284, 4.1418943, -2.1873343, 5.3919320, 4.7383885
6.1183333, 3.5999372, -2.5183966, 3.1926849, 4.7625337
5.3162174, 3.6861308, -1.6300863, 2.8560166, 4.7649875
5.6945753, 2.1035612, -3.5910141, 2.2858794, 4.7653546
6.1076951, 2.0142028, -4.0934920, 2.4019103, 4.7651424
6.5466957, 2.0467074, -4.4999886, 2.6672723, 4.7653518
6.8173060, 2.3772752, -4.4400306, 2.9019969, 4.7660823
5.9232101, 2.7794778, -3.1437323, 3.0989134, 4.7673984
5.7250338, 3.0102754, -2.7147584, 2.6520472, 4.7668958
5.3659058, 2.6163206, -2.7495852, 2.3729572, 4.7634683
4.9934082, 3.0130420, -1.9803661, 2.2449753, 4.7581353
4.6542797, 2.7692573, -1.8850223, 2.1539099, 4.7513537
4.2185073, 3.3397210, -0.87878633, 2.0699544, 4.7436528
4.5326276, 2.5334892, -1.9991385, 1.9106510, 4.7346721
4.3759131, 2.9390712, -1.4368420, 1.8108553, 4.7245803
4.3225827, 2.8538620, -1.4687207, 1.6500877, 4.7130213
4.1436825, 2.8091049, -1.3345778, 1.5059935, 4.6996856
4.2270651, 2.4133096, -1.8137555, 1.3481683, 4.6848168
4.3457298, 2.1969318, -2.1487987, 1.2131364, 4.6686110
4.1759772, 2.5331750, -1.6428020, 1.1906270, 4.6514640
3.8718920, 2.3411856, -1.5307066, 1.1005588, 4.6330304
5.5928788, 2.4413712, -3.1515076, 2.2119875, 4.6162314
7.4238815, 3.1272218, -4.2966585, 5.0004888, 4.6177278
6.5800972, 3.0825245, -3.4975719, 4.2183256, 4.6243834
5.2156806, 2.9735851, -2.2420945, 2.2184954, 4.6222501
4.4020243, 2.6668117, -1.7352132, 1.0451211, 4.6066318
4.0565214, 3.2464013, -0.81011993, 0.89332247, 4.5860009
4.1329904, 2.9835763, -1.1494141, 0.85290307, 4.5645843
4.3531647, 2.3536875, -1.9994767, 0.83306003, 4.5427728
1.9189019, 3.1434436, 1.2245417, 4.5122485, 4.5293732
8.0280209, 4.4440894, -3.5839317, 8.5249529, 4.5452428
6.7461367, 3.8296599, -2.9164772, 5.7229557, 4.5624537
6.2467885, 2.8524275, -3.3943605, 3.7344248, 4.5693021
6.7447410, 2.9066527, -3.8380878, 3.4182470, 4.5729642
5.2893181, 2.8772993, -2.4120188, 2.5703018, 4.5729699
4.9880695, 2.7573035, -2.2307661, 2.0034804, 4.5676880
4.4529471, 2.8557258, -1.5972203, 1.7452800, 4.5588336
3.9446137, 2.8306928, -1.1139209, 1.5346014, 4.5475230
4.1871362, 2.4480937, -1.7390431, 1.4105465, 4.5342984
1.5149772, 2.7138526, 1.1988757, 3.3120279, 4.5261703
1.2071626, 3.0197325, 1.8125706, 4.1051683, 4.5313168
4.9909515, 3.2807412, -1.7102103, 4.2991366, 4.5372548
7.2554340, 3.5156372, -3.7397966, 3.8666425, 4.5440054
6.0584269, 3.2476206, -2.8108063, 2.8999767, 4.5478973
5.2773218, 2.9010372, -2.3762853, 2.2593009, 4.5474429
4.9487548, 2.9344177, -2.0143371, 2.6716387, 4.5441566
6.3315954, 5.0661969, -1.2653983, 7.6029320, 4.5524883
5.1492682, 7.4422488, 2.2929811, 6.1089993, 4.5746799
7.3047976, 6.5526857, -0.75211143, 4.1191258, 4.5847054
6.7097840, 6.0343494, -0.67543566, 3.9275229, 4.5927358
6.7760897, 5.5906191, -1.1854707, 3.5641170, 4.5987105
8.0435410, 3.9814157, -4.0621257, 3.4645691, 4.6032267
6.0124483, 4.6456366, -1.3668123, 3.2166288, 4.6072206
5.6215830, 4.1117625, -1.5098203, 2.8664005, 4.6095915
5.1088538, 4.1864271, -0.92242622, 2.5043879, 4.6105733
5.0025125, 3.5976362, -1.4048768, 2.1091757, 4.6090698
4.5758629, 3.3690894, -1.2067730, 1.7945729, 4.6045146
6.4329157, 3.8990638, -2.5338516, 3.5362580, 4.6005979
5.2757077, 4.1407533, -1.1349560, 3.4164562, 4.6057348
3.7921612, 3.3508065, -0.44135472, 1.9642094, 4.6043625
4.0084429, 3.3539729, -0.65446949, 1.3380998, 4.5951295
5.0711980, 4.1066422, -0.96455652, 3.3582895, 4.5862846
5.5246224, 4.2926579, -1.2319653, 3.6283019, 4.5913134
4.4071770, 3.3715036, -1.0356743, 2.0346172, 4.5908680
3.9672461, 3.3195312, -0.64771444, 1.0758313, 4.5802655
3.6863499, 3.5285032, -0.15784660, 0.77978235, 4.5623088
3.3654215, 3.0235758, -0.34184578, 0.73924619, 4.5425105
2.8691120, 2.6037130, -0.26539874, 0.84354031, 4.5229754
3.5627577, 2.7385900, -0.82416797, 0.69674587, 4.5024886
6.7992282, 4.6702766, -2.1289515, 5.8635077, 4.4947195
4.7168965, 4.7929907, 0.76093674E-1, 5.0922332, 4.5069952
5.0704556, 4.1981683, -0.87228745, 2.9643254, 4.5126615
4.6070838, 3.1933713, -1.4137121, 1.8665068, 4.5072427
4.3600550, 3.1650326, -1.1950225, 1.4860121, 4.5000443
3.9439685, 2.8902340, -1.0537344, 0.88762432, 4.4838862
6.0510139, 3.7528949, -2.2981195, 3.6397452, 4.4756613
6.9647093, 2.8426695, -4.1220398, 2.2101521, 4.4760666
5.4250679, 2.3525729, -3.0724938, 0.52936625, 4.4576125
5.2798595, 2.4245162, -2.8553429, 0.42163873, 4.4336848
5.0904627, 2.4916511, -2.5988119, 0.30491093, 4.4081769
4.7334032, 2.4650350, -2.2683692, 0.23143086, 4.3816133
3.5079639, 3.6701572, 0.16219313, 0.19490823, 4.3545542
3.6909184, 3.0853729, -0.60554570, 0.14258361, 4.3271379
5.0595236, 4.1284833, -0.93104011, 4.5614829, 4.3078279
5.0372691, 3.7469864, -1.2902825, 3.2472043, 4.3135600
4.0801754, 3.4853735, -0.59480244, 1.4203385, 4.2962294
6.6316042, 4.8659253, -1.7656791, 6.9289713, 4.2960978
5.5332365, 4.9047966, -0.62843889, 7.6967969, 4.3136597
3.9648192, 4.5586014, 0.59378219, 5.6180120, 4.3306637
6.0022440, 4.1107111, -1.8915328, 3.3397887, 4.3376656
4.9450822, 3.7545404, -1.1905411, 2.0798883, 4.3374867
5.8872747, 3.9658079, -1.9214660, 3.3032901, 4.3327427
5.1320996, 4.6259928, -0.50610542, 2.9728980, 4.3369036
4.2743511, 3.8910267, -0.38332418, 1.4109702, 4.3310475
3.8752503, 3.4275572, -0.44769368, 1.3371171, 4.3175797
4.2243304, 3.6489956, -0.57533461, 1.2945472, 4.3074222
5.3271012, 2.5984950, -2.7286067, 1.0398157, 4.2905426
9.0522413, 7.6120667, -1.4401739, 13.096213, 4.3008013
8.5077477, 7.0512457, -1.4565022, 7.6151257, 4.3366532
7.2538691, 7.0038543, -0.25001544, 5.1539974, 4.3521152
7.0307484, 6.9706392, -0.60109764E-1, 4.2015562, 4.3623037
6.5897388, 6.7394543, 0.14971633, 4.2746677, 4.3700423
6.9326806, 5.9107976, -1.0218827, 4.0080895, 4.3780208
6.7519178, 5.8325486, -0.91937023, 3.8363614, 4.3847561
6.3327365, 5.0093703, -1.3233662, 3.3504510, 4.3900084
5.4714079, 5.1765027, -0.29490584, 2.8157423, 4.3933663
6.7910357, 8.0283136, 1.2372783, 6.0249982, 4.4011574
7.7007055, 8.0597506, 0.35904393, 5.8977957, 4.4158878
6.4573150, 10.571404, 4.1140890, 4.3936391, 4.4299469
6.4334598, 8.5248652, 2.0914063, 3.5551844, 4.4372272
6.2614746, 7.4888644, 1.2273899, 3.2193103, 4.4422498
7.3590312, 6.0014925, -1.3575381, 4.0169044, 4.4467144
5.3287926, 8.8169718, 3.4881783, 4.4457808, 4.4553027
6.1476192, 7.0247850, 0.87716621, 3.4152198, 4.4622779
5.7493625, 6.0516124, 0.30225009, 2.6467991, 4.4654536
5.1707077, 5.0594692, -0.11123865, 2.2308190, 4.4660273
5.0574169, 4.6034784, -0.45393735, 1.9913362, 4.4650002
4.5891471, 4.1560059, -0.43314105, 1.5360940, 4.4606671
4.3257012, 4.3088775, -0.16823076E-1, 1.2885619, 4.4518332
4.1415305, 3.5121870, -0.62934351, 1.1300132, 4.4397883
4.1483841, 3.6728213, -0.47556323, 1.3923156, 4.4254518
4.6223850, 3.9479206, -0.67446423, 3.0666547, 4.4181643
6.4423537, 5.1684003, -1.2739539, 5.2805576, 4.4234986
6.1447530, 4.0734434, -2.0713089, 4.7252569, 4.4314427
6.3401227, 6.2983994, -0.41722685E-1, 7.9038391, 4.4457278
8.5686197, 7.4542336, -1.1143864, 6.5909557, 4.4677644
7.9507313, 8.1069174, 0.15618676, 5.3653483, 4.4840608
6.2761669, 9.9515343, 3.6753669, 4.0774612, 4.4957962
5.7254949, 8.0896902, 2.3641951, 3.1834693, 4.5018401
5.5321045, 6.7409406, 1.2088367, 2.6867042, 4.5049319
4.9303756, 5.4146166, 0.48424160, 2.2424538, 4.5058541
4.4725509, 5.3157229, 0.84317231, 1.9895937, 4.5053554
4.5989590, 4.0412445, -0.55771458, 2.2811301, 4.5035119
5.6919427, 3.8475573, -1.8443850, 2.6925220, 4.5047040
6.1807728, 4.2954984, -1.8852749, 3.4431109, 4.5059199
6.1844177, 4.9128628, -1.2715552, 4.0060329, 4.5116944
6.3918152, 4.7404070, -1.6514083, 3.5313301, 4.5172405
6.4720702, 4.7539897, -1.7180808, 3.2806756, 4.5198755
7.1256175, 4.6503086, -2.4753082, 4.0960417, 4.5251756
7.1004972, 4.5254560, -2.5750406, 3.9353285, 4.5310488
8.1003323, 6.2381477, -1.8621855, 7.6810760, 4.5418229
6.6665010, 6.6792307, 0.12729928E-1, 5.5387726, 4.5606170
5.9187708, 7.4156523, 1.4968809, 3.6338427, 4.5691843
5.8522124, 5.1923585, -0.65985346, 2.7739658, 4.5723686
7.1621761, 4.6382384, -2.5239370, 4.3889484, 4.5753579
9.0649986, 6.9907117, -2.0742879, 7.3666859, 4.5906258
8.2294550, 9.2906790, 1.0612237, 6.0210605, 4.6103506
7.2414417, 7.5176454, 0.27620512, 4.4897599, 4.6228185
7.5921011, 6.8926072, -0.69949460, 4.4114976, 4.6319952
5.8111873, 6.5335488, 0.72236156, 4.1171799, 4.6402860
7.8529224, 6.3366642, -1.5162592, 4.5748844, 4.6487417
6.8164835, 7.4568834, 0.64039981, 4.1269550, 4.6577091
5.8450136, 6.8876266, 1.0426127, 3.4281247, 4.6636825
5.8365607, 5.3463058, -0.49025482, 2.7564218, 4.6667347
5.1804070, 4.9009318, -0.27947444, 2.3794167, 4.6675334
5.3533530, 4.1535053, -1.1998476, 2.1870680, 4.6670537
5.0450025, 3.5601244, -1.4848778, 1.9248621, 4.6646895
4.3263421, 3.8931494, -0.43319261, 1.6267650, 4.6592474
4.3921089, 4.0624008, -0.32970768, 1.4579275, 4.6505189
3.6803615, 3.5199926, -0.16036862, 1.5348735, 4.6405511
4.1359816, 3.4091401, -0.72684115, 1.7980200, 4.6304345
4.2112131, 4.1998792, -0.11334501E-1, 1.8614064, 4.6244621
5.1105018, 3.3520560, -1.7584461, 2.2023704, 4.6138558
4.9960399, 3.3363194, -1.6597205, 1.7887194, 4.6093044
4.4298215, 2.5203500, -1.9094713, 0.86901492, 4.5926881
3.7896476, 3.2392831, -0.55036485, 0.82308394, 4.5727320
3.9232988, 2.5827336, -1.3405653, 0.80645460, 4.5520988
6.1130610, 4.1923108, -1.9207495, 5.2897177, 4.5460448
5.2715573, 4.2328186, -1.0387387, 3.7687800, 4.5532794
4.2120299, 3.8706639, -0.34136593, 1.8106495, 4.5493288
3.7838099, 3.7097523, -0.74057482E-1, 1.1160698, 4.5347943
3.8939912, 2.7497900, -1.1442010, 0.94853514, 4.5170054
3.6867876, 3.3326025, -0.35418576, 0.88767046, 4.4976892
3.6342454, 3.2449589, -0.38928753, 0.85010105, 4.4782395
3.5308585, 3.0860481, -0.44481081, 0.70469284, 4.4568515
3.5771942, 3.6292992, 0.52105114E-1, 0.92213142, 4.4349408
3.8284888, 3.7221289, -0.10636045, 1.7725668, 4.4187007
4.2524719, 3.8867323, -0.36573994, 2.3458300, 4.4109578
3.2448742, 3.5982876, 0.35341334, 0.48752722, 4.3911209
3.3125281, 3.1146386, -0.19788882, 0.34847784, 4.3661942
3.7481344, 2.7760582, -0.97207612, 0.72987908, 4.3414607
3.6569703, 2.9972651, -0.65970463, 0.68152142, 4.3219056
3.5484872, 2.9205344, -0.62795210, 0.33088762, 4.2966123
3.5819166, 2.9066188, -0.67529774, 0.72149336, 4.2729087
3.6225822, 2.9215298, -0.70105231, 0.55327088, 4.2519155
3.3301370, 3.0191326, -0.31100458, 0.16739264, 4.2259402
3.6158116, 2.6608086, -0.95500255, 0.32056639, 4.1996417
3.4729044, 2.8100095, -0.66289443, 0.27246371, 4.1752090
3.2948096, 3.1944499, -0.10035937, 0.10234705, 4.1487188
3.5199842, 2.6560035, -0.86398053, 0.19708142, 4.1221824
5.5773005, 4.6356320, -0.94166756, 6.2124381, 4.1145768
4.5521774, 4.0455008, -0.50667679, 3.2527125, 4.1211553
3.7590969, 2.8612342, -0.89786261, 0.87948072, 4.1068039
3.4466202, 3.0601914, -0.38642934, 0.35452297, 4.0848041
3.2794454, 3.0728316, -0.20661379, 0.14185917, 4.0596423
1.2321026, 2.9727316, 1.7406291, 0.74053794E-1, 4.0335898
2.4806602, 3.0891953, 0.60853499, 0.35980646E-1, 4.0072837
2.7204435, 3.2905927, 0.57014918, 1.4886929, 3.9830399
3.5444744, 3.2765210, -0.26795378, 1.5205146, 3.9738779
2.9255512, 2.8317947, -0.93756691E-1, 0.24572726E-1, 3.9499562
3.1236413, 2.8451681, -0.27847326, 0.0000000, 3.9238026
3.0290256, 2.9465020, -0.82523540E-1, 0.0000000, 3.8977511
2.9933529, 3.0763304, 0.82977228E-1, 0.0000000, 3.8718731
2.9851983, 3.0758753, 0.90676807E-1, 0.0000000, 3.8461676
5.0695009, 5.1616120, 0.92111096E-1, 10.124791, 3.8438494
5.9134798, 8.0983639, 2.1848831, 15.970120, 3.8898489
7.1503296, 6.2254825, -0.92484796, 6.3474188, 3.9262969
6.7412219, 6.7593188, 0.18096298E-1, 4.6969256, 3.9414403
6.6578202, 4.9136209, -1.7441986, 3.8385904, 3.9512250
4.5273852, 4.3043799, -0.22300524, 3.6749165, 3.9593334
6.8482580, 6.0748749, -0.77338398, 4.1446600, 3.9679778
6.7286139, 5.4205441, -1.3080701, 4.1897912, 3.9782925
6.8447189, 5.4118028, -1.4329152, 4.2749515, 3.9886312
7.0315270, 4.8142877, -2.2172401, 4.2506952, 3.9990051
6.8595800, 4.7314343, -2.1281450, 3.9361978, 4.0085464
5.8822360, 4.7809920, -1.1012443, 3.4532096, 4.0159941
5.3529491, 4.3748131, -0.97813642, 3.0137408, 4.0209193
6.2406340, 2.9047244, -3.3359101, 2.8000426, 4.0241399
6.0229220, 2.6145735, -3.4083488, 3.0717502, 4.0277371
6.2231069, 2.5501659, -3.6729407, 3.1754227, 4.0318909
6.0090837, 2.8288295, -3.1802537, 2.9308136, 4.0357742
5.4869266, 2.7040503, -2.7828758, 2.6155951, 4.0380974
5.1087856, 2.7204833, -2.3883018, 2.3749866, 4.0392251
4.1141634, 2.5232327, -1.5909312, 2.1685169, 4.0386949
6.3523455, 2.9743302, -3.3780158, 3.6039658, 4.0394402
5.2333813, 2.9234140, -2.3099678, 3.0538621, 4.0446048
5.3414602, 2.2421529, -3.0993073, 2.3974125, 4.0452561
5.4537573, 2.3413832, -3.1123736, 2.3820267, 4.0451403
4.7642126, 2.3797324, -2.3844807, 2.2024386, 4.0436120
4.4688730, 2.2250822, -2.2437909, 1.7507880, 4.0388741
3.9893084, 2.2965147, -1.6927940, 1.6446767, 4.0315976
3.7460716, 2.5577450, -1.1883265, 1.6018499, 4.0234485
3.7309306, 2.5084658, -1.2224648, 1.4550437, 4.0140662
3.4872048, 2.6102746, -0.87693036, 1.3206184, 4.0031142
3.4735482, 2.4144258, -1.0591223, 1.1636832, 3.9906194
5.7081451, 2.4179585, -3.2901866, 2.6698148, 3.9840362
4.4108100, 1.9368547, -2.4739554, 1.3204588, 3.9800656
3.7393670, 1.9107952, -1.8285720, 0.78015679, 3.9647474
3.5843971, 1.9361625, -1.6482341, 0.76224446, 3.9477956
3.4165266, 2.0146263, -1.4019003, 0.79408520, 3.9305422
3.5583043, 2.0826962, -1.4756080, 0.77388680, 3.9130008
3.4921498, 2.1135309, -1.3786191, 0.71773875, 3.8950949
3.3825505, 1.9939139, -1.3886368, 0.70246273, 3.8768566
3.4989214, 1.9851370, -1.5137844, 0.68896401, 3.8583820
3.3603673, 2.0206044, -1.3397629, 0.70354581, 3.8397939
3.4753788, 2.0996547, -1.3757238, 0.67207187, 3.8210094
3.3213282, 2.0956836, -1.2256448, 0.65827936, 3.8020380
3.2293153, 2.2564626, -0.97285229, 0.66991496, 3.7829390
3.1841753, 2.1829953, -1.0011802, 0.64330161, 3.7637053
4.8980789, 2.4497452, -2.4483333, 2.9289610, 3.7531366
4.3989706, 2.0159230, -2.3830478, 1.6254508, 3.7493422
3.6274045, 1.9746212, -1.6527835, 0.61696303, 3.7348282
3.3559542, 2.0484385, -1.3075154, 0.43343249, 3.7148349
3.2815640, 2.0552871, -1.2262771, 0.41386414, 3.6943200
3.1610250, 2.0240128, -1.1370118, 0.38351029, 3.6735287
3.2155585, 2.1140697, -1.1014887, 0.35437095, 3.6524842
3.1684196, 2.2033050, -0.96511447, 0.35272816, 3.6313946
3.2871222, 2.0887144, -1.1984079, 0.33581984, 3.6102798
3.3507881, 2.0150220, -1.3357658, 0.27376318, 3.5890448
3.3196447, 1.9960160, -1.3236290, 0.23729303, 3.5676796
3.3900530, 2.0262442, -1.3638089, 0.22630690, 3.5462580
3.3474822, 2.0646241, -1.2828585, 0.21570167, 3.5248139
3.3382208, 2.1015975, -1.2366229, 0.20092975, 3.5033512
3.3001564, 2.1285918, -1.1715647, 0.19137205, 3.4818649
3.2877393, 2.0801127, -1.2076263, 0.17860478, 3.4603615
3.1406348, 2.3485153, -0.79211968, 0.18956685, 3.4389143
3.1775067, 2.2097895, -0.96771729, 0.17192455, 3.4174824
3.1590321, 2.3042681, -0.85476422, 0.15421233, 3.3960636
3.0980337, 2.3765008, -0.72153234, 0.14703752, 3.3746672
3.1146085, 2.3658633, -0.74874544, 0.13112254, 3.3532965
3.2582116, 2.2862582, -0.97195321, 0.10597169, 3.3319247
3.1850626, 2.3479226, -0.83714026, 0.95142394E-1, 3.3105810
3.1355348, 2.3754122, -0.76012290, 0.47214541, 3.2907000
3.1571875, 2.4760013, -0.68118578, 0.42086628, 3.2724669
3.1625638, 2.4168332, -0.74573064, 0.95843516E-1, 3.2519245
3.1286094, 2.2718449, -0.85676503, 0.71552232E-1, 3.2309339
3.0263081, 2.1403072, -0.88600111, 0.64472109E-1, 3.2100067
3.0378554, 2.5949025, -0.44295299, 2.1388533, 3.1914454
5.4669838, 4.9272356, -0.53974795, 12.142095, 3.2128639
5.8821301, 4.1269965, -1.7551334, 9.0877972, 3.2437046
5.1630740, 2.9834018, -2.1796718, 5.5664654, 3.2621591
5.2997851, 2.6627357, -2.6370502, 3.7990963, 3.2723153
4.6438432, 2.1573403, -2.4865019, 2.6226857, 3.2760918
4.2689228, 1.7144278, -2.5544953, 1.8184794, 3.2750435
4.0579214, 1.6406344, -2.4172864, 1.4040500, 3.2734334
4.4933052, 2.0384455, -2.4548600, 2.6248100, 3.2748241
5.1656480, 2.1470745, -3.0185728, 2.7190659, 3.2781506
4.6329198, 2.0399351, -2.5929840, 1.9290450, 3.2787151
3.9625030, 1.9128737, -2.0496297, 1.4781220, 3.2733772
3.9141941, 1.7588511, -2.1553431, 1.2325215, 3.2658815
3.7746632, 1.8133827, -1.9612803, 1.1805989, 3.2575724
3.7079558, 1.6938120, -2.0141439, 0.97200370, 3.2480700
3.6325769, 1.6485629, -1.9840143, 0.90053523, 3.2376499
3.4503210, 1.7849023, -1.6654189, 0.82927567, 3.2265937
3.4582875, 1.6701709, -1.7881168, 0.69970906, 3.2145603
3.4762626, 1.5600312, -1.9162310, 0.59591967, 3.2015617
3.5029747, 1.4710387, -2.0319364, 0.50891829, 3.1879699
3.5696373, 1.3792783, -2.1903591, 0.48452091, 3.1740935
3.5420365, 1.3424717, -2.1995647, 0.46803850, 3.1600316
3.8339825, 1.4110430, -2.4229398, 0.55148000, 3.1474760
3.3797219, 1.1668733, -2.2128482, 0.35971275, 3.1339185
3.3162374, 1.2422872, -2.0739503, 0.40014973, 3.1194077
3.2771549, 1.2138222, -2.0633335, 0.39320040, 3.1048796
3.1721301, 1.2775222, -1.8946073, 0.40054119, 3.0903587
3.3044491, 1.3792443, -1.9252049, 0.43672785, 3.0759165
3.3134692, 1.2947222, -2.0187469, 0.39818320, 3.0614555
3.4197366, 1.2216610, -2.1980753, 0.33980000, 3.0468197
3.3593383, 1.3133327, -2.0460060, 0.33949846, 3.0320981
3.2830405, 1.3868806, -1.8961605, 0.31683338, 3.0172892
3.1991611, 1.3859262, -1.8132350, 0.35047349, 3.0024452
3.1748164, 1.4214500, -1.7533664, 0.38483384, 2.9876392
4.2405639, 1.6169205, -2.6236432, 0.94226748, 2.9749324
5.2187271, 2.2394857, -2.9792404, 2.5974042, 2.9729214
4.7643204, 1.8842955, -2.8800251, 1.9704932, 2.9748106
5.1675820, 1.8422087, -3.3253727, 1.7856295, 2.9749315
4.4900551, 1.9835200, -2.5065348, 1.5014886, 2.9730463
4.3867521, 1.5559568, -2.8307948, 0.92879069, 2.9674733
3.6958277, 1.3247186, -2.3711090, 0.44857824, 2.9571645
3.5939701, 1.2154435, -2.3785269, 0.19910216, 2.9421768
2.9742241, 1.1346432, -1.8395807, 0.16545811, 2.9265063
4.1060171, 1.8114315, -2.2945857, 1.9348588, 2.9175446
4.1484070, 2.3318300, -1.8165771, 3.5095618, 2.9227667
4.2485518, 2.3880804, -1.8604711, 3.4757297, 2.9298460
4.9006376, 2.8912795, -2.0093582, 4.9766178, 2.9409578
4.7627311, 2.3636110, -2.3991196, 3.3976986, 2.9508340
5.2796454, 2.3476248, -2.9320202, 3.4553607, 2.9584467
4.3275547, 2.4125626, -1.9149921, 3.8217087, 2.9658394
4.6654458, 2.2704718, -2.3949735, 3.2335165, 2.9740641
3.7634084, 1.8143812, -1.9490274, 2.0235021, 2.9781992
4.3187332, 1.9644992, -2.3542340, 2.3962471, 2.9809887
5.9211693, 2.5120766, -3.4090931, 3.3614063, 2.9862177
5.8323846, 2.5577257, -3.2746584, 3.2977066, 2.9930794
4.0463772, 1.9261194, -2.1202579, 2.4485643, 2.9976594
5.5469804, 2.3613727, -3.1856079, 2.4738307, 3.0012877
5.4485145, 2.3318892, -3.1166248, 2.4657919, 3.0047057
5.3993382, 2.0527279, -3.3466101, 2.2913568, 3.0067482
3.4306178, 2.3656731, -1.0649445, 3.5446746, 3.0106857
5.1635785, 2.4023190, -2.7612598, 3.4922264, 3.0183012
3.4740238, 2.3679161, -1.1061077, 3.0973449, 3.0232394
3.1353216, 2.2563376, -0.87898403, 1.3593687, 3.0287392
3.4696958, 2.2484884, -1.2212074, 1.2807695, 3.0250256
4.1165047, 2.7885776, -1.3279271, 3.2478456, 3.0289152
5.1885943, 3.7407017, -1.4478923, 4.7939587, 3.0402839
5.3329182, 3.6018913, -1.7310272, 4.4026022, 3.0542097
6.1677332, 3.7178378, -2.4498959, 4.1798320, 3.0665989
6.6681666, 3.6389499, -3.0292172, 4.0725098, 3.0776446
6.5100956, 3.5604873, -2.9496088, 3.8479514, 3.0875492
6.5979772, 3.2693882, -3.3285890, 3.4359913, 3.0957081
6.0128183, 2.8524082, -3.1604099, 5.1829052, 3.1264572
5.8857741, 3.0084844, -2.8772900, 5.0375090, 3.1788180
5.7387328, 2.7958393, -2.9428940, 4.8199162, 3.2303178
5.1532130, 2.7825265, -2.3706870, 4.4800658, 3.2804070
5.2029142, 2.6505613, -2.5523531, 4.2879419, 3.3288286
5.1021013, 2.3687401, -2.7333612, 4.0450311, 3.3752720
6.0079937, 2.7853620, -3.2226312, 5.1117229, 3.4236462
4.9732656, 2.0583787, -2.9148870, 3.6863220, 3.4701614
4.7189040, 2.0448503, -2.6740546, 3.4112935, 3.5110445
4.5192280, 2.1464560, -2.3727725, 3.5444448, 3.5507219
4.4838753, 2.2439177, -2.2399576, 3.5085535, 3.5893242
4.2985368, 2.3259330, -1.9726034, 3.3882093, 3.6263654
4.1443520, 2.4253635, -1.7189882, 3.2602866, 3.6616640
4.0260053, 2.5348475, -1.4911580, 3.1674886, 3.6953981
3.9681780, 2.4458148, -1.5223634, 3.1017985, 3.7279084
4.2991748, 2.2647793, -2.0343962, 3.0675383, 3.7596111
4.1170535, 2.4162490, -1.7008044, 3.0875552, 3.7909009
4.0524702, 2.5036283, -1.5488415, 3.0830014, 3.8218186
3.6072357, 2.6683943, -0.93884158, 3.0589669, 3.8522961
4.4008927, 3.0728912, -1.3280020, 5.7655411, 3.8863745
5.6416059, 3.6913862, -1.9502195, 7.8332176, 3.9435606
6.0712590, 3.9274819, -2.1437767, 7.8748264, 4.0014133
5.6647248, 3.0350540, -2.6296713, 7.0092287, 4.0600772
6.1260109, 3.3385973, -2.7874141, 8.1179256, 4.1190476
4.1438808, 5.4074826, 1.2636013, 10.649271, 4.1879621
6.4684467, 6.7152996, 0.24685308, 6.9627995, 4.2539372
7.1499662, 4.7704458, -2.3795199, 6.1398587, 4.3108087
5.9418764, 3.7905531, -2.1513233, 5.7936654, 4.3660922
6.7848005, 4.3562260, -2.4285750, 6.5022769, 4.4223676
7.5509329, 5.3579755, -2.1929579, 6.9758544, 4.4806619
7.0467448, 6.2462897, -0.80045563, 4.6851702, 4.5148997
6.1613140, 4.3670616, -1.7942518, 3.7398384, 4.5236678
6.1529751, 3.3873377, -2.7656379, 3.3498991, 4.5295839
7.4830852, 4.4327102, -3.0503752, 4.1539817, 4.5367808
7.0855746, 4.1288309, -2.9567447, 3.7973289, 4.5436726
6.8888240, 3.8939140, -2.9949107, 3.5601149, 4.5494165
6.4614005, 3.6452992, -2.8161013, 3.2605691, 4.5537343
6.2055922, 3.5820513, -2.6235404, 3.0796676, 4.5567961
5.9539905, 3.3195794, -2.6344113, 2.7580986, 4.5588627
5.8119912, 3.1905520, -2.6214397, 2.4316947, 4.5592985
5.3722181, 3.0322912, -2.3399274, 2.0077083, 4.5570278
5.2476959, 2.5981607, -2.6495354, 1.7231461, 4.5508156
5.0084324, 2.6263790, -2.3820529, 1.6515162, 4.5421119
4.8807368, 2.6375408, -2.2431960, 1.6142321, 4.5318255
4.6679616, 3.0018167, -1.6661450, 1.4625701, 4.5201249
4.6101995, 2.6912985, -1.9189013, 1.3172983, 4.5063763
4.1107664, 2.1997850, -1.9109813, 1.2905232, 4.4910846
5.7954350, 2.1536784, -3.6417561, 1.8254958, 4.4790187
5.5256367, 2.3315890, -3.1940472, 2.7406192, 4.4710078
6.3281717, 2.9061084, -3.4220638, 4.7687263, 4.4744525
7.2362037, 3.2213731, -4.0148306, 5.1271443, 4.4841475
6.2394853, 3.4946649, -2.7448199, 3.7324622, 4.4908800
5.3899517, 2.8335867, -2.5563645, 2.2514508, 4.4883609
4.7665086, 2.8904846, -1.8760237, 1.8940612, 4.4788632
4.7413173, 2.8478827, -1.8934346, 1.7895688, 4.4696164
4.0020351, 3.1331985, -0.86883640, 1.0761759, 4.4544950
4.0199847, 2.6588628, -1.3611218, 0.91853833, 4.4352489
3.8911221, 3.1250916, -0.76602983, 0.91100436, 4.4155297
3.9463689, 3.0431614, -0.90320754, 1.0177128, 4.3958454
4.1079788, 3.8032711, -0.30470797, 3.9731557, 4.3785243
6.7823329, 6.1446180, -0.63771468, 10.721883, 4.3938236
6.7971983, 6.1752357, -0.62196231, 9.5542040, 4.4289794
7.8234763, 5.1656513, -2.6578250, 5.4589634, 4.4492278
8.3969593, 6.2036505, -2.1933098, 5.4190712, 4.4635506
7.4750118, 6.3121719, -1.1628399, 4.6055984, 4.4757848
7.1066585, 5.4280014, -1.6786568, 4.0045891, 4.4843144
6.7988544, 5.0393815, -1.7594720, 3.5420494, 4.4904747
7.6148329, 4.2761822, -3.3386505, 4.5783510, 4.4959741
7.4651852, 4.9473195, -2.5178659, 5.5639729, 4.5075097
7.7518487, 5.5641670, -2.1876826, 5.1769466, 4.5204597
7.8903465, 6.3814325, -1.5089138, 5.9226947, 4.5328221
7.2105331, 7.5288506, 0.31831688, 5.2048087, 4.5483251
5.2149429, 6.3206458, 1.1057039, 3.7467089, 4.5587001
5.9370332, 6.0227413, 0.85708573E-1, 3.8208263, 4.5661235
8.0093222, 6.0318336, -1.9774886, 4.4472857, 4.5742650
7.4000940, 5.7797556, -1.6203387, 4.7883649, 4.5858574
8.1365528, 5.2102714, -2.9262819, 4.6630139, 4.5965981
8.0967674, 7.0246553, -1.0721132, 4.7502213, 4.6079731
7.3134899, 6.0028791, -1.3106108, 4.1878495, 4.6172366
6.6783228, 5.4825606, -1.1957623, 3.6174126, 4.6236701
5.6075468, 4.7912335, -0.81631303, 2.9740841, 4.6274433
7.0006027, 3.5714397, -3.4291620, 2.8536687, 4.6291537
6.7810221, 3.3687375, -3.4122846, 3.1342189, 4.6314273
6.3357992, 3.1379812, -3.1978180, 3.2419131, 4.6341987
6.5663280, 3.5258701, -3.0404589, 3.3794379, 4.6373515
6.8921852, 3.4895785, -3.4026065, 3.2968609, 4.6402168
5.7410626, 3.7822506, -1.9588125, 3.0812097, 4.6422663
7.0513268, 3.5373874, -3.5139394, 3.9653704, 4.6436753
6.5153542, 4.5996046, -1.9157492, 4.5043631, 4.6513257
5.7600069, 4.6099758, -1.1500314, 3.5080326, 4.6563110
6.1645875, 4.2770391, -1.8875487, 4.0036712, 4.6589661
6.6263618, 4.1846132, -2.4417493, 3.9012706, 4.6651454
6.4554930, 4.7290039, -1.7264893, 3.9958391, 4.6697898
7.5619078, 5.0056067, -2.5563009, 5.3330512, 4.6770339
7.5727658, 7.0102158, -0.56254995, 8.6069012, 4.6929088
6.8828459, 9.3109722, 2.4281259, 5.7693119, 4.7161036
7.2335320, 7.6869402, 0.45340765, 4.4004641, 4.7270455
5.7683268, 7.4366994, 1.6683732, 4.4379363, 4.7360563
5.8640227, 7.4654360, 1.6014135, 3.8958580, 4.7446609
8.3831091, 7.2530375, -1.1300716, 4.6652031, 4.7529364
7.5731902, 7.1990910, -0.37409905, 4.9962416, 4.7650733
5.6158562, 7.4699736, 1.8541172, 4.2005243, 4.7761841
6.7538033, 6.6828032, -0.71001321E-1, 3.9598634, 4.7836175
6.1907082, 7.4164777, 1.2257695, 4.2496839, 4.7926869
6.5563536, 8.3649702, 1.8086149, 4.1502571, 4.8012900
7.2631550, 7.2916074, 0.28452188E-1, 4.4516311, 4.8101993
6.2158165, 7.4056282, 1.1898124, 4.2428775, 4.8201241
8.1677322, 7.4708991, -0.69683307, 4.6959028, 4.8290977
7.3626585, 7.7628746, 0.40021643, 4.8238587, 4.8407340
6.4009862, 7.7947679, 1.3937829, 4.2439556, 4.8506422
6.7534046, 7.7023773, 0.94897270, 4.2479682, 4.8593392
6.7432380, 7.8963861, 1.1531489, 4.3843675, 4.8683629
7.4823761, 7.4799747, -0.24011135E-2, 4.5587926, 4.8778491
6.7918105, 8.4064522, 1.6146430, 4.2189913, 4.8872118
6.5250235, 7.8660531, 1.3410299, 3.8190174, 4.8941340
6.0883636, 7.0754385, 0.98707569, 3.4000165, 4.8992095
7.0638781, 6.2662320, -0.79764533, 3.5512872, 4.9029274
6.7421517, 5.8589497, -0.88320321, 4.0248027, 4.9081330
6.1470761, 6.0062208, -0.14085595, 3.5354342, 4.9135671
5.4434385, 5.0486536, -0.39478472, 2.8268404, 4.9161482
4.8926129, 4.8018880, -0.90725437E-1, 2.3488595, 4.9164500
7.4410663, 4.3523598, -3.0887060, 4.3285799, 4.9173956
6.6654267, 5.0677819, -1.5976440, 4.9644942, 4.9269629
5.3332601, 6.2871351, 0.95387560, 6.2484136, 4.9387178
4.2527194, 6.3541212, 2.1014025, 3.4656334, 4.9501090
7.3292489, 7.1796384, -0.14961109, 4.1388688, 4.9557209
6.9546208, 8.0999966, 1.1453768, 4.5239530, 4.9655113
7.6879258, 7.5856199, -0.10230678, 4.7467875, 4.9751272
5.3772821, 7.1140223, 1.7367413, 4.0200453, 4.9854283
7.4367723, 8.4557524, 1.0189797, 4.1849103, 4.9925184
6.5177655, 7.6064692, 1.0887028, 3.9961991, 5.0006547
6.2098274, 6.9357905, 0.72596264, 3.5814991, 5.0065718
5.8332949, 6.4617968, 0.62850189, 3.2149379, 5.0106621
5.6189427, 5.6792393, 0.60296580E-1, 2.9217548, 5.0130486
5.2934399, 5.2101254, -0.83315581E-1, 2.6356664, 5.0143070
5.0150743, 4.8083134, -0.20676021, 2.3784080, 5.0142784
5.7668796, 4.4460635, -1.3208172, 2.6788740, 5.0137730
5.3420043, 4.4195366, -0.92246741, 2.7012427, 5.0148387
4.7385335, 4.1406803, -0.59785271, 2.1030049, 5.0132251
4.4777565, 3.9116809, -0.56607556, 1.7758933, 5.0081768
4.2435126, 3.8047786, -0.43873417, 1.5718573, 4.9999332
5.2793612, 4.6531868, -0.62617350, 3.5466409, 4.9926925
5.1606121, 5.7406206, 0.58000982, 4.0946431, 4.9988780
4.5887451, 4.9571590, 0.36841401, 2.3585341, 5.0001540
4.0645876, 4.2228565, 0.15826954, 1.6186216, 4.9944882
3.9327989, 3.8138924, -0.11890610, 1.3071135, 4.9840455
3.6436565, 4.1284938, 0.48483700, 1.1419020, 4.9700952
3.6574650, 4.2593074, 0.60184228, 1.0114719, 4.9536567
3.6861918, 4.4361148, 0.74992293, 0.89430261, 4.9350667
3.5641787, 4.1000814, 0.53590202, 0.78379351, 4.9144092
3.4669735, 4.0539141, 0.58694088, 0.71573210, 4.8920875
3.7360020, 3.2706416, -0.46536046, 0.69362843, 4.8690057
3.6895154, 3.7683551, 0.78839578E-1, 0.67294508, 4.8455305
3.5449874, 3.8173418, 0.27235433, 0.64411229, 4.8215046
3.4633522, 4.3661418, 0.90278959, 0.59473366, 4.7969007
7.4492912, 5.7667327, -1.6825585, 8.2721100, 4.7907624
7.2120571, 7.1744752, -0.37582099E-1, 11.104133, 4.8156819
8.0412006, 8.5219555, 0.48075363, 7.3880110, 4.8467746
7.7581573, 8.7601290, 1.0019705, 5.3372359, 4.8628078
6.3996248, 10.940318, 4.5406928, 4.3751197, 4.8743243
6.7173395, 8.4629850, 1.7456466, 4.1917539, 4.8825259
7.4709945, 7.4091582, -0.61836421E-1, 4.5584149, 4.8911347
7.7840776, 6.8834276, -0.90065026, 5.0594473, 4.9023542
7.7566290, 7.8354754, 0.78846276E-1, 5.0431900, 4.9144039
7.9858198, 7.3336654, -0.65215433, 4.9881592, 4.9261231
6.7505827, 7.8131642, 1.0625823, 4.7471838, 4.9378409
7.0295200, 9.8225470, 2.7930281, 4.2203526, 4.9472237
6.0130720, 10.256617, 4.2435455, 3.6368785, 4.9544148
6.0069795, 6.5520539, 0.54507351, 3.4039569, 4.9589491
7.1184726, 8.4425650, 1.3240931, 5.1606812, 4.9664187
6.9364123, 8.7990904, 1.8626791, 4.6092749, 4.9776487
6.8586259, 9.1825342, 2.3239086, 4.2273893, 4.9866734
7.4202814, 7.9839630, 0.56368130, 4.8358793, 4.9959064
7.4973688, 8.0222721, 0.52490377, 4.8183780, 5.0068989
6.3340993, 9.7687616, 3.4346623, 4.2359719, 5.0170226
5.6412120, 10.122171, 4.4809599, 3.5244620, 5.0238309
6.1560645, 8.9889383, 2.8328741, 4.0646200, 5.0293689
7.5235000, 7.4515123, -0.71987271E-1, 4.5253134, 5.0375886
6.2058959, 8.8436832, 2.6377878, 4.3754745, 5.0477920
6.4117980, 9.7192793, 3.3074796, 3.9727259, 5.0558472
5.6312776, 9.4246359, 3.7933593, 3.4294169, 5.0619574
6.7878270, 6.6656642, -0.12216216, 3.5814545, 5.0661902
6.0464563, 6.4092073, 0.36275029, 3.6694102, 5.0712419
5.3854570, 6.5847530, 1.1992959, 3.4065318, 5.0756588
6.0451550, 6.3242021, 0.27904809, 3.2378068, 5.0787911
5.9859247, 5.5343065, -0.45161855, 3.1008937, 5.0814471
5.4557438, 5.1520481, -0.30369553, 2.7619112, 5.0830312
4.9154110, 4.8620648, -0.53344719E-1, 2.4640107, 5.0832777
4.5394931, 4.8606520, 0.32115930, 2.2238383, 5.0822768
4.4087400, 4.8516860, 0.44294596, 1.9903718, 5.0797830
4.9620886, 3.5097787, -1.4523100, 2.8896081, 5.0765896
5.5861020, 4.8385906, -0.74751157, 3.6622064, 5.0797763
5.5106707, 4.7466764, -0.76399374, 3.3937366, 5.0826883
5.4262366, 5.6686416, 0.24240360, 4.0166245, 5.0872822
5.1393600, 4.8216629, -0.31769687, 2.9584196, 5.0903072
4.5678625, 4.7273664, 0.15950377, 2.2828047, 5.0902734
4.2664862, 4.2949281, 0.28441139E-1, 1.8672894, 5.0871243
3.9685054, 4.0492911, 0.80785520E-1, 1.5812185, 5.0811114
3.4764915, 3.8713341, 0.39484233, 1.3722457, 5.0718703
3.4665575, 3.7656879, 0.29913062, 1.2509319, 5.0601716
3.3717799, 3.6586285, 0.28684807, 1.1487057, 5.0464454
3.1415682, 3.9710994, 0.82953155, 1.0370157, 5.0306802
4.6175017, 4.4755926, -0.14190871, 3.2356524, 5.0215859
3.3234580, 4.0131569, 0.68969870, 3.1384397, 5.0218825
5.0330648, 4.1528172, -0.88024688, 3.1240566, 5.0240660
4.6261516, 3.2660549, -1.3600966, 2.1416407, 5.0228863
4.2536764, 3.0333476, -1.2203289, 1.6250563, 5.0162940
3.9735045, 3.1122925, -0.86121190, 1.3847497, 5.0067029
3.5012228, 2.8407378, -0.66048473, 0.81499195, 4.9901614
3.2560978, 3.0455585, -0.21053976, 0.64278597, 4.9682593
3.1815972, 2.7879717, -0.39362532, 0.63347346, 4.9449668
3.2024195, 3.0806580, -0.12176231, 0.64507669, 4.9214320
5.3044152, 3.6185205, -1.6858952, 3.8869903, 4.9053230
5.5765724, 5.3266220, -0.24995109, 8.6017771, 4.9193797
6.5886040, 6.8358107, 0.24720688, 7.4553666, 4.9396615
5.7185907, 8.1417465, 2.4231551, 4.6683283, 4.9558210
5.4416599, 7.9322529, 2.4905934, 3.6993163, 4.9635539
5.3997679, 7.9610415, 2.5612743, 3.2226110, 4.9686360
5.9093971, 6.6806612, 0.77126396, 3.2510045, 4.9725056
5.4775610, 6.4291244, 0.95156366, 3.1372809, 4.9760575
7.0642319, 5.9220905, -1.1421411, 4.0702887, 4.9801774
6.5501542, 5.9131651, -0.63698959, 3.8690300, 4.9866662
6.1876364, 5.2838912, -0.90374488, 3.5035968, 4.9914088
6.4907031, 4.2497449, -2.2409582, 3.1617720, 4.9940515
5.8187480, 3.7717538, -2.0469947, 2.8592207, 4.9950695
5.3681192, 3.6316824, -1.7364378, 2.6728668, 4.9944072
5.0405722, 3.6314342, -1.4091383, 2.5715909, 4.9932423
4.7763510, 3.6417537, -1.1345969, 2.4221509, 4.9919696
4.7293205, 3.3751860, -1.3541348, 2.1820688, 4.9897289
4.3861122, 3.0974841, -1.2886280, 1.9728115, 4.9858284
3.8597398, 2.7224751, -1.1372646, 1.7529533, 4.9797430
4.3902726, 2.0462551, -2.3440173, 1.8671894, 4.9715705
4.9879408, 2.2494423, -2.7384984, 2.1527655, 4.9661593
4.2857103, 2.8075166, -1.4781936, 1.7426369, 4.9587297
3.9625354, 2.9406028, -1.0219330, 1.4677103, 4.9470487
3.8108647, 3.0008717, -0.80999285, 1.3865842, 4.9335799
3.4153824, 3.1457000, -0.26968253, 1.3048418, 4.9191146
3.6433420, 2.8168848, -0.82645720, 1.2033758, 4.9033298
3.8286741, 2.6876698, -1.1410038, 1.0993797, 4.8860440
3.7908819, 2.7119319, -1.0789496, 1.0089126, 4.8669677
3.6888661, 2.6835248, -1.0053413, 0.94318199, 4.8465419
3.3964372, 2.6878467, -0.70859057, 0.89072400, 4.8255744
3.5944214, 2.6055551, -0.98886609, 0.85332203, 4.8039536
3.6429882, 2.4767394, -1.1662487, 0.84509170, 4.7820163
3.4730606, 2.2203817, -1.2526789, 0.84021306, 4.7599092
3.3841796, 2.2633133, -1.1208662, 0.82459497, 4.7376275
5.6973076, 3.0561962, -2.6411114, 4.9281998, 4.7234564
4.8222933, 3.3502638, -1.4720294, 6.3860621, 4.7335973
5.6142020, 3.8845365, -1.7296658, 7.2673144, 4.7460594
6.0241952, 3.9005136, -2.1236815, 6.0009642, 4.7595677
5.7760124, 4.5276752, -1.2483376, 5.6430721, 4.7700620
5.8205462, 4.6081829, -1.2123630, 4.2148538, 4.7781720
5.4194746, 4.4788084, -0.94066638, 3.7056351, 4.7838306
6.2012119, 5.5991583, -0.60205376, 3.8753755, 4.7893558
6.0879440, 5.2985659, -0.78937739, 3.8520451, 4.7959027
6.1089859, 5.5169091, -0.59207702, 3.7674730, 4.8020592
5.9624624, 5.3658867, -0.59657556, 3.6033809, 4.8074064
5.8663588, 5.0458050, -0.82055438, 3.5505748, 4.8120780
6.0446081, 4.3930850, -1.6515229, 3.5432382, 4.8165474
5.6264286, 4.5250254, -1.1014035, 3.4275012, 4.8209558
5.9068322, 3.9813843, -1.9254473, 3.4308429, 4.8246598
6.0033178, 3.8268876, -2.1764302, 3.5376642, 4.8286357
5.7924743, 4.1602407, -1.6322343, 3.4844763, 4.8326645
5.4454012, 3.7676785, -1.6777226, 3.2706676, 4.8359137
5.9388633, 3.7033324, -2.2355313, 3.1548133, 4.8385005
5.3112679, 3.1601555, -2.1511130, 3.0652075, 4.8405423
4.2428117, 4.7431998, 0.50038767, 5.1928267, 4.8464618
4.2165909, 4.8708167, 0.65422630, 3.3633840, 4.8557177
4.9381766, 4.3607101, -0.57746589, 2.8801246, 4.8580222
5.1738734, 4.5385437, -0.63533008, 3.3124142, 4.8608184
5.4959106, 4.5281296, -0.96778131, 3.3878078, 4.8641677
5.6789064, 5.1055746, -0.57333207, 3.6758883, 4.8690495
5.9154868, 6.0628796, 0.14739341, 3.8080654, 4.8756080
5.5505347, 5.7783828, 0.22784835, 3.5316553, 4.8819108
5.5350223, 3.9992568, -1.5357665, 3.1130583, 4.8851061
4.8831573, 2.8502507, -2.0329068, 2.4342921, 4.8802748
4.7871695, 2.6472712, -2.1398983, 2.4138949, 4.8679833
5.6455564, 3.2744782, -2.3710783, 3.6227472, 4.8606715
5.7691917, 3.3476286, -2.4215631, 3.7449777, 4.8603644
5.1631870, 2.6707716, -2.4924157, 2.8975329, 4.8570862
5.0335374, 2.3826680, -2.6508691, 2.6799576, 4.8485904
5.6181464, 2.7042725, -2.9138739, 3.2700036, 4.8415308
5.8666716, 2.8251674, -3.0415041, 3.4630244, 4.8387365
5.8726163, 2.6934314, -3.1791844, 3.3572288, 4.8372197
5.7699890, 2.4563038, -3.3136852, 3.1624014, 4.8350143
5.3927622, 2.0360272, -3.3567350, 2.8102629, 4.8308892
5.4334736, 2.0253632, -3.4081101, 2.6524923, 4.8248596
4.7493067, 1.7707056, -2.9786012, 2.2813461, 4.8160691
4.6450162, 1.9411662, -2.7038503, 2.4504538, 4.8068547
4.7144127, 1.8924742, -2.8219380, 2.5012016, 4.7972136
5.2400584, 2.8073096, -2.4327486, 4.5956507, 4.7922149
4.9263468, 2.6930285, -2.2333181, 3.9813054, 4.7904673
4.8339438, 2.2098324, -2.6241117, 2.8279352, 4.7829890
4.9474659, 2.0698531, -2.8776135, 2.5265846, 4.7716837
5.4299288, 2.1850364, -3.2448926, 2.9713242, 4.7620711
5.7415495, 2.2948606, -3.4466884, 3.2642567, 4.7579718
5.4558883, 1.9511536, -3.5047348, 2.6139150, 4.7521081
5.4027781, 1.9283522, -3.4744256, 2.5741732, 4.7454734
5.2640171, 1.8675616, -3.3964555, 2.4499645, 4.7375116
5.1154485, 1.7933731, -3.3220756, 2.2518709, 4.7282209
5.1702743, 1.8142347, -3.3560402, 2.1917472, 4.7179651
5.1422610, 1.8346436, -3.3076177, 2.2796426, 4.7084470
5.2315474, 1.8496352, -3.3819122, 2.2557511, 4.6998973
5.0929031, 1.7857755, -3.3071272, 2.0655167, 4.6894832
4.8692527, 1.6309277, -3.2383251, 1.6822088, 4.6758509
4.7645564, 1.6179198, -3.1466370, 1.5323323, 4.6590848
4.7437634, 1.5940399, -3.1497233, 1.4878447, 4.6417480
4.7691698, 1.7231755, -3.0459945, 1.6426265, 4.6268253
4.7393003, 1.6554997, -3.0838008, 1.4206575, 4.6122108
4.6881843, 1.6213942, -3.0667896, 1.3146107, 4.5964522
4.3347106, 1.8092790, -2.5254319, 1.3167710, 4.5809703
4.1611500, 1.8164905, -2.3446589, 1.2322733, 4.5662894
4.0162039, 1.6885999, -2.3276038, 1.0958134, 4.5507398
4.0350299, 1.4704603, -2.5645695, 0.98189622, 4.5343394
4.0845938, 1.5793216, -2.5052726, 1.5590107, 4.5169439
5.2738700, 2.4219253, -2.8519440, 3.7718456, 4.5115976
4.8188672, 3.8767965, -0.94207007, 6.2513938, 4.5171399
5.4605036, 3.9563034, -1.5042008, 4.1449966, 4.5264516
6.3329868, 4.6278572, -1.7051288, 3.7446632, 4.5317812
6.3879476, 5.0642276, -1.3237202, 3.6990695, 4.5379629
4.6504097, 3.1413319, -1.5090783, 2.3763502, 4.5385904
4.2192087, 2.0728161, -2.1463931, 1.2448900, 4.5249896
3.8114369, 2.0907335, -1.7207035, 1.5295608, 4.5063052
5.1692095, 2.8592610, -2.3099489, 2.3534591, 4.4912992
5.6706538, 2.7917073, -2.8789465, 2.6146443, 4.4802670
5.8518620, 2.8219731, -3.0298886, 2.8450124, 4.4738698
6.0733809, 2.7899795, -3.2834020, 2.9087405, 4.4704895
5.9611049, 3.0493579, -2.9117467, 2.7678046, 4.4688993
6.2535901, 2.5353539, -3.7182362, 2.5276451, 4.4672503
5.5147133, 1.9941167, -3.5205967, 1.8479666, 4.4613118
4.7926388, 1.4040527, -3.3885858, 1.1512799, 4.4474511
5.5298815, 1.7353855, -3.7944958, 1.5569595, 4.4326148
5.2567554, 1.6726069, -3.5841489, 1.6279870, 4.4204612
4.9784260, 1.6139352, -3.3644910, 1.1677361, 4.4055429
4.7782497, 1.5242608, -3.2539892, 0.87682223, 4.3864827
4.6341949, 1.6299770, -3.0042176, 0.92218071, 4.3661137
4.6832137, 1.8444228, -2.8387911, 1.2226899, 4.3496666
4.5466495, 2.0029247, -2.5437245, 1.2972770, 4.3363299
4.2539372, 2.0504880, -2.2034495, 1.2026190, 4.3237166
4.4544067, 1.7165394, -2.7378671, 1.0523612, 4.3101840
5.3237686, 1.9636018, -3.3601675, 2.2708609, 4.2988424
5.3407898, 2.2680387, -3.0727510, 3.2501223, 4.2960677
5.8323441, 2.3762701, -3.4560738, 3.2511027, 4.2960148
6.4377017, 2.5385709, -3.8991315, 3.0970085, 4.2962909
6.2789950, 2.3688126, -3.9101825, 2.7296102, 4.2968106
5.8485079, 2.4994464, -3.3490620, 2.3862841, 4.2963114
5.7371521, 2.1284001, -3.6087520, 2.0217230, 4.2940974
5.4965167, 2.2514579, -3.2450593, 1.9894336, 4.2902865
4.9870272, 2.2090888, -2.7779381, 1.8831140, 4.2853990
4.7033091, 2.1775267, -2.5257823, 1.7761939, 4.2788420
5.0108509, 1.7127161, -3.2981343, 1.3021260, 4.2670336
4.4766154, 1.7648832, -2.7117317, 0.99491155, 4.2487221
4.3529210, 1.8369869, -2.5159335, 0.91643506, 4.2269139
4.0659609, 2.0022247, -2.0637372, 3.1275215, 4.2313313
3.9536319, 2.2858219, -1.6678102, 3.1232011, 4.2587705
3.6357765, 2.3436277, -1.2921486, 3.1018279, 4.2871733
3.7546132, 2.2710915, -1.4835222, 2.9844697, 4.3145289
3.7167335, 2.1845977, -1.5321360, 2.9205713, 4.3401914
3.9937110, 2.1698675, -1.8238432, 2.8362918, 4.3637366
3.9226017, 2.2215412, -1.7010608, 2.8264589, 4.3861041
3.7221253, 2.2695720, -1.4525533, 2.8423312, 4.4088445
4.0612845, 2.0935271, -1.9677582, 2.7356575, 4.4300399
3.8989129, 2.0324657, -1.8664470, 2.6927361, 4.4491053
4.0129189, 2.1255977, -1.8873211, 2.6757472, 4.4669385
3.9696491, 2.3725600, -1.5970888, 2.6993670, 4.4855127
3.7967420, 2.4918816, -1.3048605, 2.6978576, 4.5048842
3.6994574, 2.5103281, -1.1891292, 2.6982973, 4.5256643
3.8521802, 2.4118571, -1.4403232, 2.6109664, 4.5454450
3.6370921, 2.5259526, -1.1111393, 2.5835385, 4.5652628
3.8180058, 2.5930598, -1.2249465, 2.5071428, 4.5836205
3.7238321, 2.5848243, -1.1390078, 2.4576972, 4.6007791
3.7555389, 2.5151479, -1.2403907, 2.4139874, 4.6173539
3.7013898, 2.3941362, -1.3072537, 2.3995914, 4.6340661
3.4686213, 2.8949699, -0.57365131, 2.3973620, 4.6517415
3.6099355, 2.7404559, -0.86947936, 2.3630650, 4.6694808
3.6886671, 2.2386701, -1.4499974, 2.3245325, 4.6862063
3.7558191, 2.3192105, -1.4366087, 2.3167202, 4.7027602
3.8572035, 2.2063231, -1.6508806, 2.2915320, 4.7187586
3.7735374, 2.4304972, -1.3430403, 2.2769690, 4.7337146
3.5439646, 2.4462693, -1.0976957, 2.2759166, 4.7489491
3.5802248, 2.7195864, -0.86063790, 2.2625241, 4.7641330
3.4152353, 2.7995124, -0.61572242, 2.2481058, 4.7795224
3.5183458, 2.7974451, -0.72090060, 2.2350736, 4.7951179
3.7309299, 2.4576590, -1.2732713, 0.14389585, 4.7861557
3.6507127, 2.5538721, -1.0968410, 0.14146717, 4.7547650
3.5906920, 2.5523944, -1.0382977, 0.13908386, 4.7237511
3.5080554, 2.9519386, -0.55611706, 0.13636404, 4.6932774
3.4071972, 3.2585149, -0.14868265, 0.12124328, 4.6630106
3.3210404, 2.6217463, -0.69929427, 0.10725327, 4.6327581
3.9369962, 6.4907188, 2.5537226, 15.287424, 4.6196790
3.5997672, 6.6563621, 3.0565948, 15.614333, 4.6861238
4.5353222, 4.0342178, -0.50110459, 5.1868763, 4.7088876
4.6102352, 3.7028236, -0.90741235, 3.5355535, 4.7104545
4.6984935, 3.8263791, -0.87211442, 3.2930844, 4.7102237
5.1409855, 3.9629159, -1.1780691, 3.2660093, 4.7106013
5.3804340, 4.0532675, -1.3271666, 3.4437635, 4.7122111
6.0461493, 4.4281845, -1.6179651, 3.7953720, 4.7153273
5.4855614, 4.8123116, -0.67324919, 3.7258675, 4.7208142
4.9397349, 5.0084791, 0.68744689E-1, 3.3051682, 4.7259030
7.2184930, 6.2577538, -0.96073902, 4.1802335, 4.7318883
7.4933248, 6.4088349, -1.0844902, 4.7372293, 4.7417288
5.6325984, 6.1749926, 0.54239452, 4.0945406, 4.7517548
7.8646517, 6.1196671, -1.7449838, 4.2336307, 4.7575402
6.4300852, 4.4644089, -1.9656762, 4.0993004, 4.7646542
6.5822248, 4.3012910, -2.2809346, 4.0051427, 4.7695098
6.8265781, 4.6142211, -2.2123570, 4.5117450, 4.7752194
6.8696365, 5.2568698, -1.6127665, 4.5756450, 4.7839017
7.5735159, 5.8743320, -1.6991843, 4.4656944, 4.7923775
6.4265504, 4.7228260, -1.7037241, 4.0439548, 4.8001876
6.7245560, 4.7705946, -1.9539626, 4.1623473, 4.8071370
7.1492276, 5.3662519, -1.7829748, 4.0237370, 4.8137941
5.9418769, 6.0632348, 0.12135772, 3.6284862, 4.8192992
6.3356953, 5.2174025, -1.1182923, 3.2127359, 4.8227677
6.3905888, 3.4956100, -2.8949792, 3.2431164, 4.8255367
3.8434241, 5.4055004, 1.5620768, 5.4256105, 4.8322816
7.1615019, 6.9893765, -0.17212547, 4.6734638, 4.8444424
4.3651896, 5.7949133, 1.4297237, 3.4395297, 4.8529444
7.4995332, 5.9700460, -1.5294859, 4.2313919, 4.8588853
7.4695811, 6.7189183, -0.75066221, 4.5848751, 4.8684363
6.3695207, 5.8967485, -0.47277218, 4.3398609, 4.8782220
7.7149019, 5.2640371, -2.4508648, 4.4124713, 4.8857379
8.4657660, 6.3149085, -2.1508574, 4.8534603, 4.8931069
7.7481022, 4.8419523, -2.9061501, 4.8787584, 4.9018149
7.2527294, 6.0537300, -1.1989977, 4.6500478, 4.9110823
7.0451589, 5.7042480, -1.3409109, 5.0039277, 4.9202061
8.2249622, 6.5969491, -1.6280129, 4.6095319, 4.9295230
7.5320482, 4.8637552, -2.6682920, 4.6164126, 4.9380569
7.9043837, 4.9405894, -2.9637947, 4.6049094, 4.9460912
7.4602432, 5.1410155, -2.3192270, 4.5622373, 4.9542813
6.8603964, 5.6700926, -1.1903051, 4.1433916, 4.9615283
6.6067219, 5.2481723, -1.3585488, 3.6351523, 4.9667721
5.8432364, 4.5029612, -1.3402746, 3.2507756, 4.9702888
3.7730355, 5.0380735, 1.2650380, 5.2177043, 4.9758067
6.9480200, 5.3970089, -1.5510117, 4.4590044, 4.9864268
7.3751035, 5.4586811, -1.9164228, 4.6098833, 4.9951854
8.0437517, 5.8374591, -2.2062919, 5.0465369, 5.0053616
7.0832672, 5.3446388, -1.7386279, 4.6134501, 5.0156064
6.7298255, 5.0518966, -1.6779281, 4.5109553, 5.0240850
7.7377377, 5.3911920, -2.3465464, 4.7108741, 5.0323920
8.3651199, 5.6262922, -2.7388272, 5.2673459, 5.0425892
8.0499277, 7.3989043, -0.65102309, 5.1519737, 5.0541391
7.9767551, 6.2087598, -1.7679955, 4.8157301, 5.0645308
7.0412216, 7.2375741, 0.19635202, 4.4000158, 5.0737147
6.0949693, 7.0074391, 0.91246843, 3.7655482, 5.0802541
6.3461070, 5.8620172, -0.48408934, 3.4281738, 5.0844064
6.1172414, 5.7704391, -0.34680271, 3.2061572, 5.0876122
5.5198884, 5.6297121, 0.10982342, 2.8560412, 5.0895123
5.4898472, 4.7432489, -0.74659866, 2.7496433, 5.0903120
7.0822964, 4.7410445, -2.3412511, 4.4089937, 5.0934281
6.2688065, 5.1389956, -1.1298112, 5.5601215, 5.1020598
4.2937961, 4.9280748, 0.63427889, 3.8681798, 5.1116967
6.4715557, 5.4436140, -1.0279416, 3.3698041, 5.1156206
6.6298342, 4.9311547, -1.6986796, 3.3041987, 5.1192441
6.0109668, 4.2291517, -1.7818158, 2.8385963, 5.1211648
5.6396990, 3.8138020, -1.8258976, 2.4815474, 5.1214128
4.5785031, 3.6705942, -0.90790832, 1.9870766, 5.1192393
3.8601637, 3.4050558, -0.45510778, 1.4875997, 5.1123147
7.0987368, 6.2014403, -0.89729691, 7.0128102, 5.1120687
6.0499039, 6.2075114, 0.15760706, 4.5423617, 5.1267962
5.6147981, 4.7412748, -0.87352324, 2.8186731, 5.1303792
6.4691873, 4.5702415, -1.8989458, 3.4866168, 5.1313238
7.6410108, 5.5974126, -2.0435979, 5.2010078, 5.1379476
7.6340218, 6.5251565, -1.1088656, 6.8616767, 5.1504288
8.5993862, 7.7578168, -0.84156871, 5.8903084, 5.1680236
8.5521460, 7.3875422, -1.1646048, 5.6184001, 5.1817613
7.8864675, 7.7068372, -0.17962986, 5.0351353, 5.1945500
6.8566656, 7.6226649, 0.76599956, 4.2412348, 5.2041645
6.4369259, 6.3091488, -0.12777703, 3.5561168, 5.2099624
6.1632171, 5.2748284, -0.88839006, 3.0687222, 5.2130542
6.4348435, 4.6299229, -1.8049204, 3.1566293, 5.2146955
7.4433551, 6.0032125, -1.4401436, 5.7509432, 5.2206316
7.7994494, 8.0656261, 0.26617756, 6.2226453, 5.2365537
8.3131018, 7.4077249, -0.90537727, 5.4683247, 5.2495699
8.8380127, 7.1396008, -1.6984127, 5.5316091, 5.2623706
8.8742046, 7.1555896, -1.7186154, 5.7329340, 5.2762027
7.8562460, 7.5384254, -0.31781983, 5.2566633, 5.2895193
7.4949536, 8.2099066, 0.71495193, 4.7467918, 5.3007574
7.2080321, 6.8344550, -0.37357721, 4.1260872, 5.3088870
6.3264995, 6.1242681, -0.20223099, 3.6059384, 5.3143606
7.8985219, 6.7469506, -1.1515712, 5.6798220, 5.3213015
7.7609472, 7.6533265, -0.10762092, 5.2517905, 5.3348746
7.1129975, 7.9468188, 0.83382183, 4.6293459, 5.3455024
7.8063841, 7.0726399, -0.73374403, 4.5116296, 5.3541961
7.7778411, 6.9765267, -0.80131364, 5.1445260, 5.3631091
7.9476571, 7.7787580, -0.16889909, 5.3246589, 5.3749809
6.8879819, 7.8919988, 1.0040166, 4.3606291, 5.3854847
6.3496728, 6.8883696, 0.53869665, 3.5916505, 5.3913808
6.7946315, 5.6376190, -1.1570129, 3.5347102, 5.3948579
7.1106205, 6.9669070, -0.14371395, 5.6996093, 5.4021907
7.7786856, 7.6253242, -0.15336090, 5.1768913, 5.4150262
8.0102806, 7.4486732, -0.56160694, 5.0746675, 5.4261918
6.7098160, 8.2734938, 1.5636783, 4.4364958, 5.4367008
6.7981110, 7.0241241, 0.22601296, 3.7765217, 5.4431205
6.3783612, 6.1600327, -0.21832889, 3.5833914, 5.4474549
6.2145147, 5.3363791, -0.87813556, 3.2110708, 5.4505248
5.6529183, 4.6737719, -0.97914594, 2.7535563, 5.4517102
5.2489433, 4.1722083, -1.0767365, 2.4578810, 5.4512086
4.8956633, 4.0624056, -0.83325744, 2.1886475, 5.4494195
4.8235030, 3.6917353, -1.1317670, 1.8454617, 5.4451518
4.5591660, 3.3776591, -1.1815073, 1.4991796, 5.4366708
4.1180658, 3.4740911, -0.64397478, 1.3185796, 5.4240627
3.7445593, 3.4305873, -0.31397167, 1.1523931, 5.4081917
5.7278223, 4.8205581, -0.90726376, 5.2409492, 5.4007163
6.7859287, 6.2814789, -0.50445002, 8.3984928, 5.4147630
7.0623636, 7.3799877, 0.31762287, 6.0170412, 5.4360833
7.3549600, 8.2656364, 0.91067833, 4.7734814, 5.4476953
6.9591298, 8.4297943, 1.4706639, 4.4545965, 5.4565234
6.8263931, 7.3818417, 0.55544871, 3.8683903, 5.4634089
6.4385800, 5.8547864, -0.58379364, 3.5465982, 5.4677358
6.4319682, 5.1294842, -1.3024840, 3.2763851, 5.4707026
5.6260481, 4.7214446, -0.90460360, 2.8461742, 5.4722271
5.2863665, 4.3306589, -0.95570737, 2.4847586, 5.4718971
4.7686610, 4.0423946, -0.72626567, 2.1912873, 5.4700794
4.4324603, 3.6721265, -0.76033396, 1.8927509, 5.4659934
3.9949763, 3.7033308, -0.29164565, 1.5502366, 5.4584713
4.1724000, 3.4097733, -0.76262689, 1.3564094, 5.4468827
6.9826117, 7.1879387, 0.20532781, 8.8717403, 5.4484921
7.4333510, 8.6455431, 1.2121918, 6.2908974, 5.4728546
7.1468687, 8.0301867, 0.88331777, 4.5083237, 5.4839263
6.7262487, 7.1831732, 0.45692444, 3.8649905, 5.4907060
6.0888472, 6.1761689, 0.87321803E-1, 3.3324068, 5.4946427
6.0569735, 5.1337500, -0.92322439, 2.9635329, 5.4964218
5.6717815, 4.4457941, -1.2259873, 2.7019463, 5.4969311
5.2630281, 4.2204494, -1.0425791, 2.5408225, 5.4963856
5.3388014, 3.8720660, -1.4667349, 2.4215460, 5.4950600
5.5787153, 3.2927997, -2.2859159, 2.4474542, 5.4930267
4.8117418, 3.4502878, -1.3614544, 2.1292830, 5.4897213
4.9651432, 2.8959041, -2.0692389, 1.8474765, 5.4825606
4.7223487, 2.9276450, -1.7947036, 1.7613380, 5.4733424
4.7488565, 3.1839881, -1.5648680, 2.1554623, 5.4630318
6.5370798, 4.1277132, -2.4093671, 4.3928609, 5.4614906
5.7574196, 3.7893348, -1.9680851, 3.5124989, 5.4658303
6.8177247, 4.2287760, -2.5889482, 4.7532597, 5.4682574
5.1114798, 4.0520229, -1.0594561, 3.6804566, 5.4739213
5.8965573, 3.3853340, -2.5112233, 2.9053617, 5.4741058
5.8023429, 3.4129558, -2.3893871, 3.0084455, 5.4732151
4.9590535, 3.3928030, -1.5662509, 2.4375055, 5.4713731
5.6380124, 3.7733102, -1.8647022, 3.5514972, 5.4663129
5.7633228, 4.4067407, -1.3565818, 4.5382910, 5.4708934
5.5234060, 4.1078410, -1.4155644, 3.4180508, 5.4754634
4.2806592, 4.3484478, 0.67788601E-1, 3.9050410, 5.4750686
6.9506292, 6.0688567, -0.88177228, 6.2234817, 5.4850316
7.4901371, 6.6977439, -0.79239285, 6.3288608, 5.4970574
6.7897835, 8.0980959, 1.3083121, 4.8503966, 5.5109119
6.7130108, 7.7645431, 1.0515321, 4.1597829, 5.5185032
6.5081549, 6.9282875, 0.42013255, 3.9842527, 5.5245166
7.3579307, 7.5168457, 0.15891561, 5.0474410, 5.5325103
7.5300331, 7.1896014, -0.34043130, 4.8061514, 5.5427265
6.9934607, 6.7542982, -0.23916282, 4.3197355, 5.5513477
6.9406013, 5.6720595, -1.2685418, 4.0315681, 5.5577545
7.5096912, 6.1076107, -1.4020807, 5.3485875, 5.5661836
7.1896029, 7.0229497, -0.16665380, 4.8241124, 5.5771618
6.5631142, 7.8663154, 1.3032024, 4.2909813, 5.5860386
5.9835086, 7.0886183, 1.1051100, 3.7572470, 5.5923405
6.0918193, 6.2901173, 0.19829775, 3.4235718, 5.5964761
7.4907012, 6.3714790, -1.1192222, 4.9224100, 5.6016541
5.5800204, 6.1273451, 0.54732430, 4.1893754, 5.6114516
7.6038480, 6.3261333, -1.2777143, 4.5112829, 5.6184082
6.9688616, 6.3737555, -0.59510595, 4.5728092, 5.6274762
7.1626153, 6.5576415, -0.60497433, 4.5565991, 5.6360908
6.9896517, 6.7339711, -0.25567985, 4.4312668, 5.6447353
6.9986954, 6.7824082, -0.21628743, 4.5964170, 5.6527100
6.3980603, 6.7000046, 0.30194342, 4.2979498, 5.6612649
6.1290498, 6.3313022, 0.20225242, 4.0653195, 5.6685066
7.1276670, 6.6299586, -0.49770841, 4.2255635, 5.6750870
6.7988420, 6.8899546, 0.91112971E-1, 4.4457092, 5.6827426
6.7889881, 7.1700058, 0.38101822, 4.3386564, 5.6907868
6.1119680, 6.8039036, 0.69193614, 3.7524416, 5.6973491
5.7500210, 5.9501634, 0.20014240, 3.2505622, 5.7009645
5.3831601, 5.2074661, -0.17569374, 3.0120602, 5.7027431
5.5744519, 5.2927704, -0.28168219, 3.7408755, 5.7041097
5.9273715, 6.7226033, 0.79523212, 4.2031679, 5.7108016
5.7619877, 5.7890439, 0.27056620E-1, 3.4027443, 5.7150102
5.3511930, 5.3927317, 0.41539341E-1, 3.2003593, 5.7174320
5.6364837, 4.8928943, -0.74358916, 3.1278102, 5.7191234
5.4737911, 4.4242578, -1.0495343, 2.8525434, 5.7201028
5.6737008, 3.8758779, -1.7978231, 2.7471774, 5.7199998
5.1377897, 3.7302237, -1.4075661, 2.6812534, 5.7196860
4.7776942, 3.4524565, -1.3252378, 2.3748641, 5.7185206
4.7231951, 3.1843851, -1.5388100, 2.1213760, 5.7156658
4.8783374, 2.9560697, -1.9222682, 2.0320263, 5.7113414
4.3374486, 2.8876462, -1.4498030, 1.9224277, 5.7055035
3.9082232, 2.8384054, -1.0698181, 1.7733376, 5.6975942
4.0195384, 2.8083827, -1.2111552, 1.7769121, 5.6887116
3.8856263, 2.5449293, -1.3406965, 1.5122211, 5.6776710
4.6894336, 2.2937977, -2.3956358, 1.5547321, 5.6641865
4.8784118, 2.2338231, -2.6445885, 1.7416650, 5.6523929
6.3484464, 3.2261665, -3.1222799, 4.9121490, 5.6460137
6.9035110, 3.4628699, -3.4406409, 5.1379824, 5.6538062
6.7058821, 3.4328516, -3.2730310, 4.4183559, 5.6594911
5.6360207, 3.2307806, -2.4052405, 3.5863481, 5.6628208
5.2044635, 2.8660975, -2.3383665, 2.7207060, 5.6627083
4.6920772, 2.5553112, -2.1367662, 2.1027381, 5.6584988
4.3986778, 2.3437214, -2.0549569, 1.7547784, 5.6498189
4.0798783, 2.2564011, -1.8234774, 1.5662347, 5.6380482
3.8844690, 2.1707690, -1.7136993, 1.4404367, 5.6239052
4.5376010, 2.6909907, -1.8466101, 3.0621538, 5.6105118
6.1813669, 5.3658261, -0.81554055, 8.9302683, 5.6219821
5.6366286, 5.5088072, -0.12782109, 6.0496492, 5.6401138
6.0867977, 4.4873791, -1.5994184, 3.9960010, 5.6473327
7.0633783, 4.8027468, -2.2606313, 4.2917008, 5.6503615
7.0324612, 5.1406236, -1.8918377, 4.4272971, 5.6559944
6.3209171, 5.2651391, -1.0557780, 3.9993839, 5.6620765
5.9850621, 4.7561860, -1.2288762, 3.5482829, 5.6661582
5.8427267, 4.3470364, -1.4956915, 3.3833506, 5.6689129
6.1708379, 4.0014620, -2.1693757, 3.2820249, 5.6709385
5.6396689, 3.6387725, -2.0008965, 3.2363873, 5.6726546
5.6668081, 3.6877491, -1.9790585, 3.7388802, 5.6749954
6.7548370, 3.7802868, -2.9745505, 3.8148568, 5.6783013
6.3829942, 3.5457249, -2.8372686, 3.6617095, 5.6813111
5.9362717, 3.2583168, -2.6779549, 3.3032994, 5.6828713
6.0613942, 3.0685127, -2.9928820, 3.0992930, 5.6833415
5.8566017, 2.9504077, -2.9061935, 3.0716202, 5.6836524
5.4076233, 2.9181335, -2.4894898, 2.9085724, 5.6838040
5.3108411, 2.7815316, -2.5293102, 2.6142998, 5.6827812
5.2781401, 2.6291473, -2.6489928, 2.4696074, 5.6803575
4.8884296, 2.4204552, -2.4679744, 2.3085861, 5.6766529
5.0216217, 2.4028566, -2.6187656, 2.2706292, 5.6718392
4.7375646, 2.5364277, -2.2011361, 2.2942948, 5.6666341
4.5233135, 2.9452415, -1.5780717, 3.2528989, 5.6612020
5.7374458, 3.8532097, -1.8842360, 5.2473526, 5.6663356
6.6375141, 3.4933300, -3.1441836, 4.1917200, 5.6719456
6.6230154, 2.8677902, -3.7552252, 3.7429318, 5.6733932
6.5909457, 2.6150420, -3.9759042, 3.3510342, 5.6710391
6.3978133, 2.5988131, -3.7989993, 3.2383518, 5.6678977
6.3283319, 2.3399382, -3.9883938, 3.0332115, 5.6652808
5.8352880, 2.0556750, -3.7796128, 2.5418234, 5.6585402
5.3289738, 1.9725803, -3.3563941, 2.2751563, 5.6494899
5.1086268, 2.0040169, -3.1046100, 2.1153560, 5.6393390
4.7982612, 1.9645274, -2.8337333, 1.9034356, 5.6261668
4.7044072, 1.9861809, -2.7182269, 1.8537498, 5.6117597
4.6181126, 2.0355599, -2.5825527, 1.8266661, 5.5973020
4.3042836, 2.0522642, -2.2520199, 1.7123590, 5.5821605
4.0766139, 2.0565424, -2.0200715, 1.6415038, 5.5661082
4.2128863, 2.0028908, -2.2099948, 1.5176599, 5.5486798
4.2282071, 1.9928733, -2.2353332, 1.4596220, 5.5298171
4.0264330, 2.0119984, -2.0144346, 1.4251654, 5.5103855
3.9192743, 1.9657381, -1.9535366, 1.3424785, 5.4902787
4.0125170, 1.9085681, -2.1039491, 1.2747967, 5.4690738
4.0543327, 2.0784497, -1.9758824, 1.3212098, 5.4480114
4.1387758, 1.8823283, -2.2564473, 1.1371388, 5.4251542
4.1800785, 1.8227723, -2.3573060, 1.0656351, 5.3991981
4.0812263, 1.9291707, -2.1520557, 1.1335213, 5.3737760
3.8003159, 1.9615586, -1.8387574, 1.0931934, 5.3489747
3.8887227, 2.0156260, -1.8730959, 1.0431398, 5.3233109
5.6207104, 2.6356244, -2.9850855, 3.5245001, 5.3046861
5.1637588, 2.4990139, -2.6647449, 3.3691864, 5.3010726
4.4899125, 2.1328967, -2.3570163, 2.0832062, 5.2896152
3.7562132, 2.1309764, -1.6252372, 1.8459693, 5.2742023
3.6861608, 2.2114305, -1.4747299, 1.4448147, 5.2577004
3.4002779, 2.0627999, -1.3374777, 0.98381442, 5.2362075
3.6370111, 2.0130031, -1.6240083, 0.84620738, 5.2115107
3.6530585, 1.8726779, -1.7803799, 0.80202174, 5.1854234
3.7017856, 2.0065875, -1.6951981, 0.98719054, 5.1598835
3.3729372, 2.2342796, -1.1386580, 0.95851982, 5.1361866
3.6768098, 1.7885758, -1.8882343, 0.60501271, 5.1068106
3.4020467, 1.5162904, -1.8857563, 0.28922874, 5.0674462
3.3365889, 1.5680770, -1.7685118, 0.40949231, 5.0254345
3.6244998, 1.5994251, -2.0250747, 0.42093581, 4.9853182
3.7416925, 1.6674902, -2.0742023, 0.39856631, 4.9448714
3.4012649, 1.5316622, -1.8696028, 0.24426788, 4.9020824
3.3141928, 1.5727860, -1.7414066, 0.24723396, 4.8573480
3.5717113, 1.6774575, -1.8942541, 0.37824675, 4.8154235
3.5768499, 1.6979948, -1.8788556, 0.40794769, 4.7756252
3.5837116, 1.7608085, -1.8229035, 0.51098847, 4.7383142
3.4085631, 1.8049703, -1.6035933, 0.51464754, 4.7031193
3.3267183, 1.9033494, -1.4233689, 0.60081208, 4.6701264
3.3527942, 2.0706067, -1.2821875, 0.68443227, 4.6409936
3.1876020, 2.0537915, -1.1338104, 0.65847641, 4.6131792
3.3986840, 2.1287916, -1.2698923, 0.65684748, 4.5860391
3.2036123, 2.2255416, -0.97807091, 0.72596157, 4.5595455
3.2503035, 2.1887670, -1.0615368, 0.67152488, 4.5340047
3.3097782, 1.9280937, -1.3816850, 0.48950762, 4.5075030
3.4781532, 1.7952555, -1.6828977, 0.38486561, 4.4790516
3.4419670, 1.5629410, -1.8790263, 0.27653193, 4.4468050
3.2396526, 1.6423340, -1.5973186, 0.28828993, 4.4150181
3.2028871, 1.6326479, -1.5702392, 0.27515271, 4.3852181
3.1600735, 1.6052856, -1.5547876, 0.25968704, 4.3569894
3.1062355, 1.4893450, -1.6168910, 0.22701181, 4.3284140
3.0189855, 2.0259562, -0.99302942, 1.7931412, 4.3028579
5.4547148, 2.4644346, -2.9902802, 3.2003689, 4.2995095
4.9257035, 1.8997232, -3.0259805, 1.8775157, 4.2950549
4.3483601, 1.6104951, -2.7378654, 1.1370300, 4.2833786
4.0197368, 1.5163713, -2.5033655, 0.61536896, 4.2656054
3.4619529, 1.3916854, -2.0702674, 0.22222392, 4.2404447
3.2710645, 1.3965582, -1.8745064, 0.13449489, 4.2119575
3.3887815, 1.3676654, -2.0211160, 0.12670916, 4.1832376
3.4853263, 1.3645794, -2.1207466, 0.12165884, 4.1543398
4.2993693, 1.7635761, -2.5357933, 0.99402571, 4.1323113
4.4558196, 1.9112527, -2.5445669, 1.2732320, 4.1192508
4.2775755, 1.5241187, -2.7534568, 0.57300502, 4.1019554
3.6940391, 1.3254592, -2.3685796, 0.15063229, 4.0749526
2.9326575, 1.0971655, -1.8354920, 0.61220560E-1, 4.0413628
3.3118057, 1.2324594, -2.0793464, 0.19535649, 4.0087147
3.6874280, 1.3371772, -2.3502507, 0.30436817, 3.9834557
4.4053335, 1.5330920, -2.8722417, 0.87009120, 3.9605875
4.2317052, 1.5020908, -2.7296145, 1.0158031, 3.9403179
3.7894461, 1.4790885, -2.3103571, 0.83771074, 3.9173136
4.3562460, 1.9019887, -2.4542580, 1.9087080, 3.8981817
5.0092936, 2.3761082, -2.6331847, 3.6870410, 3.8895140
5.6913924, 2.5005591, -3.1908338, 4.0007081, 3.8882551
5.4808893, 2.5813949, -2.8994946, 3.6802256, 3.8900032
4.9401984, 2.4675777, -2.4726200, 2.8340902, 3.8903430
4.2806702, 2.2582760, -2.0223947, 1.7731849, 3.8852966
4.0699353, 2.0061982, -2.0637374, 1.1522906, 3.8729694
3.9460454, 1.9027227, -2.0433233, 0.92834580, 3.8570616
4.1231480, 1.6859136, -2.4372346, 0.69476694, 3.8370311
3.9381235, 1.6815513, -2.2565722, 0.51433432, 3.8127267
3.8064804, 1.6884143, -2.1180661, 0.78779590, 3.7868185
3.8483741, 2.0758567, -1.7725172, 1.8766676, 3.7668076
4.0183592, 2.2300529, -1.7883056, 2.6388958, 3.7533705
5.4375806, 2.5499771, -2.8876028, 3.6114879, 3.7474473
4.7141819, 2.1206188, -2.5935633, 2.0218825, 3.7401521
4.1168633, 1.8988570, -2.2180064, 1.0320899, 3.7245445
3.8168979, 1.9448600, -1.8720376, 0.68029577, 3.7044888
3.5352869, 2.0137463, -1.5215402, 0.46437871, 3.6825469
3.4299862, 2.0571070, -1.3728799, 0.35049739, 3.6596978
3.4710608, 2.1181650, -1.3528957, 0.30251396, 3.6365149
3.3887925, 2.0068791, -1.3819133, 0.28641790, 3.6133740
3.2740970, 2.2513263, -1.0227709, 2.3748028, 3.6153181
3.2141347, 2.2264390, -0.98769587, 2.3544099, 3.6401007
3.1286724, 2.4699538, -0.65871930, 2.3370924, 3.6647923
3.1031642, 2.6031752, -0.49998915, 2.3036036, 3.6892946
3.3120470, 2.4127920, -0.89925492, 2.2651789, 3.7130785
3.5104234, 2.0303373, -1.4800862, 2.1932943, 3.7319057
3.5254397, 2.0143921, -1.5110474, 2.1723332, 3.7461605
3.4254799, 1.9733719, -1.4521085, 2.1761234, 3.7576275
3.7707665, 2.0592062, -1.7115599, 2.3708208, 3.7713861
3.4792652, 2.0284083, -1.4508566, 2.1663370, 3.7842214
3.4648395, 2.0502858, -1.4145536, 2.2286050, 3.7964346
3.6087236, 2.1580999, -1.4506235, 2.6230404, 3.8123372
3.6864381, 2.0753841, -1.6110541, 2.4424825, 3.8289354
3.8541689, 2.1843312, -1.6698377, 2.8236446, 3.8428714
3.9432430, 2.2608495, -1.6823937, 2.9516017, 3.8634691
4.9894185, 3.7069919, -1.2824261, 8.9298143, 3.8974969
5.2353921, 4.6159039, -0.61948812, 10.537935, 3.9645107
5.6147075, 3.3592539, -2.2554543, 7.5563293, 4.0244823
5.1977730, 2.4388585, -2.7589140, 5.3223457, 4.0720453
5.1788630, 2.3899348, -2.7889287, 4.4727092, 4.1128111
3.9864709, 2.8511984, -1.1352720, 6.9407401, 4.1540861
3.6241548, 2.7865360, -0.83761877, 7.0610704, 4.2049618
5.6498713, 2.9147196, -2.7351518, 7.1387916, 4.2554874
6.0135865, 2.8161032, -3.1974831, 5.9182148, 4.3057513
5.6434960, 2.1456985, -3.4977982, 4.6498919, 4.3509870
5.4762864, 2.1976006, -3.2786858, 4.5781317, 4.3930764
5.6128082, 2.2911088, -3.3216999, 4.7910995, 4.4364862
6.4266334, 2.4530411, -3.9735923, 5.0279684, 4.4805632
5.3512025, 2.5329874, -2.8182151, 4.7582159, 4.5251212
5.0515099, 2.3767836, -2.6747258, 4.0361562, 4.5658050
6.3807445, 2.5212481, -3.8594971, 2.6900828, 4.5781007
4.9673586, 2.1958632, -2.7714949, 1.5130181, 4.5685358
4.2665362, 2.2351513, -2.0313852, 0.86222780, 4.5480003
4.0897574, 2.0333591, -2.0563984, 0.82954299, 4.5257220
3.8511024, 2.2044137, -1.6466883, 0.83441395, 4.5036197
3.7075028, 2.6630483, -1.0444547, 0.84270996, 4.4817042
3.9492390, 2.4864876, -1.4627510, 0.81984687, 4.4597378
3.9034791, 2.6412194, -1.2622591, 0.79896861, 4.4375730
4.1244097, 2.4063327, -1.7180775, 0.77357107, 4.4152102
4.1426969, 2.5755093, -1.5671874, 0.77158839, 4.3925714
3.9823420, 2.9415195, -1.0408226, 1.4857277, 4.3706903
5.0283461, 3.4283128, -1.6000333, 3.9384432, 4.3605981
5.1528111, 5.2141461, 0.61335370E-1, 9.3428364, 4.3743935
6.3408079, 4.1093578, -2.2314491, 6.1498361, 4.3923173
5.6006060, 3.4845898, -2.1160157, 3.9495149, 4.4010539
5.1746016, 2.8708792, -2.3037221, 2.5919013, 4.4010911
4.7632389, 2.7544799, -2.0087588, 1.8178746, 4.3951144
2.7599978, 3.1304033, 0.37040532, 3.7746034, 4.3863144
4.2332058, 3.6418145, -0.59139091, 5.3480549, 4.3947368
5.0773859, 3.6856427, -1.3917433, 4.9546170, 4.4037833
6.7390270, 4.0420632, -2.6969638, 5.1868348, 4.4135938
7.6103611, 3.9133489, -3.6970117, 4.4652848, 4.4215226
7.2014170, 3.9918487, -3.2095683, 4.2978177, 4.4283586
6.6874795, 4.0954585, -2.5920198, 3.7881725, 4.4346218
6.2612391, 3.6349924, -2.6262469, 3.3000910, 4.4388137
5.5558753, 3.6439836, -1.9118917, 3.0040038, 4.4417386
5.4285817, 3.6166031, -1.8119786, 2.7625334, 4.4435792
5.2284431, 3.4797072, -1.7487361, 2.5000229, 4.4441113
4.8213234, 3.5913818, -1.2299415, 2.1108732, 4.4423747
4.3682337, 3.1913171, -1.1769162, 1.7933595, 4.4372597
6.3773994, 3.8920562, -2.4853432, 4.7779441, 4.4345036
5.4919171, 4.4013686, -1.0905493, 5.7536879, 4.4466505
5.4724040, 5.0658221, -0.40658164, 5.9419327, 4.4586201
5.2943048, 5.6445160, 0.35021192, 4.6877027, 4.4728303
7.6223788, 6.0367827, -1.5855970, 4.7640033, 4.4827437
5.8891058, 6.3553843, 0.46627882, 4.0288839, 4.4929638
6.9988937, 6.6982312, -0.30066210, 4.3443913, 4.5019865
7.9302487, 6.6873503, -1.2428982, 4.5866055, 4.5116477
6.9506636, 6.5420446, -0.40861958, 4.6822619, 4.5222158
6.4106750, 7.3412580, 0.93058395, 4.4424295, 4.5325856
7.2841640, 7.6968904, 0.41272643, 4.6784830, 4.5426598
7.0352006, 7.8991566, 0.86395586, 4.5247378, 4.5536222
7.3741860, 7.1335263, -0.24065983, 4.5296874, 4.5636864
6.5104837, 5.7311754, -0.77930748, 4.2201505, 4.5730858
7.3831158, 5.3278785, -2.0552368, 4.5603304, 4.5817895
6.8563461, 5.5547109, -1.3016361, 4.5707417, 4.5912833
5.6073627, 5.7718496, 0.16448647, 4.1805334, 4.6013713
8.1312752, 6.4961329, -1.6351435, 4.4855633, 4.6095457
6.8332267, 7.3064537, 0.47322601, 4.6772819, 4.6205091
7.4877958, 7.8587933, 0.37099773, 4.6380835, 4.6308646
7.6994066, 7.4563174, -0.24308941, 5.0167112, 4.6418157
7.9369311, 7.0805407, -0.85639024, 4.8484154, 4.6537576
7.9065566, 6.4075975, -1.4989593, 4.8026586, 4.6649513
7.6262240, 6.5155416, -1.1106820, 4.6323552, 4.6754189
7.7185354, 5.6586738, -2.0598614, 4.4732876, 4.6846275
7.7669029, 5.4408836, -2.3260190, 4.4139700, 4.6931672
7.0219460, 5.2332039, -1.7887421, 3.9518535, 4.7003798
6.8009863, 4.4600787, -2.3409071, 3.3981974, 4.7050204
5.5364695, 3.9812179, -1.5552520, 2.9236240, 4.7077122
6.5217934, 3.2573147, -3.2644789, 2.7799225, 4.7088027
6.1866331, 3.1532853, -3.0333471, 2.8698280, 4.7099409
5.7851353, 3.4532614, -2.3318737, 4.2387080, 4.7120175
6.8989916, 4.4577065, -2.4412849, 5.9921355, 4.7225552
7.7852869, 5.0349579, -2.7503283, 5.9309859, 4.7354860
7.6752930, 5.9816689, -1.6936243, 5.2692165, 4.7482233
6.5667372, 6.1444907, -0.42224559, 5.6007981, 4.7593031
6.3740354, 6.4925289, 0.11849269, 4.5312939, 4.7720318
7.0145173, 7.3987551, 0.38423887, 4.5489850, 4.7818418
7.7383723, 7.5502696, -0.18810317, 4.7236285, 4.7920756
7.1555395, 7.9698768, 0.81433761, 4.5933299, 4.8029089
6.9266295, 8.0331354, 1.1065062, 4.5705552, 4.8130918
8.2443361, 7.3687592, -0.87557638, 4.9100924, 4.8236189
7.5555053, 6.8994203, -0.65608430, 4.8044801, 4.8349357
7.6074781, 7.6743679, 0.66888362E-1, 5.0887642, 4.8460116
8.0358114, 7.0658016, -0.97000933, 5.1642957, 4.8583241
6.6697860, 8.6850948, 2.0153084, 4.4009786, 4.8698845
7.2243757, 7.4067783, 0.18240196, 4.6677909, 4.8789558
6.9129691, 6.5778122, -0.33515713, 4.5203075, 4.8893871
8.1967211, 6.4457798, -1.7509407, 4.9432364, 4.8996778
8.3395033, 6.7059059, -1.6335980, 5.2492137, 4.9119024
7.5412693, 6.5669518, -0.97431731, 5.1072216, 4.9246373
6.8071260, 6.9991088, 0.19198304, 4.6146669, 4.9359522
6.8528662, 7.1457391, 0.29287249, 4.3138533, 4.9451995
7.2242727, 8.6985168, 1.4742441, 4.6176167, 4.9549227
7.3286014, 8.8483324, 1.5197309, 4.6522617, 4.9651213
7.1947589, 8.6797047, 1.4849457, 4.5042024, 4.9752011
6.6430321, 8.2488470, 1.6058148, 4.0603046, 4.9836745
7.5029335, 7.5549870, 0.52054197E-1, 4.8769870, 4.9916601
5.5920534, 7.1409163, 1.5488627, 4.2141123, 5.0020843
5.3085241, 7.2460456, 1.9375224, 3.5833323, 5.0092764
7.1188908, 9.1253347, 2.0064454, 4.0024352, 5.0153060
7.1444221, 8.7331839, 1.5887625, 4.5311527, 5.0238290
7.0305023, 8.5005236, 1.4700211, 4.2863550, 5.0331793
6.7710152, 8.0804062, 1.3093910, 3.8556700, 5.0403175
6.1410322, 7.7038498, 1.5628173, 3.4535751, 5.0453629
6.6059804, 6.1143708, -0.49160948, 3.5475235, 5.0489354
6.8370562, 6.8064899, -0.30566305E-1, 4.3574014, 5.0546932
6.9654341, 7.1245790, 0.15914616, 5.0664420, 5.0623193
7.8871727, 7.6673522, -0.21981999, 5.6102428, 5.0743918
7.8135910, 7.9959974, 0.18240598, 5.0113850, 5.0866957
6.6536942, 8.2937088, 1.6400141, 4.1709237, 5.0961947
6.3086195, 7.2614994, 0.95287955, 3.5645869, 5.1018968
6.6862950, 5.8101287, -0.87616694, 3.4896560, 5.1058459
7.3114166, 6.6563425, -0.65507358, 4.7694726, 5.1119514
6.5723667, 6.4345617, -0.13780579, 3.9631176, 5.1193986
6.5289469, 5.3045077, -1.2244385, 3.4674833, 5.1237335
6.1939106, 4.7400351, -1.4538749, 3.0892537, 5.1264181
7.6385961, 6.2333083, -1.4052881, 5.7812991, 5.1316428
6.6172438, 7.1388016, 0.52155811, 4.8429723, 5.1445594
6.2094145, 5.9970250, -0.21238947, 3.6037450, 5.1507096
5.8007464, 5.6800303, -0.12071678, 2.9206381, 5.1534095
5.5002599, 4.6693945, -0.83086455, 2.6284275, 5.1540680
5.4084101, 4.5397401, -0.86867094, 2.4705076, 5.1538033
4.8584819, 4.5514665, -0.30701578, 2.1654785, 5.1522832
6.0910797, 4.1274710, -1.9636080, 2.8278713, 5.1497340
6.9285636, 5.1870012, -1.7415624, 4.3874416, 5.1527524
6.1581116, 5.9994378, -0.15867382, 4.8889422, 5.1603546
5.3829088, 5.0021315, -0.38077736, 3.5138850, 5.1662402
5.6635618, 4.4446940, -1.2188672, 2.9263861, 5.1676931
5.0639353, 4.5492702, -0.51466471, 3.1005118, 5.1688905
5.7470770, 4.7389855, -1.0080906, 3.1813464, 5.1709456
7.4943442, 4.2826505, -3.2116933, 4.0934749, 5.1733031
6.0803280, 4.7428265, -1.3375015, 3.7986984, 5.1790838
5.4464650, 3.9755211, -1.4709437, 2.6673906, 5.1806378
6.3189373, 8.2971258, 1.9781880, 8.3399553, 5.1892996
7.5981975, 8.2202835, 0.62208533, 5.5846519, 5.2095509
7.0494227, 9.4061155, 2.3566926, 4.6339512, 5.2209172
6.5772276, 7.8150935, 1.2378669, 3.9481347, 5.2287154
5.5088911, 8.0499134, 2.5410228, 3.3573897, 5.2339311
5.0173192, 6.7298770, 1.7125579, 2.9365520, 5.2364659
5.2947555, 5.1551790, -0.13957638, 3.4866409, 5.2380333
7.1018553, 7.4854650, 0.38360974, 5.0672455, 5.2466068
8.1998911, 7.3894453, -0.81044519, 5.0523815, 5.2574391
6.8754611, 7.9767022, 1.1012412, 4.7947431, 5.2690535
8.0726004, 7.8859630, -0.18663716, 4.8844142, 5.2788210
7.2089205, 8.4266768, 1.2177575, 4.7173166, 5.2895670
6.3964491, 8.5211496, 2.1247013, 4.0677967, 5.2981400
6.0482411, 8.4087687, 2.3605278, 3.5434904, 5.3036742
5.7800303, 7.0888081, 1.3087773, 3.1898072, 5.3071723
5.0021534, 6.5989509, 1.5967971, 2.8866627, 5.3091593
5.3128157, 5.4258237, 0.11300772, 2.5557239, 5.3096437
6.7144284, 6.5116296, -0.20279825, 5.4665632, 5.3130903
5.9537125, 9.3206348, 3.3669217, 4.5054879, 5.3263469
6.0756798, 8.2235575, 2.1478775, 3.4807901, 5.3320794
6.5795894, 6.5538688, -0.25720328E-1, 3.5289521, 5.3357654
4.6286077, 5.7412133, 1.1126062, 3.4420872, 5.3399353
7.1501117, 5.7222238, -1.4278880, 3.9235449, 5.3432102
6.9908104, 6.8908348, -0.99974900E-1, 5.0512857, 5.3506646
7.0938497, 7.9883294, 0.89447933, 5.0258050, 5.3619828
7.3264046, 7.0053892, -0.32101494, 4.7049990, 5.3720450
7.7026463, 7.3993988, -0.30324769, 4.8132014, 5.3819370
6.2262263, 7.1769452, 0.95071942, 4.4655023, 5.3920631
6.1805558, 7.4613194, 1.2807636, 4.0424085, 5.3997569
7.1892653, 7.3793664, 0.19010162, 4.3007622, 5.4068837
6.5157223, 7.4092455, 0.89352280, 4.3654518, 5.4155965
7.7156239, 6.7231684, -0.99245548, 4.6447825, 5.4239383
6.1427321, 7.5832944, 1.4405622, 4.2646832, 5.4335022
6.5934925, 7.6164994, 1.0230066, 3.8788176, 5.4399276
6.2519727, 7.7064247, 1.4544520, 3.6177628, 5.4453149
5.7014990, 6.2946119, 0.59311330, 3.3831115, 5.4489732
7.1842732, 5.9542289, -1.2300447, 4.0128860, 5.4527583
5.8802371, 6.2599902, 0.37975270, 3.7931044, 5.4583888
4.8847904, 6.0420642, 1.1572732, 3.0589335, 5.4613862
4.4710517, 5.9555740, 1.4845231, 3.9125817, 5.4632926
5.3983669, 8.5286579, 3.1302910, 3.9098296, 5.4704309
5.5374708, 6.7102113, 1.1727397, 3.5403945, 5.4757257
6.5400987, 8.1672192, 1.6271205, 3.9103410, 5.4812546
5.9440169, 8.7993555, 2.8553391, 3.8309317, 5.4871693
6.3359294, 8.7114582, 2.3755279, 4.0541921, 5.4935508
6.4535279, 7.7988458, 1.3453182, 3.7653837, 5.4994240
6.1645527, 6.2061243, 0.41571453E-1, 3.6411135, 5.5041976
7.1914120, 6.4549146, -0.73649657, 5.0769429, 5.5110431
6.8034821, 7.5437770, 0.74029595, 4.5138021, 5.5211506
6.8285208, 7.3210902, 0.49256936, 4.4119840, 5.5295372
7.0881343, 6.8889203, -0.19921389, 4.4347000, 5.5378056
6.2471657, 7.7343912, 1.4872258, 4.1292820, 5.5460715
5.8615270, 7.3473420, 1.4858150, 3.5800078, 5.5517097
5.7803144, 6.6776910, 0.89737701, 3.4445770, 5.5554690
6.3820405, 6.7777910, 0.39575052, 3.9367218, 5.5598502
6.7438784, 5.7620049, -0.98187268, 3.8840055, 5.5649514
5.9057879, 6.0887890, 0.18300170, 3.6587019, 5.5697865
6.9080415, 5.6068559, -1.3011856, 4.3365984, 5.5742183
5.9636836, 6.5100765, 0.54639375, 4.3008800, 5.5810771
6.2643414, 8.1447859, 1.8804448, 4.5493765, 5.5891423
5.6592412, 8.3478584, 2.6886163, 3.8784459, 5.5960784
6.0060511, 8.1971312, 2.1910784, 3.7692239, 5.6014867
2.3959022, 6.2789350, 3.8830333, 2.3219843, 5.6051173
6.7134471, 6.4317904, -0.28165644, 3.4960809, 5.6056666
7.2015443, 5.3246651, -1.8768790, 4.2943077, 5.6118603
7.8648000, 5.6800141, -2.1847866, 4.7988238, 5.6197982
6.7458558, 6.9216552, 0.17579952, 4.6835775, 5.6294570
6.5397654, 7.2219877, 0.68222213, 4.2584171, 5.6375980
6.2089534, 6.8354368, 0.62648427, 3.8806393, 5.6440716
6.1247234, 6.6038051, 0.47908083, 3.6360242, 5.6490254
6.0633841, 5.8121924, -0.25119242, 3.4717793, 5.6527514
5.4280696, 5.5966511, 0.16858079, 3.2712629, 5.6556702
5.6581326, 4.8146443, -0.84348893, 3.0597641, 5.6573272
6.6266465, 3.7369726, -2.8896749, 3.0575759, 5.6580892
6.0598521, 3.3448639, -2.7149882, 3.0171447, 5.6589012
5.4490523, 3.2512827, -2.1977701, 2.7789979, 5.6589704
5.2044001, 3.2785945, -1.9258054, 2.6689444, 5.6580620
4.7397799, 3.4113383, -1.3284415, 2.5536158, 5.6568561
4.4087996, 3.2734962, -1.1353035, 2.3148584, 5.6546159
4.8899326, 2.5920439, -2.2978890, 2.1091943, 5.6506400
4.7269068, 2.5475814, -2.1793258, 1.9581399, 5.6447997
4.3525891, 2.5074317, -1.8451570, 1.8023151, 5.6368160
4.1084867, 2.4585285, -1.6499588, 1.6623324, 5.6265626
4.1060524, 2.4087706, -1.6972820, 1.5968933, 5.6144156
3.8621106, 2.4998753, -1.3622355, 1.5466150, 5.6011662
3.7626925, 2.5379586, -1.2247341, 1.4733614, 5.5866942
3.6435490, 2.4658923, -1.1776569, 1.3709344, 5.5706725
3.5657382, 2.4364550, -1.1292832, 1.3017030, 5.5533624
3.6806004, 2.3957651, -1.2848349, 1.2449123, 5.5350022
3.5956774, 2.3080034, -1.2876740, 1.2224638, 5.5158553
3.4483781, 2.4990225, -0.94935554, 1.1998229, 5.4962220
3.7807043, 2.3274286, -1.4532752, 1.2544785, 5.4760861
3.5868862, 2.4571521, -1.1297339, 1.1845918, 5.4567332
3.5260689, 2.4183342, -1.1077344, 1.0293238, 5.4348865
3.8258419, 2.1857719, -1.6400703, 0.94294339, 5.4116960
3.8195763, 2.0177569, -1.8018192, 0.87354136, 5.3871784
3.6294401, 2.0933740, -1.5360657, 0.88097739, 5.3622050
3.6626394, 2.1036339, -1.5590057, 0.89102972, 5.3373818
3.5335214, 2.1724274, -1.3610936, 0.87808812, 5.3124051
3.4918110, 2.1778090, -1.3140022, 0.87222123, 5.2872338
3.5531158, 2.1614747, -1.3916410, 0.85620153, 5.2619195
3.6199262, 2.2526989, -1.3672271, 0.84364873, 5.2364168
3.3245194, 2.2416666, -1.0828527, 0.82520926, 5.2107072
3.4624689, 2.2810931, -1.1813755, 0.80012679, 5.1848536
3.5179965, 2.1479244, -1.3700719, 0.75211108, 5.1586699
3.3326061, 2.1809943, -1.1516112, 0.74242622, 5.1322451
3.3827636, 2.2366967, -1.1460670, 0.73094231, 5.1057844
3.3404529, 2.2196157, -1.1208372, 0.70942616, 5.0793056
3.3650241, 2.2495363, -1.1154875, 0.66619718, 5.0524640
3.3791306, 2.1896834, -1.1894472, 0.61307299, 5.0247602
3.3970497, 2.1523085, -1.2447414, 0.55270660, 4.9959087
3.2762256, 2.3327823, -0.94344389, 0.55776590, 4.9675288
3.1353865, 2.2348921, -0.90049458, 0.53687358, 4.9397979
3.0903568, 2.5501943, -0.54016250, 0.50791931, 4.9119396
3.0418408, 2.5988600, -0.44298095, 0.47563618, 4.8837771
3.0475335, 2.4630241, -0.58450997, 0.45221972, 4.8555193
2.8430817, 2.5463929, -0.29668835, 1.2973830, 4.8285718
3.9512804, 2.9960375, -0.95524305, 3.2483160, 4.8176417
4.3681316, 3.0855792, -1.2825521, 3.0050869, 4.8122735
3.6655192, 2.7037096, -0.96180987, 2.0157464, 4.8026094
3.5741770, 2.3528771, -1.2212993, 0.96986097, 4.7849650
3.2760634, 1.8432844, -1.4327786, 0.38136074, 4.7581439
3.4469583, 1.7377191, -1.7092388, 0.27716243, 4.7263455
3.4141629, 1.9395080, -1.4746550, 0.29619017, 4.6941829
3.4556887, 1.9232429, -1.5324458, 0.34567770, 4.6635747
3.2240360, 1.9675760, -1.2564597, 0.29065114, 4.6328053
3.2884138, 2.0171571, -1.2712567, 0.29421249, 4.6024518
2.9386492, 1.9658704, -0.97277904, 0.29526874, 4.5723643
3.3477633, 2.0633762, -1.2843871, 0.28361171, 4.5418315
3.3465142, 1.9787500, -1.3677642, 0.26400134, 4.5106874
3.1614699, 1.9797177, -1.1817522, 0.25109825, 4.4791451
3.2766895, 1.9959249, -1.2807648, 0.23215488, 4.4472518
3.2243814, 2.0316749, -1.1927068, 0.21037398, 4.4145942
3.1205947, 2.0703447, -1.0502497, 0.20054628, 4.3814902
3.0966043, 2.1266720, -0.96993238, 0.20372289, 4.3496079
3.0256629, 2.1869168, -0.83874619, 0.20083576, 4.3190002
3.0069518, 2.2103586, -0.79659319, 0.19697192, 4.2894444
3.0681503, 2.1986201, -0.86953044, 0.18946564, 4.2603478
3.0060737, 2.1554010, -0.85067266, 0.17542571, 4.2309980
3.1309574, 2.2082069, -0.92275083, 0.16259354, 4.2011342
3.2346294, 2.1800621, -1.0545669, 0.14125471, 4.1703019
3.2096510, 2.0997674, -1.1098832, 0.13626119, 4.1392765
3.2875164, 2.2661266, -1.0213900, 0.12732315, 4.1076560
3.1252229, 2.3685513, -0.75667137, 0.13799988, 4.0783906
3.2993071, 2.2129104, -1.0863966, 0.10358959, 4.0478950
3.2805967, 2.2704713, -1.0101254, 0.99010304E-1, 4.0161853
3.3097091, 2.1667161, -1.1429932, 0.78853227E-1, 3.9834478
3.3140180, 2.1503227, -1.1636953, 0.70660837E-1, 3.9495804
3.3234768, 2.2332013, -1.0902755, 0.74168175E-1, 3.9168284
3.2597747, 2.2856977, -0.97407722, 0.61436784E-1, 3.8838975
3.2442102, 2.3830576, -0.86115324, 0.70826694E-1, 3.8535058
3.2731907, 2.2817609, -0.99142975, 0.50516237E-1, 3.8226645
3.2438679, 2.2832541, -0.96061379, 0.36314633E-1, 3.7895908
3.2149987, 2.3333936, -0.88160479, 0.33600610E-1, 3.7561023
3.2190759, 2.3048730, -0.91420245, 0.30557483E-1, 3.7243519
3.1887710, 2.3367708, -0.85200006, 0.23504388E-1, 3.6930048
3.2745841, 2.4785903, -0.79599369, 0.19614983E-1, 3.6624329
3.1360734, 2.4710078, -0.66506529, 0.13675809E-1, 3.6334069
3.1092470, 2.6004529, -0.50879431, 0.82041603E-2, 3.6056406
3.0519338, 2.6860752, -0.36585894, 0.18172350E-2, 3.5787995
3.2119865, 2.6683438, -0.54364300, 0.0000000, 3.5512774
3.1695151, 2.5704975, -0.59901780, 0.0000000, 3.5214520
3.2276192, 2.6666100, -0.56100893, 0.0000000, 3.4908953
3.2161827, 2.7546346, -0.46154773, 0.0000000, 3.4629838
