0.10644304E-3, 0.97094700E-2, -0.57747215E-3, 0.0000000, 0.13168471, 0.30631760E-1, 128.62964
0.10876964E-3, 0.80825659E-2, -0.55662938E-3, 0.0000000, 0.10614887, 0.31335931E-1, 131.44302
0.11071571E-3, 0.78776414E-2, -0.58862020E-3, 0.0000000, 0.90095781E-1, 0.32708585E-1, 133.79510
0.11243037E-3, 0.59295166E-2, -0.52521878E-3, 0.0000000, 0.79562530E-1, 0.35082459E-1, 135.86926
0.11396357E-3, 0.80129988E-2, -0.68760896E-3, 0.0000000, 0.71536705E-1, 0.33041976E-1, 137.72014
0.11533331E-3, 0.86838631E-2, -0.77773817E-3, 0.0000000, 0.66401675E-1, 0.31835258E-1, 139.37480
0.11660445E-3, 0.89060897E-2, -0.84459549E-3, 0.0000000, 0.62486332E-1, 0.30996040E-1, 140.91078
0.11781890E-3, 0.79434998E-2, -0.82773459E-3, 0.0000000, 0.60222968E-1, 0.31523149E-1, 142.37947
0.11889389E-3, 0.92353635E-2, -0.11709370E-2, 0.23713294E-1, 0.56802616E-1, 0.26486419E-1, 143.67734
0.11900191E-3, 0.93310243E-2, -0.15219531E-2, 0.45580398E-1, 0.44981308E-1, 0.19857047E-1, 143.80780
0.11915991E-3, 0.79890387E-2, -0.12942179E-2, 0.25424477E-1, 0.42640243E-1, 0.21371989E-1, 144.00006
0.11964917E-3, 0.76397564E-2, -0.11986872E-2, 0.12388017E-1, 0.43352965E-1, 0.22951756E-1, 144.59172
0.12035264E-3, 0.90798801E-2, -0.12877703E-2, 0.48881057E-2, 0.44559997E-1, 0.24041558E-1, 145.44044
0.12118580E-3, 0.93439026E-2, -0.12361124E-2, 0.0000000, 0.45330551E-1, 0.26904793E-1, 146.44710
0.12206841E-3, 0.99318624E-2, -0.12384485E-2, 0.0000000, 0.46286426E-1, 0.29590813E-1, 147.51314
0.12296863E-3, 0.93190651E-2, -0.12046350E-2, 0.0000000, 0.47623217E-1, 0.30995585E-1, 148.60172
0.12390921E-3, 0.91074966E-2, -0.12285369E-2, 0.0000000, 0.49147625E-1, 0.31440262E-1, 149.73863
0.12484734E-3, 0.10640816E-1, -0.16342225E-2, 0.33199794E-2, 0.50108712E-1, 0.24282899E-1, 150.87086
0.12553425E-3, 0.11904995E-1, -0.18971595E-2, 0.13181155E-1, 0.47665745E-1, 0.21940993E-1, 151.69977
0.12629677E-3, 0.92288321E-2, -0.15607598E-2, 0.55131200E-3, 0.48226971E-1, 0.24606861E-1, 152.62396
0.12734662E-3, 0.83996970E-2, -0.13722004E-2, 0.0000000, 0.60539100E-1, 0.29887404E-1, 153.89359
0.12871144E-3, 0.53399848E-2, -0.10139234E-2, 0.0000000, 0.73380396E-1, 0.34789141E-1, 155.54604
0.13033564E-3, 0.37063982E-2, -0.12211330E-2, 0.0000000, 0.82138129E-1, 0.30870859E-1, 157.51059
0.13215614E-3, 0.36252916E-2, -0.13552984E-2, 0.17622579E-3, 0.92501365E-1, 0.29705532E-1, 159.71078
0.13403130E-3, 0.48131337E-2, -0.15383732E-2, 0.15834363E-1, 0.10014080, 0.27286526E-1, 161.97588
0.13567624E-3, 0.45749187E-2, -0.14388381E-2, 0.21335877E-1, 0.99961884E-1, 0.25407901E-1, 163.96397
0.13742264E-3, 0.42646774E-2, -0.13854486E-2, 0.89423945E-2, 0.97754404E-1, 0.26736874E-1, 166.07486
0.13911090E-3, 0.42639310E-2, -0.17033032E-2, 0.24308331E-1, 0.94711237E-1, 0.26319709E-1, 168.11519
0.14014241E-3, 0.53639403E-2, -0.19240626E-2, 0.55131722E-1, 0.86840540E-1, 0.23016237E-1, 169.36069
0.14053121E-3, 0.67834896E-2, -0.22145999E-2, 0.69773369E-1, 0.77175438E-1, 0.20383855E-1, 169.82915
0.14053193E-3, 0.98580355E-2, -0.27311933E-2, 0.71308270E-1, 0.69426425E-1, 0.18510805E-1, 169.82697
0.14045378E-3, 0.12313270E-1, -0.30293807E-2, 0.60290221E-1, 0.64302243E-1, 0.18031521E-1, 169.73004
0.14054800E-3, 0.14599747E-1, -0.31629836E-2, 0.42131588E-1, 0.62247574E-1, 0.19023392E-1, 169.84163
0.14097786E-3, 0.12958994E-1, -0.27913351E-2, 0.26816804E-1, 0.64174019E-1, 0.20455515E-1, 170.36278
0.14175349E-3, 0.11677673E-1, -0.25379942E-2, 0.19244226E-1, 0.69689766E-1, 0.21651968E-1, 171.30141
0.14289224E-3, 0.83018411E-2, -0.20522559E-2, 0.81082555E-2, 0.76928094E-1, 0.24953077E-1, 172.68100
0.14434078E-3, 0.81522306E-2, -0.19842656E-2, 0.50778231E-2, 0.85222892E-1, 0.25597127E-1, 174.43181
0.14606748E-3, 0.60297032E-2, -0.17504330E-2, 0.43082731E-2, 0.92549883E-1, 0.27851144E-1, 176.52068
0.14780539E-3, 0.45444262E-2, -0.21135542E-2, 0.12340168E-1, 0.92354730E-1, 0.27329823E-1, 178.62245
0.14929719E-3, 0.47244322E-2, -0.21426305E-2, 0.22719502E-1, 0.87473057E-1, 0.26124390E-1, 180.42520
0.15014397E-3, 0.77163596E-2, -0.26816952E-2, 0.55427220E-1, 0.81790999E-1, 0.22149757E-1, 181.44582
0.15082522E-3, 0.88000568E-2, -0.25320360E-2, 0.36322255E-1, 0.80669448E-1, 0.22166248E-1, 182.26854
0.15193767E-3, 0.96116643E-2, -0.23848899E-2, 0.12802257E-1, 0.83653741E-1, 0.24443770E-1, 183.61250
0.15335785E-3, 0.12007191E-1, -0.26479620E-2, 0.79045035E-2, 0.88522762E-1, 0.24483740E-1, 185.32642
0.15493228E-3, 0.14094951E-1, -0.28638483E-2, 0.30678157E-2, 0.93284830E-1, 0.24990417E-1, 187.22710
0.15662836E-3, 0.14799051E-1, -0.29500760E-2, 0.12124334E-2, 0.97695231E-1, 0.25369041E-1, 189.27608
0.15842331E-3, 0.15721936E-1, -0.30379067E-2, 0.0000000, 0.10186217, 0.25900500E-1, 191.44461
0.16032558E-3, 0.12275157E-1, -0.26480069E-2, 0.0000000, 0.10599749, 0.26012367E-1, 193.74675
0.16182095E-3, 0.16867649E-1, -0.32483623E-2, 0.48421975E-1, 0.11057359, 0.25725357E-1, 195.54953
0.16291480E-3, 0.15892424E-1, -0.31571691E-2, 0.46568822E-1, 0.11470307, 0.25989294E-1, 196.87230
0.16407264E-3, 0.21298565E-1, -0.37954743E-2, 0.45413017E-1, 0.11832085, 0.26084734E-1, 198.26631
0.16521543E-3, 0.24516748E-1, -0.41803932E-2, 0.44208393E-1, 0.12099491, 0.26204502E-1, 199.64420
0.16645670E-3, 0.18580819E-1, -0.35278550E-2, 0.41796092E-1, 0.12428172, 0.26967775E-1, 201.15022
0.16810396E-3, 0.98418910E-2, -0.23144460E-2, 0.31293370E-1, 0.12965785, 0.32026809E-1, 203.14963
0.17010298E-3, 0.90124467E-2, -0.21817372E-2, 0.28226729E-1, 0.13546509, 0.33534069E-1, 205.56635
0.17230576E-3, 0.74704858E-2, -0.19537257E-2, 0.25297634E-1, 0.13983518, 0.34998845E-1, 208.23006
0.17449399E-3, 0.75977026E-2, -0.20576569E-2, 0.34567710E-1, 0.14282896, 0.32097850E-1, 210.87442
0.17672822E-3, 0.75371414E-2, -0.20067343E-2, 0.28146023E-1, 0.14484577, 0.33788156E-1, 213.57468
0.17905375E-3, 0.70851073E-2, -0.19510805E-2, 0.29734904E-1, 0.14572802, 0.33133768E-1, 216.38559
0.18123911E-3, 0.73869922E-2, -0.21058456E-2, 0.40425267E-1, 0.14516529, 0.30552117E-1, 219.02637
0.18333325E-3, 0.59261480E-2, -0.18485984E-2, 0.35682701E-1, 0.14274329, 0.32202985E-1, 221.55869
0.18541301E-3, 0.62634111E-2, -0.20715138E-2, 0.47104262E-1, 0.14033139, 0.30146938E-1, 224.07179
0.18702920E-3, 0.73170941E-2, -0.23225946E-2, 0.60228989E-1, 0.13654812, 0.27410399E-1, 226.02399
0.18754142E-3, 0.89562628E-2, -0.36263275E-2, 0.17027369, 0.12219777, 0.20255350E-1, 226.64136
0.18522538E-3, 0.22081239E-1, -0.68578608E-2, 0.20725428, 0.86253025E-1, 0.15998751E-1, 223.82942
0.18282318E-3, 0.14249989E-1, -0.52769948E-2, 0.15935446, 0.65867655E-1, 0.17411003E-1, 220.93390
0.18126324E-3, 0.90747746E-2, -0.37386511E-2, 0.11650240, 0.58947533E-1, 0.20148708E-1, 219.05386
0.18002435E-3, 0.12606024E-1, -0.44035846E-2, 0.11069223, 0.58109395E-1, 0.19841971E-1, 217.55333
0.17858738E-3, 0.92334347E-2, -0.44685411E-2, 0.14262244, 0.52316520E-1, 0.19687651E-1, 215.81982
0.17668947E-3, 0.79197707E-2, -0.43971464E-2, 0.12677424, 0.38347226E-1, 0.21113159E-1, 213.52744
0.17455127E-3, 0.96619353E-2, -0.57674721E-2, 0.15394086, 0.30363040E-1, 0.19687595E-1, 210.94157
0.17189131E-3, 0.14728977E-1, -0.71161860E-2, 0.14354132, 0.25807312E-1, 0.19055575E-1, 207.72226
0.16960312E-3, 0.10475220E-1, -0.53402614E-2, 0.12119979, 0.26057661E-1, 0.18812161E-1, 204.96094
0.16760542E-3, 0.11417513E-1, -0.55904342E-2, 0.12057858, 0.27440602E-1, 0.18311454E-1, 202.54558
0.16555133E-3, 0.11533072E-1, -0.57480298E-2, 0.12377457, 0.28634999E-1, 0.18184824E-1, 200.06297
0.16346030E-3, 0.12554883E-1, -0.61797416E-2, 0.12974632, 0.30435473E-1, 0.17720997E-1, 197.53485
0.16126187E-3, 0.15605070E-1, -0.69769984E-2, 0.12886542, 0.31255320E-1, 0.17227594E-1, 194.87491
0.15917530E-3, 0.16073059E-1, -0.68653235E-2, 0.11626731, 0.32149635E-1, 0.17471371E-1, 192.35272
0.15782691E-3, 0.13680888E-1, -0.66286623E-2, 0.69603629E-1, 0.34459997E-1, 0.18578405E-1, 190.72559
0.15703928E-3, 0.15024125E-1, -0.61956635E-2, 0.52690860E-1, 0.36558948E-1, 0.19038994E-1, 189.77255
0.15668877E-3, 0.19229839E-1, -0.64426893E-2, 0.31284250E-1, 0.40327959E-1, 0.20407593E-1, 189.34473
0.15676786E-3, 0.13652337E-1, -0.50202971E-2, 0.23294406E-1, 0.46104360E-1, 0.21097746E-1, 189.44568
0.15708772E-3, 0.16811091E-1, -0.55492008E-2, 0.21209694E-1, 0.52234348E-1, 0.21663003E-1, 189.82915
0.15740427E-3, 0.27347893E-1, -0.74282652E-2, 0.19529276E-1, 0.55905249E-1, 0.22008497E-1, 190.20132
0.15773730E-3, 0.21448305E-1, -0.64027370E-2, 0.16847793E-1, 0.59005693E-1, 0.22435393E-1, 190.60954
0.15823041E-3, 0.25138967E-1, -0.69504501E-2, 0.14393155E-1, 0.62611900E-1, 0.22904286E-1, 191.20193
0.15886783E-3, 0.18195627E-1, -0.56691477E-2, 0.12318769E-1, 0.67208715E-1, 0.23262912E-1, 191.97905
0.15970031E-3, 0.21828109E-1, -0.62753260E-2, 0.11427090E-1, 0.72115399E-1, 0.23683032E-1, 192.98155
0.16050381E-3, 0.25429267E-1, -0.71168030E-2, 0.21031251E-1, 0.74542373E-1, 0.22724619E-1, 193.94908
0.16079261E-3, 0.20176249E-1, -0.71789762E-2, 0.59417948E-1, 0.72040364E-1, 0.19889832E-1, 194.30319
0.15938061E-3, 0.24500608E-1, -0.11529300E-1, 0.14901668, 0.51241048E-1, 0.16804663E-1, 192.59256
0.15696266E-3, 0.21298544E-1, -0.11145220E-1, 0.11892814, 0.32485813E-1, 0.16960567E-1, 189.67348
0.15506118E-3, 0.23907578E-1, -0.10951294E-1, 0.84701061E-1, 0.26367418E-1, 0.17114043E-1, 187.37296
0.15363796E-3, 0.21663485E-1, -0.96137784E-2, 0.66283345E-1, 0.26166772E-1, 0.17253658E-1, 185.65506
0.15247977E-3, 0.24811676E-1, -0.99485554E-2, 0.56081206E-1, 0.27064208E-1, 0.17507473E-1, 184.25226
0.15143953E-3, 0.18573135E-1, -0.93568591E-2, 0.70867293E-1, 0.24218556E-1, 0.17631769E-1, 183.00128
0.14967844E-3, 0.15324213E-1, -0.11968747E-1, 0.10420155, 0.14085354E-1, 0.17703015E-1, 180.87619
0.19093265E-2, 0.14608854E-1, -0.15465009E-1, 0.10113949, 0.68434132E-2, 0.18092096E-1, 178.12938
0.12709064E-2, 0.13174588E-1, -0.17898634E-1, 0.93629532E-1, 0.41622589E-2, 0.18456677E-1, 175.35825
0.16794122E-3, 0.14737694E-1, -0.18526703E-1, 0.92624068E-1, 0.44016545E-2, 0.18449727E-1, 172.73944
0.14067927E-3, 0.16907999E-1, -0.19514542E-1, 0.93434177E-1, 0.46148989E-2, 0.18278729E-1, 169.99883
0.13830970E-3, 0.22571154E-1, -0.21120274E-1, 0.90402164E-1, 0.51758871E-2, 0.17986329E-1, 167.12959
0.13604725E-3, 0.21400986E-1, -0.18130934E-1, 0.84381618E-1, 0.61920071E-2, 0.17965622E-1, 164.39645
0.13393062E-3, 0.24700522E-1, -0.17528901E-1, 0.76810688E-1, 0.71259453E-2, 0.17968187E-1, 161.83517
0.13193667E-3, 0.26689658E-1, -0.16800284E-1, 0.71544021E-1, 0.82822116E-2, 0.17953020E-1, 159.42331
0.13006698E-3, 0.27472205E-1, -0.15378081E-1, 0.65776482E-1, 0.98897573E-2, 0.17990317E-1, 157.16304
0.12833535E-3, 0.35174266E-1, -0.15404319E-1, 0.56173809E-1, 0.11999393E-1, 0.18071923E-1, 155.06264
0.12681320E-3, 0.29692784E-1, -0.12661356E-1, 0.48456814E-1, 0.14421065E-1, 0.18045200E-1, 153.22845
0.12533642E-3, 0.17793790E-1, -0.12319581E-1, 0.97568296E-1, 0.16321195E-1, 0.18147102E-1, 151.45551
0.12298806E-3, 0.15478930E-1, -0.14587490E-1, 0.10659524, 0.96341316E-2, 0.18230969E-1, 148.61972
0.25786993, 0.15273925E-1, -0.16602524E-1, 0.95461786E-1, 0.61778962E-2, 0.18390413E-1, 144.38550
0.25872135, 0.10977547E-1, -0.15978135E-1, 0.65999277E-1, 0.33594258E-2, 0.18752052E-1, 134.40154
0.10058871, 0.11806171E-1, -0.16990181E-1, 0.89333534E-1, 0.51203985E-2, 0.18651197E-1, 127.72455
0.23060694E-1, 0.13466511E-1, -0.18331554E-1, 0.76938927E-1, 0.41227411E-2, 0.18533453E-1, 123.85618
0.10092386E-3, 0.15158487E-1, -0.18858394E-1, 0.84549144E-1, 0.51154974E-2, 0.18504480E-1, 121.24556
0.98716206E-4, 0.15614629E-1, -0.18359177E-1, 0.90615712E-1, 0.61844634E-2, 0.18551402E-1, 118.72536
0.96405027E-4, 0.15375501E-1, -0.17650817E-1, 0.93525618E-1, 0.64849146E-2, 0.18632542E-1, 116.06163
0.54250793E-2, 0.17566018E-1, -0.20062948E-1, 0.87402023E-1, 0.52937493E-2, 0.18733760E-1, 113.34447
0.86026844E-2, 0.15863473E-1, -0.19678127E-1, 0.89735642E-1, 0.51109614E-2, 0.18766426E-1, 110.44199
0.10470061E-2, 0.16885806E-1, -0.19699641E-1, 0.88051952E-1, 0.51687434E-2, 0.18832043E-1, 107.75493
0.87531298E-4, 0.14518994E-1, -0.16989388E-1, 0.89416519E-1, 0.59304517E-2, 0.18912546E-1, 105.18009
0.69667004E-1, 0.89723775E-2, -0.12876202E-1, 0.79720266E-1, 0.54265205E-2, 0.19583073E-1, 101.48501
0.82471808E-4, 0.76281647E-2, -0.11338057E-1, 0.86797297E-1, 0.66337208E-2, 0.19960681E-1, 99.082642
0.10801555E-1, 0.79459799E-2, -0.11774466E-1, 0.87942295E-1, 0.61834143E-2, 0.19690758E-1, 96.783333
0.19652498, 0.82359184E-2, -0.12357147E-1, 0.79987429E-1, 0.51669599E-2, 0.19329064E-1, 92.118706
0.27688712E-1, 0.98505886E-2, -0.13704363E-1, 0.86206302E-1, 0.63059842E-2, 0.19422913E-1, 87.089081
0.25978716E-1, 0.12664882E-1, -0.15253349E-1, 0.92743926E-1, 0.68629533E-2, 0.19301862E-1, 84.390999
0.32207588E-3, 0.13453876E-1, -0.15944066E-1, 0.90142615E-1, 0.66060219E-2, 0.19467533E-1, 81.450882
0.35477459E-1, 0.10789810E-1, -0.14208253E-1, 0.98186463E-1, 0.69697117E-2, 0.19418545E-1, 78.379570
0.24776574E-3, 0.98790359E-2, -0.12924074E-1, 0.95004931E-1, 0.73392922E-2, 0.19609336E-1, 75.595848
0.60898950E-4, 0.87346965E-2, -0.11176353E-1, 0.95050402E-1, 0.82674716E-2, 0.19612184E-1, 73.199608
0.58892405E-4, 0.10284918E-1, -0.11272203E-1, 0.92485011E-1, 0.92473701E-2, 0.19636653E-1, 70.861763
0.57008092E-4, 0.88274721E-2, -0.93950620E-2, 0.89371420E-1, 0.11034345E-1, 0.19710913E-1, 68.659790
0.55240485E-4, 0.93780085E-2, -0.88361111E-2, 0.89492612E-1, 0.13707708E-1, 0.19800244E-1, 66.582092
0.53593372E-4, 0.10956100E-1, -0.85730534E-2, 0.80464095E-1, 0.15812945E-1, 0.19922318E-1, 64.635750
0.52230585E-4, 0.10557654E-1, -0.72592795E-2, 0.70532382E-1, 0.19616034E-1, 0.20112310E-1, 63.023327
0.51171741E-4, 0.10622939E-1, -0.63170004E-2, 0.58316845E-1, 0.23273759E-1, 0.19988015E-1, 61.768597
0.50511011E-4, 0.77591049E-2, -0.46955035E-2, 0.52778177E-1, 0.31345889E-1, 0.20181173E-1, 60.990849
0.50081308E-4, 0.73850472E-2, -0.43393229E-2, 0.54454517E-1, 0.40345989E-1, 0.20041341E-1, 60.484665
0.49715585E-4, 0.60064495E-2, -0.43449607E-2, 0.83227701E-1, 0.45712918E-1, 0.20199124E-1, 60.053200
0.48280996E-4, 0.51771016E-2, -0.57289437E-2, 0.11942265, 0.28801292E-1, 0.20527190E-1, 58.327175
0.46320274E-4, 0.53899619E-2, -0.70944391E-2, 0.12086163, 0.18526999E-1, 0.20424636E-1, 55.962307
0.44234748E-4, 0.78045917E-2, -0.91942903E-2, 0.10705140, 0.13948875E-1, 0.20340161E-1, 53.442986
0.45251489E-1, 0.63835164E-2, -0.86849732E-2, 0.10619584, 0.11700700E-1, 0.20387171E-1, 50.741375
0.79795681E-1, 0.51044417E-2, -0.89373160E-2, 0.83904378E-1, 0.64341519E-2, 0.20481594E-1, 46.913681
0.35393077E-2, 0.61352164E-2, -0.99756690E-2, 0.87340310E-1, 0.68772961E-2, 0.20520085E-1, 43.862461
0.19137530E-2, 0.59603606E-2, -0.96061220E-2, 0.91539145E-1, 0.73885019E-2, 0.20548554E-1, 41.691463
0.32882705E-4, 0.65268995E-2, -0.96676825E-2, 0.88071868E-1, 0.71232244E-2, 0.20608298E-1, 39.513237
0.13314473E-1, 0.62122932E-2, -0.91024013E-2, 0.86976759E-1, 0.69995266E-2, 0.20663055E-1, 37.391251
0.39549006E-3, 0.49195401E-2, -0.75404756E-2, 0.94314978E-1, 0.84729064E-2, 0.20724915E-1, 35.040211
0.27373379E-4, 0.45505152E-2, -0.66236565E-2, 0.93430653E-1, 0.91876891E-2, 0.20802539E-1, 32.898464
0.11535518E-1, 0.46435199E-2, -0.69078440E-2, 0.98155051E-1, 0.86370651E-2, 0.20853579E-1, 30.671631
0.35574585E-1, 0.34131899E-2, -0.57373876E-2, 0.10031708, 0.88654235E-2, 0.20924123E-1, 27.776506
0.21130036E-4, 0.52465214E-2, -0.68425117E-2, 0.83738215E-1, 0.72298232E-2, 0.20991512E-1, 25.367256
0.76427966E-1, 0.31084639E-2, -0.50127478E-2, 0.87015986E-1, 0.75006587E-2, 0.21035045E-1, 22.057577
0.11062179E-1, 0.22332172E-2, -0.39738677E-2, 0.83306573E-1, 0.73776338E-2, 0.21119898E-1, 19.757719
0.80484180E-2, 0.18949481E-2, -0.34988439E-2, 0.93104392E-1, 0.88880928E-2, 0.21245906E-1, 17.768360
0.35124039E-3, 0.17739107E-2, -0.33151805E-2, 0.10118347, 0.99137025E-2, 0.21296244E-1, 15.614987
0.42513316E-3, 0.14835896E-2, -0.29367264E-2, 0.97845607E-1, 0.92780702E-2, 0.21329068E-1, 13.525298
0.78912899E-2, 0.14679104E-2, -0.28599510E-2, 0.87593183E-1, 0.77731623E-2, 0.21338496E-1, 11.540900
0.80927210E-2, 0.12959508E-2, -0.25236616E-2, 0.81043653E-1, 0.71237320E-2, 0.21375174E-1, 9.6196680
0.60745690E-3, 0.15095825E-2, -0.24470817E-2, 0.86833231E-1, 0.76017110E-2, 0.21419371E-1, 7.8315673
0.79638930E-3, 0.11981119E-2, -0.16401168E-2, 0.87996408E-1, 0.78197010E-2, 0.21469103E-1, 6.0479121
0.35694322E-5, 0.88972668E-3, -0.76927245E-3, 0.85680947E-1, 0.81789447E-2, 0.21520762E-1, 4.2870579
0.22538295E-5, 0.60790428E-3, 0.48180111E-4, 0.77013329E-1, 0.82901288E-2, 0.21565013E-1, 2.7097800
0.16359508E-5, 0.20154090E-3, 0.67081023E-3, 0.93374044E-1, 0.94123650E-2, 0.21606458E-1, 1.1983758
0.60757917E-4, 0.60447360E-5, 0.11261990E-2, 0.22697162E-1, 0.69319662E-2, 0.21635402E-1, 0.44918146E-1
0.46115609E-4, 0.53574663E-5, 0.16508708E-2, 0.17019298E-1, 0.59005404E-2, 0.21575095E-1, 0.38684666E-1
0.18377352E-6, 0.74195491E-5, 0.29033292E-2, 0.19064656E-1, 0.73408610E-2, 0.21499386E-1, 0.36049671E-1
0.35174980E-5, 0.75502362E-5, 0.36133453E-2, 0.22294872E-1, 0.89781061E-2, 0.21440987E-1, 0.39299805E-1
0.33828890E-7, 0.80966638E-5, 0.43976707E-2, 0.23193866E-1, 0.94987266E-2, 0.21386405E-1, 0.40251717E-1
0.34227543E-7, 0.94556217E-5, 0.46969885E-2, 0.24685193E-1, 0.10669233E-1, 0.21334933E-1, 0.40775083E-1
0.33755896E-7, 0.10514981E-4, 0.57389624E-2, 0.27558053E-1, 0.12286764E-1, 0.21288697E-1, 0.40246915E-1
0.39931241E-7, 0.10823950E-4, 0.49068537E-2, 0.29285863E-1, 0.15285473E-1, 0.21247819E-1, 0.47723819E-1
0.42688526E-7, 0.11201551E-4, 0.60127676E-2, 0.32080859E-1, 0.17177189E-1, 0.21213491E-1, 0.51081181E-1
0.44606416E-7, 0.10724834E-4, 0.67867637E-2, 0.33205353E-1, 0.15938098E-1, 0.21179978E-1, 0.53424262E-1
0.23085922E-5, 0.90711846E-5, 0.76967869E-2, 0.29201351E-1, 0.11885324E-1, 0.21141401E-1, 0.53499497E-1
0.52824007E-7, 0.94699781E-5, 0.87845549E-2, 0.27833292E-1, 0.10444582E-1, 0.21097817E-1, 0.54051079E-1
0.40719708E-7, 0.11064111E-4, 0.10764923E-1, 0.30211935E-1, 0.91531025E-2, 0.21056337E-1, 0.48587620E-1
0.39598618E-7, 0.10849288E-4, 0.10733948E-1, 0.29714366E-1, 0.95569044E-2, 0.21015983E-1, 0.47286339E-1
0.44206573E-7, 0.10650016E-4, 0.88307513E-2, 0.30742062E-1, 0.12698683E-1, 0.20978980E-1, 0.52881144E-1
0.48231804E-7, 0.11342800E-4, 0.10684745E-1, 0.33881839E-1, 0.13940644E-1, 0.20946946E-1, 0.57770047E-1
0.45383043E-7, 0.12515178E-4, 0.11307629E-1, 0.33217024E-1, 0.12812044E-1, 0.20916110E-1, 0.54362655E-1
0.47598167E-7, 0.11673831E-4, 0.96382154E-2, 0.33902235E-1, 0.14746843E-1, 0.20885702E-1, 0.57060253E-1
0.50687827E-7, 0.12668556E-4, 0.91083478E-2, 0.36920521E-1, 0.18195167E-1, 0.20860178E-1, 0.60807478E-1
0.58496727E-7, 0.12831482E-4, 0.11143760E-1, 0.40789161E-1, 0.20294167E-1, 0.20840932E-1, 0.70252731E-1
0.50260201E-7, 0.13050097E-4, 0.15124636E-1, 0.36448330E-1, 0.11500706E-1, 0.20817814E-1, 0.60314119E-1
0.45980716E-7, 0.12308922E-4, 0.13700625E-1, 0.34180880E-1, 0.10798657E-1, 0.20788424E-1, 0.55152088E-1
0.43711651E-7, 0.13481574E-4, 0.14006739E-1, 0.34867726E-1, 0.12376213E-1, 0.20761292E-1, 0.52414283E-1
0.45853749E-7, 0.13053157E-4, 0.11692254E-1, 0.37667029E-1, 0.15957572E-1, 0.20737916E-1, 0.55006400E-1
0.47321873E-7, 0.14067617E-4, 0.11081684E-1, 0.40443029E-1, 0.19911924E-1, 0.20720158E-1, 0.56781925E-1
0.67107649E-7, 0.28301565E-4, 0.11000326E-1, 0.42154450E-1, 0.23613518E-1, 0.20709742E-1, 0.80679499E-1
0.85949885E-7, 0.21974725E-4, 0.89968424E-2, 0.50604817E-1, 0.31024138E-1, 0.20705599E-1, 0.10345749
0.70330053E-7, 0.19307932E-4, 0.11303281E-1, 0.54329190E-1, 0.34772526E-1, 0.20714499E-1, 0.84585704E-1
0.62330109E-7, 0.18133214E-4, 0.14229894E-1, 0.52330624E-1, 0.26963735E-1, 0.20724434E-1, 0.74919850E-1
0.55590881E-7, 0.14999497E-4, 0.12835434E-1, 0.42837124E-1, 0.20484466E-1, 0.20719973E-1, 0.66779099E-1
0.52816475E-7, 0.14555946E-4, 0.11743711E-1, 0.43355975E-1, 0.22157259E-1, 0.20709231E-1, 0.63426919E-1
0.54941090E-7, 0.14597796E-4, 0.12102662E-1, 0.43950252E-1, 0.22559956E-1, 0.20701755E-1, 0.65994605E-1
0.54196843E-7, 0.14901349E-4, 0.12394285E-1, 0.44435821E-1, 0.22544799E-1, 0.20693943E-1, 0.65095022E-1
0.72400546E-7, 0.14913403E-4, 0.10215363E-1, 0.47424987E-1, 0.28513186E-1, 0.20688079E-1, 0.87094568E-1
0.69141770E-7, 0.17391987E-4, 0.12381173E-1, 0.49026836E-1, 0.27259145E-1, 0.20689622E-1, 0.83153911E-1
0.58800154E-7, 0.15446525E-4, 0.11091575E-1, 0.48246618E-1, 0.26940707E-1, 0.20689936E-1, 0.70658043E-1
0.41872936E-4, 0.15076062E-4, 0.17523069E-1, 0.47816910E-1, 0.20535626E-1, 0.20689465E-1, 0.78240424E-1
0.71140062E-5, 0.12692701E-4, 0.19027825E-1, 0.39092034E-1, 0.11043306E-1, 0.20673176E-1, 0.74018277E-1
0.66062675E-7, 0.15620590E-4, 0.23765387E-1, 0.43330513E-1, 0.96389418E-2, 0.20653116E-1, 0.67203239E-1
0.55030071E-7, 0.13809397E-4, 0.20676833E-1, 0.39606571E-1, 0.93598440E-2, 0.20634789E-1, 0.65795310E-1
0.48976634E-7, 0.15685708E-4, 0.22999762E-1, 0.41684296E-1, 0.93095861E-2, 0.20617560E-1, 0.58569510E-1
0.43405731E-7, 0.13790929E-4, 0.20001203E-1, 0.40274173E-1, 0.10136853E-1, 0.20602619E-1, 0.51908076E-1
0.91615948E-4, 0.97721122E-5, 0.14609165E-1, 0.32229185E-1, 0.98681105E-2, 0.20580817E-1, 0.66326566E-1
0.35484023E-4, 0.12156825E-4, 0.20341273E-1, 0.40115651E-1, 0.96198274E-2, 0.20555001E-1, 0.82549386E-1
0.41302665E-4, 0.12291244E-4, 0.20441905E-1, 0.39787088E-1, 0.10583286E-1, 0.20533178E-1, 0.85303433E-1
0.12029523E-4, 0.13365432E-4, 0.23092769E-1, 0.42822320E-1, 0.98897275E-2, 0.20514842E-1, 0.79659827E-1
0.10039030E-4, 0.13524494E-4, 0.23219865E-1, 0.42849865E-1, 0.10218155E-1, 0.20497374E-1, 0.81591450E-1
0.23347789E-5, 0.14681081E-4, 0.25850756E-1, 0.45240909E-1, 0.98009212E-2, 0.20483704E-1, 0.78167215E-1
0.62306761E-7, 0.16727174E-4, 0.27618092E-1, 0.45863967E-1, 0.89736320E-2, 0.20473232E-1, 0.74479632E-1
0.54550707E-7, 0.17547633E-4, 0.28853875E-1, 0.48088212E-1, 0.91919135E-2, 0.20466145E-1, 0.65228142E-1
0.55996168E-7, 0.19240497E-4, 0.25015902E-1, 0.45275062E-1, 0.10883085E-1, 0.20460663E-1, 0.67031242E-1
0.51774482E-7, 0.20251407E-4, 0.24215262E-1, 0.46358891E-1, 0.12281276E-1, 0.20456064E-1, 0.61996732E-1
0.59160012E-7, 0.22288874E-4, 0.20324893E-1, 0.44507161E-1, 0.14850499E-1, 0.20451082E-1, 0.70944414E-1
0.54798355E-4, 0.16487229E-4, 0.21353446E-1, 0.48228517E-1, 0.18408814E-1, 0.20452989E-1, 0.87034874E-1
0.68921963E-7, 0.19709665E-4, 0.33652898E-1, 0.52482661E-1, 0.95331157E-2, 0.20449076E-1, 0.82393467E-1
0.57033432E-7, 0.18102350E-4, 0.31347889E-1, 0.50442629E-1, 0.86295689E-2, 0.20448918E-1, 0.68190411E-1
0.62007317E-7, 0.16419184E-4, 0.24941724E-1, 0.45643378E-1, 0.11612418E-1, 0.20445678E-1, 0.74252740E-1
0.61832203E-7, 0.13793323E-4, 0.21827225E-1, 0.43538325E-1, 0.11975802E-1, 0.20440167E-1, 0.74106835E-1
0.67878538E-7, 0.13784897E-4, 0.21720905E-1, 0.42745307E-1, 0.13073522E-1, 0.20428810E-1, 0.81453137E-1
0.75638769E-6, 0.15808595E-4, 0.26300125E-1, 0.50171807E-1, 0.14117675E-1, 0.20424014E-1, 0.89241624E-1
0.97058564E-5, 0.16147516E-4, 0.30790973E-1, 0.50548960E-1, 0.10123302E-1, 0.20422956E-1, 0.93082316E-1
0.71459479E-4, 0.13425866E-4, 0.26643995E-1, 0.45624100E-1, 0.93795583E-2, 0.20416353E-1, 0.97897306E-1
0.11310198E-4, 0.14304448E-4, 0.28676838E-1, 0.47463529E-1, 0.97290389E-2, 0.20408947E-1, 0.96232370E-1
0.20597469E-3, 0.14069770E-4, 0.28455215E-1, 0.46639178E-1, 0.86049605E-2, 0.20397415E-1, 0.96025690E-1
0.10116582E-3, 0.14683804E-4, 0.30640760E-1, 0.46758812E-1, 0.72030048E-2, 0.20388212E-1, 0.92673905E-1
0.52975956E-4, 0.15107809E-4, 0.30389395E-1, 0.47251560E-1, 0.72392686E-2, 0.20378992E-1, 0.97606413E-1
0.65146523E-4, 0.14750573E-4, 0.30921994E-1, 0.46894118E-1, 0.72880485E-2, 0.20371411E-1, 0.95084213E-1
0.24764071E-4, 0.13401629E-4, 0.27604319E-1, 0.44863120E-1, 0.83160680E-2, 0.20361269E-1, 0.10308349
0.78329762E-7, 0.15776817E-4, 0.32713994E-1, 0.50545841E-1, 0.75333957E-2, 0.20354666E-1, 0.93655303E-1
0.73955633E-7, 0.16940759E-4, 0.34056142E-1, 0.51036984E-1, 0.70425314E-2, 0.20351876E-1, 0.88503793E-1
0.71971030E-7, 0.23370203E-4, 0.35958543E-1, 0.53736877E-1, 0.78632766E-2, 0.20353854E-1, 0.86204194E-1
0.72084063E-7, 0.21261449E-4, 0.29557683E-1, 0.48456397E-1, 0.95576234E-2, 0.20360898E-1, 0.86423635E-1
0.73083285E-7, 0.16411321E-4, 0.27264364E-1, 0.48048198E-1, 0.12015675E-1, 0.20363316E-1, 0.87701492E-1
0.67676531E-7, 0.17794053E-4, 0.29770546E-1, 0.51506292E-1, 0.11621838E-1, 0.20360371E-1, 0.81230596E-1
0.89155911E-7, 0.35864145E-4, 0.30459778E-1, 0.50733760E-1, 0.10849461E-1, 0.20362945E-1, 0.10717756
0.48326499E-4, 0.28731763E-4, 0.28614879E-1, 0.48029169E-1, 0.10336719E-1, 0.20364661E-1, 0.12108928
0.67103379E-5, 0.25089132E-4, 0.41357599E-1, 0.56387872E-1, 0.59387065E-2, 0.20369055E-1, 0.10975765
0.37258771E-4, 0.16782635E-4, 0.32316953E-1, 0.47033887E-1, 0.48322207E-2, 0.20368574E-1, 0.11869267
0.28003609E-6, 0.26884698E-4, 0.40439546E-1, 0.55450179E-1, 0.59505440E-2, 0.20365294E-1, 0.12218660
0.18900260E-4, 0.46519999E-4, 0.45191713E-1, 0.61084725E-1, 0.62734620E-2, 0.20375252E-1, 0.13818465
0.39785121E-6, 0.28584729E-4, 0.44792488E-1, 0.60601365E-1, 0.61827595E-2, 0.20405890E-1, 0.11360310
0.11634561E-6, 0.34153545E-4, 0.40960766E-1, 0.57621181E-1, 0.68463995E-2, 0.20405263E-1, 0.13942525
0.76897734E-7, 0.16946937E-4, 0.32612249E-1, 0.50027665E-1, 0.78335674E-2, 0.20414449E-1, 0.92126898E-1
0.11877319E-3, 0.14194363E-4, 0.31567175E-1, 0.48511755E-1, 0.91202827E-2, 0.20413194E-1, 0.10934584
0.14355147E-3, 0.17721566E-4, 0.38945686E-1, 0.56448840E-1, 0.79203490E-2, 0.20414585E-1, 0.10836611
0.90164744E-4, 0.17735565E-4, 0.38150210E-1, 0.55362072E-1, 0.76814797E-2, 0.20420460E-1, 0.11255592
0.26802103E-4, 0.17036635E-4, 0.35824083E-1, 0.53100739E-1, 0.79681110E-2, 0.20423548E-1, 0.11978710
0.88813394E-7, 0.19349689E-4, 0.41856021E-1, 0.58777958E-1, 0.73920041E-2, 0.20447142E-1, 0.10624429
0.96401884E-7, 0.26675225E-4, 0.40932279E-1, 0.58040056E-1, 0.70650000E-2, 0.20440623E-1, 0.11548343
0.98091697E-7, 0.28230959E-4, 0.37638638E-1, 0.55331241E-1, 0.80851642E-2, 0.20450283E-1, 0.11764006
0.81400124E-7, 0.19314770E-4, 0.38207944E-1, 0.56513574E-1, 0.91250846E-2, 0.20462776E-1, 0.97650461E-1
0.84823093E-7, 0.16726197E-4, 0.32062687E-1, 0.51791310E-1, 0.10724074E-1, 0.20471293E-1, 0.10185571
0.78335347E-7, 0.19551117E-4, 0.34882165E-1, 0.56376200E-1, 0.11534819E-1, 0.20479914E-1, 0.94088659E-1
0.84041794E-7, 0.16018332E-4, 0.30935092E-1, 0.52178793E-1, 0.13119746E-1, 0.20488862E-1, 0.10102552
0.83540769E-7, 0.18730914E-4, 0.37599199E-1, 0.59014946E-1, 0.11279328E-1, 0.20500600E-1, 0.10045377
0.56216893E-4, 0.21263466E-4, 0.46568528E-1, 0.64208142E-1, 0.81217131E-2, 0.20520534E-1, 0.10804157
0.10978432E-6, 0.32212156E-4, 0.49559943E-1, 0.65564975E-1, 0.61856317E-2, 0.20534899E-1, 0.13151179
0.34831839E-4, 0.41595798E-4, 0.49417041E-1, 0.64550713E-1, 0.59854547E-2, 0.20553408E-1, 0.16717562
0.45239305E-3, 0.38009079E-4, 0.38949344E-1, 0.37110396E-1, 0.28378789E-2, 0.20559013E-1, 0.26625073
0.35135922E-5, 0.81774495E-4, 0.38390547E-1, 0.59802063E-1, 0.53726654E-2, 0.20535555E-1, 0.56758058
0.39214381E-4, 0.21028740E-4, 0.29679967E-1, 0.52980464E-1, 0.80746170E-2, 0.20930575E-1, 0.22635855
0.70613409E-4, 0.13440436E-4, 0.31406179E-1, 0.50425198E-1, 0.10105018E-1, 0.21049377E-1, 0.13286366
0.18969991E-4, 0.17687253E-4, 0.40367860E-1, 0.59915502E-1, 0.91089951E-2, 0.20627014E-1, 0.12100830
0.54979358E-6, 0.19157198E-4, 0.43416951E-1, 0.60957093E-1, 0.76774354E-2, 0.20583095E-1, 0.11666591
0.98468419E-7, 0.20673868E-4, 0.41671596E-1, 0.58929607E-1, 0.74182688E-2, 0.20587072E-1, 0.11796295
0.10293321E-6, 0.25651369E-4, 0.40867649E-1, 0.58529243E-1, 0.81121968E-2, 0.20598516E-1, 0.12345760
0.96001031E-7, 0.22805581E-4, 0.35772130E-1, 0.55320319E-1, 0.95915375E-2, 0.20610826E-1, 0.11522654
0.97781175E-7, 0.28308465E-4, 0.34710120E-1, 0.55095896E-1, 0.10881867E-1, 0.20621711E-1, 0.11745889
0.10250318E-6, 0.26630012E-4, 0.29708060E-1, 0.51648185E-1, 0.12618053E-1, 0.20629818E-1, 0.12323119
0.10771245E-6, 0.19954343E-4, 0.21785235E-1, 0.48664942E-1, 0.18899249E-1, 0.20838508E-1, 0.12958501
0.12681740E-6, 0.22004122E-4, 0.18820835E-1, 0.53266592E-1, 0.25811872E-1, 0.20817760E-1, 0.15269649
0.20789872E-6, 0.39228507E-4, 0.18249827E-1, 0.49777202E-1, 0.31661317E-1, 0.20921024E-1, 0.25064272
0.48475613E-6, 0.10118111E-3, 0.18122042E-1, 0.46283334E-1, 0.37447177E-1, 0.20857576E-1, 0.58504462
0.94597851E-6, 0.22872732E-3, 0.18805521E-1, 0.42004313E-1, 0.41646197E-1, 0.20817662E-1, 1.1421913
0.15774623E-5, 0.38771189E-3, 0.17967524E-1, 0.36053121E-1, 0.44576757E-1, 0.21077178E-1, 1.9051114
0.23469916E-5, 0.37635156E-3, 0.13082598E-1, 0.31162161E-1, 0.51355645E-1, 0.21538606E-1, 2.8350840
0.33235074E-5, 0.54769177E-3, 0.12663482E-1, 0.27251698E-1, 0.61653234E-1, 0.22315009E-1, 4.0150537
0.45682568E-5, 0.78008283E-3, 0.12285173E-1, 0.22669479E-1, 0.70840262E-1, 0.23197420E-1, 5.5191422
0.60735583E-5, 0.10492960E-2, 0.11771750E-1, 0.17202912E-1, 0.78716442E-1, 0.24247153E-1, 7.3380966
0.78027406E-5, 0.13002800E-2, 0.11203330E-1, 0.14459454E-1, 0.86829774E-1, 0.24932534E-1, 9.4276419
0.97316733E-5, 0.18047731E-2, 0.11552311E-1, 0.11009449E-1, 0.94058014E-1, 0.25800427E-1, 11.758351
0.11852716E-4, 0.22998448E-2, 0.11616366E-1, 0.72744563E-2, 0.99415272E-1, 0.26591934E-1, 14.321232
0.14147850E-4, 0.26637893E-2, 0.11014826E-1, 0.36797172E-2, 0.10518892, 0.27401645E-1, 17.094614
0.16585753E-4, 0.30714436E-2, 0.10687391E-1, 0.14614369E-2, 0.11021734, 0.27921667E-1, 20.040453
0.19146519E-4, 0.34372192E-2, 0.10254544E-1, 0.31418982E-3, 0.11637341, 0.28376944E-1, 23.134830
0.21839882E-4, 0.35698023E-2, 0.95354896E-2, 0.46284404E-5, 0.12307079, 0.28645545E-1, 26.389666
0.24640782E-4, 0.48512714E-2, 0.10514009E-1, 0.0000000, 0.12753099, 0.28955098E-1, 29.773300
0.27495624E-4, 0.44026063E-2, 0.92025623E-2, 0.14354694E-2, 0.13248681, 0.28639263E-1, 33.223862
0.30446288E-4, 0.56859110E-2, 0.98347962E-2, 0.37754304E-4, 0.13774911, 0.29063741E-1, 36.788513
0.33493230E-4, 0.62502120E-2, 0.95496094E-2, 0.0000000, 0.14276490, 0.29991699E-1, 40.470303
0.36641984E-4, 0.53420253E-2, 0.79494687E-2, 0.0000000, 0.15070957, 0.30464955E-1, 44.276619
0.39975224E-4, 0.46992442E-2, 0.67046797E-2, 0.0000000, 0.16120885, 0.31149732E-1, 48.305634
0.43492582E-4, 0.55182241E-2, 0.68706404E-2, 0.0000000, 0.16947354, 0.31205697E-1, 52.555714
0.47131489E-4, 0.57419590E-2, 0.66798325E-2, 0.0000000, 0.17571190, 0.31090405E-1, 56.953278
0.50883620E-4, 0.67323521E-2, 0.69613233E-2, 0.0000000, 0.18126909, 0.31229895E-1, 61.486893
0.54702927E-4, 0.71546738E-2, 0.68036448E-2, 0.0000000, 0.18426414, 0.31228123E-1, 66.102264
0.58565420E-4, 0.73750610E-2, 0.65371338E-2, 0.0000000, 0.18711901, 0.31242222E-1, 70.770058
0.62473635E-4, 0.85566351E-2, 0.67905742E-2, 0.0000000, 0.18999612, 0.31285152E-1, 75.492172
0.66416433E-4, 0.91585424E-2, 0.66569205E-2, 0.0000000, 0.19124244, 0.31341381E-1, 80.256660
0.70333263E-4, 0.98977881E-2, 0.66612568E-2, 0.0000000, 0.19058256, 0.31243499E-1, 84.989594
0.74259260E-4, 0.87483749E-2, 0.58938162E-2, 0.0000000, 0.19274347, 0.31406336E-1, 89.735497
0.78231882E-4, 0.95314970E-2, 0.59124893E-2, 0.0000000, 0.19400238, 0.31408455E-1, 94.535736
0.82189566E-4, 0.10551956E-1, 0.60661486E-2, 0.0000000, 0.19407961, 0.31215219E-1, 99.317726
0.86142558E-4, 0.10759621E-1, 0.58413339E-2, 0.0000000, 0.19435349, 0.31215487E-1, 104.09481
0.90083369E-4, 0.11766690E-1, 0.58841505E-2, 0.0000000, 0.19443649, 0.31431232E-1, 108.85643
0.94018324E-4, 0.11356428E-1, 0.54689334E-2, 0.0000000, 0.19491500, 0.31798765E-1, 113.61234
0.97964912E-4, 0.11411230E-1, 0.51714792E-2, 0.0000000, 0.19571052, 0.32433920E-1, 118.38189
0.10188955E-3, 0.14938861E-1, 0.59022498E-2, 0.0000000, 0.19538693, 0.31477571E-1, 123.12138
0.10576593E-3, 0.13283413E-1, 0.53899027E-2, 0.0000000, 0.19350936, 0.31200480E-1, 127.80774
0.10956970E-3, 0.20647390E-1, 0.67112031E-2, 0.0000000, 0.19154495, 0.31269383E-1, 132.39737
0.11323758E-3, 0.22677384E-1, 0.68370262E-2, 0.0000000, 0.18829933, 0.31314619E-1, 136.82811
0.11683712E-3, 0.19419175E-1, 0.60863486E-2, 0.0000000, 0.18550327, 0.31177035E-1, 141.18147
0.12040341E-3, 0.16218306E-1, 0.56646401E-2, 0.10907810E-1, 0.18174443, 0.28468762E-1, 145.49461
0.12320715E-3, 0.15798351E-1, 0.62384596E-2, 0.39664559E-1, 0.16038679, 0.22425313E-1, 148.88347
0.12536433E-3, 0.19545550E-1, 0.69691632E-2, 0.36717463E-1, 0.14202696, 0.22434227E-1, 151.48672
0.12746650E-3, 0.18817728E-1, 0.62911795E-2, 0.17357256E-1, 0.13134757, 0.24464985E-1, 154.02802
0.12980320E-3, 0.18856913E-1, 0.56719314E-2, 0.19370856E-2, 0.12860924, 0.27324215E-1, 156.85196
0.13237107E-3, 0.11205513E-1, 0.38103356E-2, 0.0000000, 0.13360444, 0.30443955E-1, 159.96292
0.13513453E-3, 0.92601012E-2, 0.31962639E-2, 0.0000000, 0.13974112, 0.32453272E-1, 163.30463
0.13802844E-3, 0.12611276E-1, 0.36913459E-2, 0.0000000, 0.14702958, 0.32154918E-1, 166.79871
0.14102741E-3, 0.11317812E-1, 0.33562316E-2, 0.0000000, 0.15304010, 0.31812593E-1, 170.42429
0.14412829E-3, 0.12746214E-1, 0.34655449E-2, 0.0000000, 0.15698609, 0.32010745E-1, 174.17043
0.14727654E-3, 0.12848557E-1, 0.34077293E-2, 0.0000000, 0.15992209, 0.31499971E-1, 177.97505
0.15047277E-3, 0.12115548E-1, 0.31982595E-2, 0.0000000, 0.16095112, 0.31313505E-1, 181.83853
0.15366351E-3, 0.13604892E-1, 0.32808390E-2, 0.0000000, 0.16123335, 0.31638660E-1, 185.69331
0.15687356E-3, 0.11588739E-1, 0.28086817E-2, 0.0000000, 0.16244228, 0.32159284E-1, 189.57509
0.16010145E-3, 0.12032560E-1, 0.27542561E-2, 0.0000000, 0.16161086, 0.32104649E-1, 193.47585
0.16330059E-3, 0.11776965E-1, 0.26122672E-2, 0.0000000, 0.16050906, 0.32334428E-1, 197.34282
0.16647302E-3, 0.12423409E-1, 0.26166092E-2, 0.0000000, 0.15924180, 0.32738853E-1, 201.17616
0.16960147E-3, 0.13245019E-1, 0.26270328E-2, 0.0000000, 0.15712395, 0.32490429E-1, 204.95609
0.17266054E-3, 0.14238780E-1, 0.26944047E-2, 0.0000000, 0.15450726, 0.31420492E-1, 208.65207
0.17564530E-3, 0.15579466E-1, 0.27794121E-2, 0.0000000, 0.15163767, 0.30736374E-1, 212.25790
0.17855229E-3, 0.15678328E-1, 0.27449776E-2, 0.0000000, 0.14861535, 0.29997598E-1, 215.77101
0.18140947E-3, 0.14946645E-1, 0.25953986E-2, 0.0000000, 0.14590751, 0.29747570E-1, 219.22470
0.18422220E-3, 0.14309061E-1, 0.24282257E-2, 0.0000000, 0.14292656, 0.30085789E-1, 222.62469
0.18697212E-3, 0.15113141E-1, 0.24102908E-2, 0.0000000, 0.14021872, 0.30263275E-1, 225.94722
0.18966939E-3, 0.14035417E-1, 0.22160267E-2, 0.0000000, 0.13753556, 0.31054460E-1, 229.20816
0.19233486E-3, 0.11615136E-1, 0.19358891E-2, 0.0000000, 0.13421054, 0.30699179E-1, 232.43176
0.19492471E-3, 0.15764292E-1, 0.22208383E-2, 0.0000000, 0.13053353, 0.30722313E-1, 235.55759
0.19736322E-3, 0.18501997E-1, 0.24542222E-2, 0.0000000, 0.12636337, 0.28739326E-1, 238.50189
0.19973838E-3, 0.13562366E-1, 0.19248867E-2, 0.0000000, 0.12240380, 0.31014306E-1, 241.37730
0.20207316E-3, 0.14780634E-1, 0.19592312E-2, 0.0000000, 0.11866710, 0.30600978E-1, 244.19786
0.20434789E-3, 0.11188215E-1, 0.15812066E-2, 0.0000000, 0.11459897, 0.31776566E-1, 246.95064
0.20658039E-3, 0.10062161E-1, 0.14304336E-2, 0.0000000, 0.11014201, 0.31946439E-1, 249.64972
0.20871812E-3, 0.11871648E-1, 0.15227556E-2, 0.0000000, 0.10566161, 0.30621763E-1, 252.23175
0.21074040E-3, 0.13431797E-1, 0.15456344E-2, 0.0000000, 0.10114717, 0.31129878E-1, 254.67412
0.21263170E-3, 0.15214380E-1, 0.16630050E-2, 0.0000000, 0.96779600E-1, 0.28541736E-1, 256.95828
0.21445335E-3, 0.11881564E-1, 0.13405746E-2, 0.0000000, 0.92395477E-1, 0.30335004E-1, 259.16385
0.21622001E-3, 0.11475524E-1, 0.12518836E-2, 0.0000000, 0.87937571E-1, 0.31556558E-1, 261.29974
0.21789438E-3, 0.12374854E-1, 0.12636462E-2, 0.0000000, 0.83510600E-1, 0.30627029E-1, 263.32233
0.21948482E-3, 0.10507086E-1, 0.11148317E-2, 0.0000000, 0.79131119E-1, 0.29621184E-1, 265.24658
0.22100807E-3, 0.10526041E-1, 0.10924176E-2, 0.0000000, 0.74792370E-1, 0.29686872E-1, 267.08765
0.22242546E-3, 0.13080732E-1, 0.12146913E-2, 0.0000000, 0.70713378E-1, 0.28489504E-1, 268.79843
0.22373762E-3, 0.12884741E-1, 0.11729229E-2, 0.0000000, 0.66902414E-1, 0.27759558E-1, 270.38422
0.22495138E-3, 0.16243819E-1, 0.13205896E-2, 0.0000000, 0.63153766E-1, 0.26581256E-1, 271.84692
0.22603585E-3, 0.18807897E-1, 0.13857300E-2, 0.0000000, 0.59843846E-1, 0.26317507E-1, 273.15479
0.22705103E-3, 0.16298141E-1, 0.12142181E-2, 0.0000000, 0.56905910E-1, 0.27251709E-1, 274.38492
0.22806616E-3, 0.12817473E-1, 0.97160763E-3, 0.0000000, 0.53776883E-1, 0.28692504E-1, 275.61621
0.22902769E-3, 0.15328884E-1, 0.10404752E-2, 0.0000000, 0.50476637E-1, 0.28315056E-1, 276.77594
0.22988256E-3, 0.17079763E-1, 0.10911110E-2, 0.0000000, 0.47490962E-1, 0.26096746E-1, 277.80737
