0.20519604, 0.24605040, 0.43542016, 0.11333331
0.19273847, 0.23953815, 0.44772339, 0.11999997
0.19078936, 0.23711431, 0.45209631, 0.11999998
0.18899781, 0.23488630, 0.45611593, 0.11999998
0.18723099, 0.23268908, 0.46007991, 0.12000000
0.18572593, 0.23081715, 0.46345690, 0.11999998
0.18414770, 0.22885434, 0.46699798, 0.11999997
0.21235968, 0.24570496, 0.42693532, 0.11499997
0.18232568, 0.22658508, 0.47108924, 0.11999997
0.18108688, 0.22504400, 0.47386920, 0.11999998
0.17999595, 0.22368664, 0.47631741, 0.11999998
0.19385128, 0.23180063, 0.45684806, 0.11749997
0.21286666, 0.24329311, 0.42967355, 0.11416665
0.17594285, 0.21864237, 0.48541474, 0.11999998
0.17486167, 0.21729726, 0.48784116, 0.11999997
0.17356956, 0.21569009, 0.49074039, 0.11999998
0.17229767, 0.21410805, 0.49359426, 0.11999997
0.17103271, 0.21253462, 0.49643275, 0.11999997
0.16966178, 0.21082950, 0.49950874, 0.11999997
0.16849691, 0.20938046, 0.50212264, 0.11999997
0.16809364, 0.20887780, 0.50302863, 0.11999997
0.16834770, 0.20919193, 0.50246024, 0.11999997
0.16785742, 0.20858116, 0.50356144, 0.11999998
0.16686551, 0.20734708, 0.50578743, 0.11999998
0.16589364, 0.20613788, 0.50796849, 0.11999997
0.16492374, 0.20493113, 0.51014525, 0.12000001
0.16399698, 0.20377797, 0.51222509, 0.12000000
0.16338359, 0.20301414, 0.51360232, 0.12000001
0.16305460, 0.20260371, 0.51434165, 0.11999997
0.16268744, 0.20214571, 0.51516694, 0.12000000
0.16213004, 0.20145141, 0.51641858, 0.12000000
0.16136281, 0.20049632, 0.51814085, 0.11999997
0.16064043, 0.19959700, 0.51976258, 0.12000001
0.16010414, 0.19892877, 0.52096713, 0.12000000
0.15957214, 0.19826579, 0.52216214, 0.11999998
0.15894327, 0.19748221, 0.52357453, 0.11999998
0.15845828, 0.19687708, 0.52466458, 0.11999997
0.15803264, 0.19634543, 0.52562189, 0.11999997
0.15769215, 0.19591920, 0.52638870, 0.12000000
0.15831803, 0.19669335, 0.52498865, 0.11999997
0.18626092, 0.23140682, 0.46233228, 0.11999997
0.19426249, 0.24134588, 0.44439164, 0.11999998
0.19147444, 0.23788011, 0.45064554, 0.11999997
0.18798636, 0.23354472, 0.45846900, 0.11999997
0.18337148, 0.22780944, 0.46881911, 0.11999997
0.17864560, 0.22193639, 0.47941801, 0.11999997
0.17558193, 0.21812838, 0.48628965, 0.11999997
0.17308705, 0.21502696, 0.49188599, 0.11999997
0.17063807, 0.21198267, 0.49737921, 0.11999998
0.16810079, 0.20882869, 0.50307053, 0.11999998
0.16586013, 0.20604323, 0.50809664, 0.11999998
0.16435570, 0.20417237, 0.51147199, 0.12000000
0.16299394, 0.20247881, 0.51452720, 0.11999998
0.16179226, 0.20098405, 0.51722372, 0.11999997
0.16093571, 0.19991802, 0.51914632, 0.11999998
0.16573846, 0.20588197, 0.50837952, 0.12000000
0.16660686, 0.20695871, 0.50643450, 0.11999997
0.16623795, 0.20649843, 0.50726360, 0.12000000
0.16551884, 0.20560317, 0.50887805, 0.11999997
0.16468489, 0.20456527, 0.51074988, 0.12000000
0.16504540, 0.20501108, 0.50994354, 0.11999997
0.16618420, 0.20642358, 0.50739229, 0.11999998
0.16974910, 0.21084958, 0.49940133, 0.11999998
0.17227201, 0.21398132, 0.49374667, 0.11999997
0.18369244, 0.22816455, 0.46814308, 0.11999998
0.19456016, 0.24166118, 0.44377872, 0.11999998
0.19262682, 0.23925750, 0.44811562, 0.11999998
0.18989523, 0.23586242, 0.45424235, 0.11999997
0.18616551, 0.23122765, 0.46260694, 0.11999997
0.18300299, 0.22729738, 0.46969959, 0.11999997
0.17922358, 0.22260100, 0.47817552, 0.11999998
0.18909131, 0.23485465, 0.45605412, 0.11999998
0.19172765, 0.23812683, 0.45014548, 0.11999997
0.18695818, 0.23220074, 0.46084103, 0.11999997
0.18157054, 0.22550707, 0.47292244, 0.11999997
0.17721523, 0.22009553, 0.48268923, 0.12000000
0.17424710, 0.21640690, 0.48934606, 0.12000000
0.17185925, 0.21343900, 0.49470171, 0.12000000
0.16952300, 0.21053524, 0.49994174, 0.11999998
0.16767900, 0.20824279, 0.50407821, 0.12000000
0.16683996, 0.20719838, 0.50596160, 0.11999997
0.16599207, 0.20614302, 0.50786489, 0.12000000
0.16541992, 0.20543015, 0.50914991, 0.11999998
0.16479196, 0.20464790, 0.51056015, 0.11999997
0.16349898, 0.20303988, 0.51346117, 0.11999997
0.16247424, 0.20176496, 0.51576084, 0.11999998
0.16162042, 0.20070221, 0.51767737, 0.11999997
0.16080208, 0.19968341, 0.51951450, 0.11999998
0.16012229, 0.19883646, 0.52104121, 0.12000003
0.15950227, 0.19806348, 0.52243429, 0.11999997
0.15895317, 0.19737841, 0.52366847, 0.12000000
0.15840568, 0.19669490, 0.52489954, 0.11999997
0.15793343, 0.19610430, 0.52596223, 0.11999997
0.15762939, 0.19572206, 0.52664858, 0.11999997
0.15742289, 0.19546075, 0.52711636, 0.11999997
0.15714905, 0.19511567, 0.52773529, 0.11999998
0.15688898, 0.19478701, 0.52832395, 0.11999998
0.15798377, 0.19614033, 0.52587593, 0.11999997
0.16161704, 0.20064758, 0.51773536, 0.11999997
0.16070788, 0.19951600, 0.51977617, 0.11999997
0.15930699, 0.19777353, 0.52291948, 0.11999998
0.15798776, 0.19613159, 0.52588063, 0.11999997
0.15696433, 0.19485538, 0.52818030, 0.11999998
0.15636788, 0.19410765, 0.52952445, 0.11999998
0.15614671, 0.19382454, 0.53002876, 0.12000001
0.15972660, 0.19826068, 0.52201277, 0.12000000
0.16825210, 0.20883958, 0.50290829, 0.12000000
0.16795810, 0.20847178, 0.50357014, 0.12000000
0.16670918, 0.20691848, 0.50637227, 0.11999998
0.16630293, 0.20641117, 0.50728589, 0.11999998
0.16480370, 0.20454733, 0.51064903, 0.11999998
0.16328205, 0.20265563, 0.51406235, 0.11999995
0.16171025, 0.20070164, 0.51758808, 0.12000000
0.16042645, 0.19910485, 0.52046871, 0.12000000
0.15959261, 0.19806616, 0.52234125, 0.11999997
0.16235267, 0.20148778, 0.51615953, 0.11999997
0.16546504, 0.20534714, 0.50918776, 0.11999998
0.17113371, 0.21237870, 0.49648759, 0.11999997
0.17494094, 0.21710019, 0.48795891, 0.11999998
0.17176270, 0.21315275, 0.49508455, 0.11999997
0.16821806, 0.20875062, 0.50303137, 0.12000000
0.16719081, 0.20747250, 0.50533664, 0.11999997
0.18656981, 0.23151691, 0.46191323, 0.11999998
0.19365966, 0.24031128, 0.44602910, 0.11999998
0.18938512, 0.23500349, 0.45561144, 0.11999997
0.18426542, 0.22864701, 0.46708754, 0.11999997
0.17875786, 0.22180937, 0.47943273, 0.11999998
0.17440623, 0.21640615, 0.48918757, 0.11999998
0.17111601, 0.21232019, 0.49656379, 0.11999997
0.16854121, 0.20912182, 0.50233692, 0.11999998
0.16632248, 0.20636533, 0.50731218, 0.11999997
0.16466393, 0.20430391, 0.51103216, 0.11999997
0.16329072, 0.20259655, 0.51411277, 0.12000000
0.16539419, 0.20520264, 0.50940323, 0.11999998
0.16589825, 0.20582448, 0.50827730, 0.11999998
0.16418536, 0.20369577, 0.51211888, 0.12000000
0.16276973, 0.20193584, 0.51529437, 0.11999998
0.16497861, 0.20467234, 0.51034909, 0.11999998
0.16631685, 0.20632894, 0.50735432, 0.11999997
0.16448663, 0.20405471, 0.51145869, 0.11999997
0.16275696, 0.20190524, 0.51533777, 0.11999997
0.16119091, 0.19995855, 0.51885051, 0.12000000
0.15975055, 0.19816746, 0.52208203, 0.11999997
0.15943338, 0.19776909, 0.52279752, 0.11999998
0.15881546, 0.19699746, 0.52418703, 0.11999998
0.16521259, 0.20492733, 0.50986010, 0.11999997
0.16740125, 0.20763828, 0.50496042, 0.11999997
0.16623983, 0.20619379, 0.50756633, 0.11999997
0.16473646, 0.20432520, 0.51093835, 0.11999997
0.16424139, 0.20370720, 0.51205146, 0.11999998
0.16257474, 0.20163602, 0.51578921, 0.12000000
0.16534089, 0.20506270, 0.50959641, 0.11999995
0.16431336, 0.20378429, 0.51190239, 0.11999997
0.15992050, 0.19833188, 0.52174759, 0.12000000
0.15722592, 0.19498329, 0.52779084, 0.11999997
0.15606722, 0.19353516, 0.53039759, 0.12000000
0.15557969, 0.19291569, 0.53150457, 0.11999998
0.15538432, 0.19265641, 0.53195924, 0.11999998
0.15526190, 0.19248600, 0.53225213, 0.11999998
0.15868355, 0.19671042, 0.52460599, 0.11999998
0.15962152, 0.19786674, 0.52251166, 0.11999998
0.15855213, 0.19653393, 0.52491391, 0.12000000
0.16262610, 0.20157784, 0.51579601, 0.11999997
0.16409455, 0.20339340, 0.51251191, 0.11999998
0.17172265, 0.21284367, 0.49543378, 0.11999997
0.17014687, 0.21088590, 0.49896726, 0.12000000
0.16740136, 0.20747833, 0.50512034, 0.11999997
0.16907661, 0.20954990, 0.50137347, 0.12000000
0.16944458, 0.21000123, 0.50055414, 0.11999998
0.16610321, 0.20585524, 0.50804150, 0.12000000
0.16452999, 0.20390062, 0.51156944, 0.11999998
0.16414653, 0.20342052, 0.51243299, 0.11999998
0.16354166, 0.20266594, 0.51379240, 0.11999997
0.18816207, 0.23317109, 0.45866689, 0.11999997
0.19445203, 0.24096066, 0.44458735, 0.12000000
0.19361497, 0.23991813, 0.44646683, 0.11999998
0.19326264, 0.23947640, 0.44726098, 0.11999997
0.19259357, 0.23864210, 0.44876444, 0.11999997
0.19262701, 0.23867829, 0.44869471, 0.11999995
0.18981767, 0.23519212, 0.45499018, 0.11999998
0.18541557, 0.22973259, 0.46485183, 0.11999997
0.18059635, 0.22375642, 0.47564721, 0.11999997
0.18836685, 0.23337857, 0.45825461, 0.11999997
0.19211292, 0.23801452, 0.44987258, 0.11999998
0.19047372, 0.23597848, 0.45354787, 0.11999997
0.18361801, 0.22747962, 0.46890238, 0.11999998
0.17766081, 0.22009420, 0.48224497, 0.11999998
0.17854001, 0.22117800, 0.48028204, 0.11999998
0.18806583, 0.23297320, 0.45896092, 0.11999997
0.18587135, 0.23024930, 0.46387932, 0.11999997
0.17766173, 0.22007430, 0.48226389, 0.12000000
0.17182319, 0.21283664, 0.49534026, 0.11999998
0.16886787, 0.20917051, 0.50196165, 0.11999997
0.16612601, 0.20576881, 0.50810516, 0.12000000
0.16329804, 0.20226057, 0.51444137, 0.11999998
0.16117427, 0.19962431, 0.51920146, 0.11999995
0.16013576, 0.19833159, 0.52153260, 0.12000000
0.16337968, 0.20234279, 0.51427752, 0.11999997
0.17209204, 0.21312696, 0.49478099, 0.12000000
0.17264694, 0.21380848, 0.49354458, 0.11999997
0.18901671, 0.23407517, 0.45690811, 0.11999998
0.19544072, 0.24202491, 0.44253433, 0.11999997
0.19483213, 0.24126558, 0.44390234, 0.11999998
0.19028623, 0.23563057, 0.45408320, 0.11999998
0.18290664, 0.22648679, 0.47060654, 0.12000000
0.17651391, 0.21856506, 0.48492107, 0.11999998
0.17203118, 0.21300860, 0.49496019, 0.11999998
0.16812897, 0.20817101, 0.50369996, 0.11999997
0.16683358, 0.20656125, 0.50660521, 0.11999997
0.16764332, 0.20755787, 0.50479883, 0.12000000
0.17087837, 0.21155716, 0.49756446, 0.11999997
0.17477697, 0.21637803, 0.48884499, 0.11999997
0.17301226, 0.21418734, 0.49280038, 0.11999997
0.17159776, 0.21243034, 0.49597192, 0.11999997
0.17379905, 0.21514945, 0.49105147, 0.11999997
0.17340927, 0.21466106, 0.49192965, 0.12000001
0.18831085, 0.23310138, 0.45858768, 0.12000000
0.19327451, 0.23923947, 0.44748607, 0.11999998
0.18724287, 0.23176740, 0.46098968, 0.11999997
0.18018311, 0.22302277, 0.47679412, 0.11999998
0.18467225, 0.22857255, 0.46675527, 0.11999998
0.19564110, 0.24214268, 0.44221625, 0.11999997
0.19449003, 0.24071188, 0.44479799, 0.11999998
0.19072194, 0.23604202, 0.45323598, 0.11999998
0.18673664, 0.23110342, 0.46215990, 0.12000000
0.18919802, 0.23414303, 0.45665896, 0.11999997
0.19113033, 0.23652793, 0.45234168, 0.11999997
0.18712437, 0.23156421, 0.46131143, 0.12000000
0.18165852, 0.22479416, 0.47354731, 0.11999998
0.17567986, 0.21738945, 0.48693064, 0.11999997
0.17136359, 0.21204199, 0.49659443, 0.11999997
0.16769992, 0.20750219, 0.50479794, 0.11999997
0.16530584, 0.20453338, 0.51016074, 0.11999997
0.16361649, 0.20243673, 0.51394677, 0.11999998
0.16204740, 0.20048881, 0.51746374, 0.11999997
0.16189735, 0.20029616, 0.51780647, 0.11999998
0.16203265, 0.20045666, 0.51751071, 0.11999997
0.16223948, 0.20070578, 0.51705480, 0.11999997
0.16261083, 0.20115806, 0.51623112, 0.11999997
0.16241287, 0.20090647, 0.51668072, 0.11999997
0.16053557, 0.19857693, 0.52088743, 0.11999998
0.15917014, 0.19687940, 0.52395046, 0.11999998
0.15824142, 0.19572008, 0.52603847, 0.11999998
0.16381289, 0.20260143, 0.51358563, 0.11999998
0.16352460, 0.20223819, 0.51423723, 0.12000000
0.16162704, 0.19988449, 0.51848847, 0.11999995
0.15999503, 0.19785829, 0.52214664, 0.12000000
0.15900925, 0.19662994, 0.52436078, 0.11999998
0.15829048, 0.19573021, 0.52597934, 0.11999998
0.15785332, 0.19517727, 0.52696937, 0.12000000
0.15730958, 0.19449089, 0.52819955, 0.11999998
0.15708952, 0.19420160, 0.52870888, 0.11999997
0.15796936, 0.19527380, 0.52675688, 0.11999998
0.15952335, 0.19718331, 0.52329332, 0.11999997
0.15763387, 0.19483553, 0.52753061, 0.11999998
0.15647055, 0.19337885, 0.53015059, 0.11999997
0.15639260, 0.19325727, 0.53035021, 0.11999998
0.15636905, 0.19320612, 0.53042489, 0.11999997
0.15583727, 0.19252050, 0.53164232, 0.11999997
0.15636672, 0.19314580, 0.53048748, 0.11999998
0.15631807, 0.19306296, 0.53061885, 0.11999997
0.15561347, 0.19216128, 0.53222531, 0.11999998
0.15573199, 0.19227247, 0.53199559, 0.11999998
0.15578438, 0.19230513, 0.53191048, 0.12000000
0.15548211, 0.19189578, 0.53262216, 0.11999997
0.15551291, 0.19189423, 0.53259283, 0.11999998
0.16053993, 0.19806997, 0.52139008, 0.11999997
0.16023505, 0.19768393, 0.52208114, 0.11999998
0.15846421, 0.19548626, 0.52604944, 0.12000000
0.15718509, 0.19388992, 0.52892500, 0.11999998
0.15628804, 0.19275726, 0.53095472, 0.11999998
0.15589245, 0.19223553, 0.53187203, 0.11999997
0.15566905, 0.19192176, 0.53240931, 0.11999995
0.15662558, 0.19306017, 0.53031421, 0.11999997
0.15723287, 0.19378407, 0.52898306, 0.11999997
0.15593305, 0.19214959, 0.53191739, 0.12000001
0.15545239, 0.19151372, 0.53303385, 0.11999997
0.15533626, 0.19132155, 0.53334218, 0.11999998
0.15529662, 0.19122136, 0.53348202, 0.12000000
0.15526856, 0.19113350, 0.53359795, 0.11999997
0.16478087, 0.20280378, 0.51241535, 0.11999998
0.19279988, 0.23727651, 0.44992355, 0.12000000
0.19618310, 0.24142824, 0.44238868, 0.11999998
0.19393897, 0.23865528, 0.44740573, 0.11999998
0.19003652, 0.23384191, 0.45612156, 0.11999997
0.19266255, 0.23706138, 0.45027611, 0.11999997
0.19519435, 0.24016523, 0.44464040, 0.12000000
0.19459958, 0.23942238, 0.44597805, 0.11999998
0.19466120, 0.23948701, 0.44585180, 0.11999998
0.19261301, 0.23695572, 0.45043132, 0.11999997
0.18819492, 0.23150925, 0.46029583, 0.12000001
0.18228255, 0.22422546, 0.47349191, 0.11999998
0.17716767, 0.21792291, 0.48490933, 0.11999998
0.17538516, 0.21571892, 0.48889598, 0.11999997
0.17612308, 0.21661468, 0.48726222, 0.11999997
0.17518242, 0.21544574, 0.48937181, 0.11999997
0.17329477, 0.21311264, 0.49359259, 0.11999998
0.17073916, 0.20995879, 0.49930200, 0.12000000
0.16832417, 0.20697798, 0.50469786, 0.11999998
0.16660233, 0.20484971, 0.50854802, 0.11999997
0.16910000, 0.20790924, 0.50299078, 0.11999998
0.16842578, 0.20706892, 0.50450534, 0.11999998
0.16756944, 0.20600446, 0.50642616, 0.12000000
0.16752468, 0.20593750, 0.50653780, 0.11999998
0.16707174, 0.20536906, 0.50755924, 0.11999997
0.16588013, 0.20389271, 0.51022714, 0.11999998
0.16479529, 0.20254771, 0.51265711, 0.12000000
0.16359825, 0.20106472, 0.51533699, 0.12000000
0.16219719, 0.19933105, 0.51847172, 0.11999998
0.16093549, 0.19776787, 0.52129668, 0.11999998
0.15980339, 0.19636202, 0.52383465, 0.11999997
0.16277944, 0.20000364, 0.51721686, 0.12000000
0.16184452, 0.19884188, 0.51931363, 0.11999997
0.16074793, 0.19748084, 0.52177113, 0.11999998
0.15983073, 0.19633855, 0.52383071, 0.12000000
0.15905844, 0.19537173, 0.52556986, 0.11999997
0.15845124, 0.19460572, 0.52694303, 0.11999998
0.15795077, 0.19396816, 0.52808106, 0.11999998
0.15757394, 0.19347966, 0.52894634, 0.11999997
0.15732118, 0.19314082, 0.52953792, 0.11999998
0.15711774, 0.19285996, 0.53002232, 0.12000000
0.15694779, 0.19261755, 0.53043461, 0.11999998
0.15680124, 0.19240119, 0.53079754, 0.12000000
0.15667905, 0.19221236, 0.53110856, 0.11999997
0.15656947, 0.19203691, 0.53139365, 0.11999998
0.15940718, 0.19548430, 0.52510846, 0.12000000
0.15930872, 0.19534415, 0.52534711, 0.11999998
0.15859063, 0.19444180, 0.52696759, 0.11999998
0.15780412, 0.19345205, 0.52874386, 0.11999997
0.15716027, 0.19263172, 0.53020793, 0.11999997
0.15670745, 0.19203775, 0.53125477, 0.11999998
0.15641889, 0.19163793, 0.53194314, 0.11999997
0.15624319, 0.19137119, 0.53238565, 0.11999998
0.15614463, 0.19119525, 0.53266013, 0.11999998
0.15609483, 0.19107591, 0.53282934, 0.11999997
0.15605880, 0.19097108, 0.53297013, 0.11999998
0.15602645, 0.19086866, 0.53310490, 0.12000000
0.15599605, 0.19076681, 0.53323716, 0.11999998
0.15596969, 0.19066815, 0.53336221, 0.11999998
0.15594910, 0.19057469, 0.53347617, 0.12000000
0.15593107, 0.19048260, 0.53358632, 0.11999997
0.15591295, 0.19038896, 0.53369814, 0.11999997
0.15589689, 0.19029617, 0.53380698, 0.12000000
0.15588261, 0.19020356, 0.53391379, 0.12000003
0.15586726, 0.19010776, 0.53402501, 0.11999998
0.15585449, 0.19001305, 0.53413242, 0.11999998
0.15584539, 0.18992060, 0.53423399, 0.12000000
0.15583660, 0.18982626, 0.53433704, 0.12000000
0.15631761, 0.19033313, 0.53334922, 0.11999997
0.15660407, 0.19061862, 0.53277725, 0.12000003
0.15634863, 0.19024342, 0.53340793, 0.12000000
0.15605940, 0.18981482, 0.53412580, 0.12000000
0.15587837, 0.18950681, 0.53461486, 0.11999998
0.15750326, 0.19139187, 0.53110486, 0.12000000
0.17425658, 0.21171097, 0.49403250, 0.11999998
0.17846076, 0.21679766, 0.48474154, 0.11999997
0.17641379, 0.21428959, 0.48929667, 0.11999998
0.17478122, 0.21228558, 0.49293324, 0.11999997
0.17277749, 0.20983116, 0.49739131, 0.12000000
0.17203927, 0.20891298, 0.49904773, 0.11999998
0.17383020, 0.21106540, 0.49510440, 0.11999997
0.17594744, 0.21361370, 0.49043885, 0.11999998
0.17478032, 0.21217553, 0.49304405, 0.11999998
0.17322625, 0.21026833, 0.49650538, 0.11999997
0.17139167, 0.20802127, 0.50058711, 0.11999998
0.16992883, 0.20622526, 0.50384587, 0.11999998
0.16867550, 0.20468374, 0.50664073, 0.12000001
0.16744159, 0.20316581, 0.50939262, 0.11999998
0.16654336, 0.20205523, 0.51140153, 0.11999998
0.16568805, 0.20099711, 0.51331484, 0.11999997
0.16489381, 0.20001328, 0.51509297, 0.11999997
0.16420414, 0.19915600, 0.51663989, 0.11999997
0.16349874, 0.19827940, 0.51822191, 0.12000000
0.16291617, 0.19755135, 0.51953250, 0.11999997
0.16256751, 0.19710606, 0.52032644, 0.11999998
0.16317654, 0.19782209, 0.51900131, 0.11999998
0.16300242, 0.19758894, 0.51940864, 0.11999997
0.16260327, 0.19708215, 0.52031457, 0.12000000
0.16229571, 0.19668587, 0.52101845, 0.12000000
0.16204591, 0.19635969, 0.52159441, 0.11999997
0.16166843, 0.19587885, 0.52245271, 0.11999998
0.16135603, 0.19547635, 0.52316755, 0.12000001
0.16114016, 0.19519038, 0.52366942, 0.11999998
0.16077268, 0.19472049, 0.52450687, 0.11999997
0.16025537, 0.19406821, 0.52567637, 0.12000000
0.15974902, 0.19342770, 0.52682322, 0.11999998
0.15945561, 0.19304223, 0.52750212, 0.11999997
0.16062963, 0.19443353, 0.52493691, 0.11999997
0.16468550, 0.19931962, 0.51599485, 0.11999998
0.16520302, 0.19992442, 0.51487255, 0.11999998
0.16479777, 0.19941217, 0.51579016, 0.11999998
0.16445631, 0.19897790, 0.51656574, 0.12000000
0.16397358, 0.19837312, 0.51765329, 0.11999997
0.16355583, 0.19784564, 0.51859850, 0.11999997
0.16298655, 0.19713409, 0.51987934, 0.11999998
0.16250832, 0.19653171, 0.52096003, 0.11999997
0.16713013, 0.20209698, 0.51077288, 0.11999995
0.18777166, 0.22703268, 0.46519557, 0.11999997
0.19635458, 0.23738573, 0.44625977, 0.11999998
0.19653262, 0.23757726, 0.44589007, 0.11999995
0.19519018, 0.23593049, 0.44887927, 0.11999997
0.19361866, 0.23400752, 0.45237386, 0.11999997
0.19519638, 0.23589088, 0.44891283, 0.11999997
0.19681877, 0.23782806, 0.44535315, 0.11999997
0.19637279, 0.23726378, 0.44636345, 0.11999998
0.19594693, 0.23672406, 0.44732904, 0.11999997
0.19459134, 0.23506372, 0.45034495, 0.12000000
0.19253094, 0.23255436, 0.45491472, 0.11999998
0.19199429, 0.23188399, 0.45612168, 0.11999997
0.19195674, 0.23181583, 0.45622745, 0.11999997
0.18884407, 0.22803663, 0.46311927, 0.11999997
0.18584128, 0.22439013, 0.46976855, 0.11999998
0.18984710, 0.22920422, 0.46094871, 0.11999997
0.19181693, 0.23155965, 0.45662346, 0.11999997
0.19614701, 0.23676233, 0.44709063, 0.11999997
0.19723214, 0.23804392, 0.44472387, 0.11999998
0.22721015, 0.25607124, 0.40255186, 0.11416664
0.19720806, 0.23791774, 0.44487420, 0.11999998
0.19633512, 0.23683940, 0.44682547, 0.11999997
0.19439109, 0.23447044, 0.45113850, 0.11999998
0.19091342, 0.23025341, 0.45883322, 0.11999997
0.18636014, 0.22474062, 0.46889925, 0.12000000
0.18146680, 0.21881951, 0.47971365, 0.11999997
0.17736869, 0.21385874, 0.48877251, 0.11999997
0.17467238, 0.21058886, 0.49473882, 0.11999997
0.17228407, 0.20769046, 0.50002551, 0.11999997
0.16986744, 0.20475829, 0.50537437, 0.12000000
0.16750516, 0.20189162, 0.51060325, 0.11999997
0.16578990, 0.19980498, 0.51440519, 0.11999998
0.16462545, 0.19838177, 0.51699275, 0.11999997
0.16766107, 0.20201920, 0.51031977, 0.11999997
0.16615629, 0.20018466, 0.51365912, 0.11999998
0.16419159, 0.19779515, 0.51801330, 0.11999997
0.16255577, 0.19580196, 0.52164233, 0.11999997
0.16115145, 0.19408540, 0.52476317, 0.12000000
0.15995602, 0.19261505, 0.52742893, 0.11999998
0.15925568, 0.19173497, 0.52900934, 0.11999997
0.15878710, 0.19113071, 0.53008217, 0.11999998
0.15835066, 0.19055979, 0.53108960, 0.11999998
0.15811294, 0.19022202, 0.53166497, 0.11999997
0.15794538, 0.18996455, 0.53209007, 0.12000000
0.15777989, 0.18970670, 0.53251338, 0.12000000
0.15761758, 0.18944927, 0.53293318, 0.11999998
0.16008170, 0.19234799, 0.52757031, 0.12000000
0.16310075, 0.19594581, 0.52095342, 0.12000000
0.16409044, 0.19711129, 0.51879829, 0.11999995
0.16872245, 0.20265131, 0.50862628, 0.12000000
0.18031555, 0.21655017, 0.48313430, 0.12000000
0.19588667, 0.23522395, 0.44888929, 0.11999997
0.19540191, 0.23461716, 0.44998085, 0.12000000
0.19233431, 0.23091066, 0.45675495, 0.11999997
0.19556600, 0.23476450, 0.44966948, 0.11999998
0.19718786, 0.23668395, 0.44612816, 0.12000000
0.19558106, 0.23473038, 0.44968855, 0.11999997
0.19372867, 0.23248398, 0.45378742, 0.12000000
0.19116957, 0.22938971, 0.45944071, 0.11999998
0.19130416, 0.22952487, 0.45917091, 0.11999998
0.18816744, 0.22573553, 0.46609703, 0.12000000
0.18211800, 0.21845447, 0.47942749, 0.11999998
0.17700167, 0.21229403, 0.49070430, 0.11999998
0.17319971, 0.20771186, 0.49908844, 0.11999997
0.17003594, 0.20389585, 0.50606817, 0.11999995
0.16722552, 0.20050342, 0.51227105, 0.11999998
0.16491584, 0.19771087, 0.51737332, 0.11999998
0.16297995, 0.19536567, 0.52165437, 0.11999997
0.16152057, 0.19358957, 0.52488983, 0.11999997
0.16038427, 0.19219494, 0.52742082, 0.11999998
0.15962560, 0.19124605, 0.52912831, 0.11999998
0.15909475, 0.19056553, 0.53033966, 0.12000000
0.15860441, 0.18992810, 0.53146750, 0.11999998
0.15847033, 0.18971018, 0.53181952, 0.11999997
0.15945242, 0.19083156, 0.52971607, 0.11999997
0.16082744, 0.19242977, 0.52674282, 0.12000000
0.16423903, 0.19647978, 0.51928121, 0.12000000
0.16506039, 0.19743538, 0.51750427, 0.11999997
0.16346668, 0.19550319, 0.52103013, 0.11999997
0.16181804, 0.19350429, 0.52467769, 0.11999997
0.16106012, 0.19256663, 0.52637321, 0.11999997
0.16098420, 0.19244349, 0.52657229, 0.11999998
0.15987079, 0.19107670, 0.52905244, 0.11999998
0.15893434, 0.18990879, 0.53115696, 0.11999997
0.15818168, 0.18894948, 0.53286886, 0.11999997
0.15797831, 0.18863487, 0.53338689, 0.12000003
0.16110596, 0.19229835, 0.52659565, 0.12000000
0.17680295, 0.21098967, 0.49220741, 0.11999997
0.19775087, 0.23595989, 0.44628927, 0.11999997
0.19703327, 0.23507242, 0.44789430, 0.12000000
0.19482565, 0.23241149, 0.45276287, 0.11999997
0.18818665, 0.22446610, 0.46734726, 0.11999997
0.18138750, 0.21633190, 0.48228058, 0.11999997
0.17592923, 0.20979686, 0.49427387, 0.11999997
0.17807120, 0.21232505, 0.48960376, 0.11999998
0.18763240, 0.22369796, 0.46866965, 0.11999997
0.19135870, 0.22811288, 0.46052846, 0.11999998
0.19379129, 0.23098636, 0.45522234, 0.11999997
0.19755901, 0.23545182, 0.44698921, 0.11999997
0.19763322, 0.23551352, 0.44685319, 0.11999997
0.19766583, 0.23552524, 0.44680896, 0.11999997
0.19748552, 0.23528171, 0.44723272, 0.12000000
0.19675018, 0.23437816, 0.44887164, 0.11999995
0.19549441, 0.23285317, 0.45165241, 0.11999995
0.19055472, 0.22694390, 0.46250138, 0.11999997
0.18269847, 0.21756469, 0.47973689, 0.11999997
0.17639852, 0.21003883, 0.49356273, 0.11999998
0.17193955, 0.20470567, 0.50335479, 0.11999998
0.16899554, 0.20117469, 0.50982976, 0.11999997
0.16753525, 0.19940853, 0.51305622, 0.12000000
0.16704379, 0.19879548, 0.51416069, 0.11999998
0.16653426, 0.19816142, 0.51530439, 0.12000000
0.16562471, 0.19705190, 0.51732332, 0.12000000
0.16468422, 0.19590633, 0.51940948, 0.11999998
0.16594519, 0.19737919, 0.51667565, 0.12000000
0.16750886, 0.19921242, 0.51327872, 0.11999998
0.16663836, 0.19815208, 0.51520956, 0.11999998
0.16748291, 0.19913042, 0.51338667, 0.11999998
0.16784818, 0.19953811, 0.51261359, 0.12000000
0.16825724, 0.19999723, 0.51174551, 0.11999997
0.17325665, 0.20591307, 0.50083023, 0.11999998
0.18772314, 0.22307791, 0.46919894, 0.11999998
0.19559966, 0.23241104, 0.45198929, 0.11999997
0.19053906, 0.22637029, 0.46309066, 0.11999997
0.19222385, 0.22834402, 0.45943213, 0.11999998
0.19778281, 0.23491846, 0.44729874, 0.11999998
0.19787735, 0.23500167, 0.44712093, 0.11999998
0.19781913, 0.23490399, 0.44727692, 0.11999997
0.19722897, 0.23417453, 0.44859648, 0.11999998
0.19809169, 0.23516913, 0.44673920, 0.11999997
0.19789594, 0.23490757, 0.44719651, 0.11999997
0.19721772, 0.23407455, 0.44870779, 0.11999997
0.19803183, 0.23501289, 0.44695529, 0.11999998
0.19770879, 0.23460127, 0.44768998, 0.11999998
0.19782071, 0.23470575, 0.44747350, 0.11999997
0.19723983, 0.23398890, 0.44877133, 0.11999998
0.19691260, 0.23357280, 0.44951460, 0.11999998
0.19546883, 0.23183317, 0.45269799, 0.11999997
0.19687712, 0.23347561, 0.44964728, 0.11999998
0.19455887, 0.23069905, 0.45474210, 0.11999998
0.19034629, 0.22567713, 0.46397659, 0.11999995
0.18517269, 0.21951747, 0.47530994, 0.11999997
0.17974228, 0.21305446, 0.48720333, 0.11999997
0.17649573, 0.20918024, 0.49432400, 0.11999998
0.17677498, 0.20948295, 0.49374211, 0.11999997
0.17504825, 0.20740972, 0.49754202, 0.12000000
0.17128442, 0.20292282, 0.50579262, 0.11999998
0.16769397, 0.19864070, 0.51366538, 0.12000001
0.17233805, 0.20411114, 0.50355089, 0.11999998
0.17773457, 0.21049196, 0.49177346, 0.11999998
0.19290583, 0.22847821, 0.45861593, 0.11999998
0.19818585, 0.23475496, 0.44705915, 0.11999997
0.19814543, 0.23473381, 0.44712082, 0.11999997
0.19706415, 0.23349617, 0.44943967, 0.11999997
0.19700192, 0.23347253, 0.44952556, 0.11999997
0.19807857, 0.23479803, 0.44712338, 0.11999997
0.19563352, 0.23194595, 0.45242050, 0.11999998
0.18969601, 0.22496067, 0.46534336, 0.11999998
0.18366909, 0.21785741, 0.47847351, 0.11999997
0.17788635, 0.21103071, 0.49108303, 0.11999998
0.17395519, 0.20638925, 0.49965560, 0.12000000
0.17071979, 0.20256829, 0.50671190, 0.11999998
0.16750778, 0.19876768, 0.51372457, 0.11999998
0.16664596, 0.19775069, 0.51560336, 0.11999998
0.16638754, 0.19745958, 0.51615274, 0.12000000
0.16439798, 0.19510852, 0.52049357, 0.11999997
0.16298001, 0.19342683, 0.52359313, 0.11999998
0.16164978, 0.19184040, 0.52650982, 0.12000003
0.16483088, 0.19560540, 0.51956373, 0.11999998
0.16849481, 0.19999562, 0.51150960, 0.11999997
0.16548131, 0.19644272, 0.51807594, 0.11999998
0.16301769, 0.19352192, 0.52346045, 0.11999997
0.16100034, 0.19111347, 0.52788615, 0.11999998
0.15970066, 0.18953530, 0.53076404, 0.11999998
0.15904401, 0.18870361, 0.53225231, 0.12000000
0.15855518, 0.18805711, 0.53338772, 0.11999997
0.15816616, 0.18751545, 0.53431839, 0.12000000
0.15785770, 0.18705647, 0.53508586, 0.12000003
0.15765992, 0.18671717, 0.53562289, 0.11999997
0.15751022, 0.18642724, 0.53606254, 0.11999998
0.15735890, 0.18612616, 0.53651494, 0.12000000
0.15725897, 0.18587792, 0.53686309, 0.11999998
0.16822155, 0.19877250, 0.51300603, 0.12000000
0.18501623, 0.21872573, 0.47625804, 0.11999998
0.19811560, 0.23433112, 0.44755325, 0.11999997
0.19783632, 0.23411794, 0.44804570, 0.11999997
0.19607721, 0.23212749, 0.45179531, 0.12000000
0.19409519, 0.22984575, 0.45605907, 0.11999997
0.19537739, 0.23143016, 0.45319256, 0.11999998
0.19816834, 0.23481703, 0.44701466, 0.11999997
0.19803292, 0.23474376, 0.44722331, 0.11999998
0.19763561, 0.23435862, 0.44800580, 0.11999998
0.19709747, 0.23380582, 0.44909668, 0.12000000
0.19454467, 0.23084688, 0.45460835, 0.11999997
0.18727738, 0.22227573, 0.47044685, 0.11999998
0.18162455, 0.21560143, 0.48277393, 0.11999997
0.19296014, 0.22911073, 0.45792916, 0.11999998
0.19628893, 0.23314451, 0.45056650, 0.11999997
0.19361269, 0.23003380, 0.45635346, 0.11999998
0.19668101, 0.23374794, 0.44957098, 0.11999998
0.19770940, 0.23505008, 0.44724050, 0.11999997
0.19574606, 0.23279078, 0.45146313, 0.11999998
0.19060104, 0.22672302, 0.46267593, 0.11999998
0.19143535, 0.22775203, 0.46081266, 0.11999998
0.19753665, 0.23506212, 0.44740126, 0.11999998
0.19741218, 0.23498096, 0.44760689, 0.11999997
0.19523390, 0.23244219, 0.45232391, 0.11999997
0.18880554, 0.22482751, 0.46636692, 0.11999998
0.18366301, 0.21873040, 0.47760662, 0.11999997
0.18052912, 0.21502770, 0.48444319, 0.11999997
0.17820477, 0.21228570, 0.48950958, 0.11999997
0.17613490, 0.20984130, 0.49402380, 0.11999997
0.17322798, 0.20639789, 0.50037414, 0.11999997
0.17018320, 0.20278601, 0.50703079, 0.11999997
0.16742401, 0.19950821, 0.51306784, 0.11999997
0.16535270, 0.19704330, 0.51760393, 0.12000000
0.16369303, 0.19506274, 0.52124423, 0.12000000
0.16535945, 0.19704400, 0.51759654, 0.11999997
0.16826366, 0.20052350, 0.51121289, 0.11999998
0.16770102, 0.19987057, 0.51242846, 0.11999998
0.17212623, 0.20517369, 0.50270015, 0.11999998
0.16911787, 0.20160908, 0.50927299, 0.12000003
0.16689706, 0.19896972, 0.51413327, 0.11999998
0.16496913, 0.19667137, 0.51835948, 0.11999998
0.16329230, 0.19466595, 0.52204174, 0.11999998
0.16192868, 0.19302690, 0.52504444, 0.12000000
0.16083674, 0.19170369, 0.52745962, 0.11999997
0.15990241, 0.19055784, 0.52953970, 0.11999997
0.15925688, 0.18974419, 0.53099889, 0.11999998
0.16341250, 0.19466557, 0.52192193, 0.11999998
0.16425234, 0.19567396, 0.52007371, 0.11999998
0.16521183, 0.19682892, 0.51795930, 0.11999997
0.16326751, 0.19451655, 0.52221596, 0.11999998
0.16217081, 0.19320457, 0.52462459, 0.11999997
0.16178684, 0.19274040, 0.52547282, 0.11999997
0.16050528, 0.19119638, 0.52829838, 0.11999997
0.15945901, 0.18991615, 0.53062481, 0.11999997
0.15866567, 0.18891738, 0.53241700, 0.12000000
0.15815282, 0.18823557, 0.53361166, 0.11999997
0.16204357, 0.19280452, 0.52515191, 0.11999997
0.18057191, 0.21492146, 0.48450658, 0.11999998
0.19347994, 0.23041147, 0.45610860, 0.12000003
0.19603761, 0.23354043, 0.45042202, 0.11999998
0.19588800, 0.23341163, 0.45070037, 0.11999997
0.19074176, 0.22731441, 0.46194378, 0.11999997
0.18500386, 0.22050279, 0.47449338, 0.12000000
0.18005429, 0.21462852, 0.48531711, 0.11999997
0.18217140, 0.21718092, 0.48064768, 0.11999997
0.18083538, 0.21563224, 0.48353243, 0.11999998
0.17705141, 0.21115370, 0.49179491, 0.11999997
0.17399348, 0.20752992, 0.49847659, 0.11999997
0.17101122, 0.20398951, 0.50499934, 0.11999997
0.16830446, 0.20076901, 0.51092654, 0.11999998
0.16630319, 0.19838427, 0.51531261, 0.11999998
0.16475172, 0.19653571, 0.51871258, 0.11999998
0.16343050, 0.19495898, 0.52161050, 0.11999997
0.16242938, 0.19376005, 0.52381057, 0.11999998
0.16168903, 0.19286887, 0.52544212, 0.12000000
0.16194054, 0.19315527, 0.52490419, 0.12000000
0.16266075, 0.19400668, 0.52333266, 0.12000003
0.16150303, 0.19261682, 0.52588022, 0.11999998
0.16033716, 0.19120674, 0.52845609, 0.11999997
0.15944906, 0.19011174, 0.53043920, 0.11999997
0.15884557, 0.18934254, 0.53181195, 0.11999998
0.15849961, 0.18886983, 0.53263050, 0.11999998
0.15826263, 0.18851721, 0.53322011, 0.11999997
0.15806369, 0.18819974, 0.53373653, 0.11999998
0.15787354, 0.18788451, 0.53424191, 0.11999997
0.15772635, 0.18761627, 0.53465742, 0.11999997
0.15761271, 0.18738317, 0.53500408, 0.11999998
0.15751715, 0.18716614, 0.53531677, 0.11999998
0.15743791, 0.18696333, 0.53559875, 0.11999997
0.15736528, 0.18676339, 0.53587133, 0.11999998
0.16252273, 0.19279779, 0.52467942, 0.11999997
0.16672777, 0.19782554, 0.51544672, 0.11999998
0.17613596, 0.20905693, 0.49480712, 0.11999998
0.18567024, 0.22046538, 0.47386444, 0.11999997
0.19764446, 0.23475116, 0.44760442, 0.11999998
0.19792962, 0.23514123, 0.44692913, 0.11999997
0.19805850, 0.23533629, 0.44660512, 0.11999998
0.19703567, 0.23416197, 0.44880238, 0.11999997
0.19517446, 0.23199816, 0.45282736, 0.11999997
0.19199260, 0.22826059, 0.45974675, 0.11999998
0.18829270, 0.22390075, 0.46780661, 0.11999998
0.18456762, 0.21950541, 0.47592703, 0.12000000
0.18154955, 0.21594812, 0.48250243, 0.11999997
0.17926703, 0.21326385, 0.48746917, 0.12000001
0.17771482, 0.21144243, 0.49084279, 0.11999997
0.17663504, 0.21018074, 0.49318418, 0.11999998
0.17528494, 0.20859586, 0.49611923, 0.11999997
0.17372942, 0.20676218, 0.49950841, 0.11999998
0.17214471, 0.20489019, 0.50296515, 0.11999997
0.17077148, 0.20326801, 0.50596052, 0.11999997
0.18831176, 0.22417879, 0.46750948, 0.11999998
0.19794385, 0.23570056, 0.44635555, 0.12000000
0.19794607, 0.23571764, 0.44633627, 0.11999997
0.19785838, 0.23562802, 0.44651362, 0.11999998
0.19791774, 0.23571791, 0.44636437, 0.11999998
0.19784595, 0.23566020, 0.44649377, 0.12000000
0.19674295, 0.23438458, 0.44887248, 0.11999998
0.19444643, 0.23168470, 0.45386887, 0.11999997
0.19267975, 0.22959684, 0.45772341, 0.11999997
0.19133455, 0.22796158, 0.46070388, 0.11999997
0.18991446, 0.22618853, 0.46389702, 0.11999997
0.18814123, 0.22402333, 0.46783546, 0.12000000
0.18625729, 0.22177374, 0.47196892, 0.11999997
0.18446021, 0.21961308, 0.47592679, 0.11999998
0.18283553, 0.21762495, 0.47953951, 0.11999997
0.18092567, 0.21530448, 0.48376989, 0.11999997
0.17889166, 0.21286400, 0.48824432, 0.11999997
0.17721653, 0.21085946, 0.49192402, 0.11999998
0.17568588, 0.20902403, 0.49529013, 0.11999998
0.17441975, 0.20749383, 0.49808645, 0.12000000
0.17327659, 0.20609955, 0.50062382, 0.11999997
0.17221922, 0.20479329, 0.50298744, 0.11999998
0.17127109, 0.20361292, 0.50511593, 0.12000000
0.17162108, 0.20397265, 0.50440633, 0.11999997
0.18268250, 0.21707685, 0.48024070, 0.11999997
0.18938090, 0.22501479, 0.46560428, 0.11999997
0.18737866, 0.22258313, 0.47003815, 0.11999998
0.18410945, 0.21862690, 0.47726372, 0.11999997
0.18110667, 0.21500100, 0.48389232, 0.11999998
0.17876513, 0.21219903, 0.48903582, 0.11999998
0.17659849, 0.20959961, 0.49380186, 0.11999997
0.17445539, 0.20702513, 0.49851945, 0.12000001
0.17241614, 0.20456564, 0.50301814, 0.11999998
0.17051722, 0.20226453, 0.50721818, 0.11999997
0.16882472, 0.20020272, 0.51097256, 0.12000000
0.16741784, 0.19848569, 0.51409650, 0.12000000
0.16641435, 0.19725649, 0.51632905, 0.12000000
0.16556497, 0.19620275, 0.51823223, 0.11999998
0.16480120, 0.19523515, 0.51996362, 0.11999997
0.16410016, 0.19432628, 0.52157354, 0.11999998
0.16351259, 0.19355452, 0.52293295, 0.11999998
0.16301060, 0.19290508, 0.52408433, 0.11999997
0.16256395, 0.19232714, 0.52510899, 0.11999997
0.16214147, 0.19177024, 0.52608836, 0.11999997
0.16162275, 0.19110115, 0.52727622, 0.11999997
0.16106208, 0.19038816, 0.52854973, 0.11999995
0.16051854, 0.18968906, 0.52979237, 0.11999998
0.16012278, 0.18915665, 0.53072047, 0.11999998
0.16176008, 0.19101126, 0.52722871, 0.11999998
0.16925633, 0.19982521, 0.51091856, 0.11999997
0.19284473, 0.22770239, 0.45945290, 0.11999998
0.19836907, 0.23427427, 0.44735661, 0.11999998
0.19760375, 0.23340148, 0.44899476, 0.12000000
0.19542642, 0.23087068, 0.45370296, 0.11999998
0.19394068, 0.22911823, 0.45694113, 0.11999998
0.19274519, 0.22759984, 0.45965496, 0.11999997
0.19121712, 0.22564487, 0.46313801, 0.11999998
0.18855499, 0.22238202, 0.46906292, 0.12000000
0.18406266, 0.21699910, 0.47893825, 0.12000000
0.17946744, 0.21153569, 0.48899683, 0.11999997
0.17611347, 0.20756215, 0.49632439, 0.11999997
0.17304783, 0.20394455, 0.50300765, 0.11999998
0.17067961, 0.20115052, 0.50816989, 0.11999998
0.16867678, 0.19875716, 0.51256609, 0.11999998
0.16703427, 0.19672956, 0.51623613, 0.11999997
0.16577341, 0.19514127, 0.51908535, 0.12000000
0.16477898, 0.19388956, 0.52133143, 0.11999998
0.16405185, 0.19293827, 0.52300990, 0.11999997
0.16322915, 0.19185251, 0.52491844, 0.11999997
0.16237128, 0.19072329, 0.52690542, 0.12000000
0.16145815, 0.18956341, 0.52897841, 0.11999997
0.16067331, 0.18857837, 0.53074831, 0.11999995
0.16002794, 0.18775843, 0.53221357, 0.12000000
0.15961491, 0.18720074, 0.53318435, 0.11999998
0.16247243, 0.19048689, 0.52704072, 0.12000001
0.16628747, 0.19495004, 0.51876253, 0.12000000
0.16812117, 0.19711703, 0.51476181, 0.11999997
0.16725259, 0.19612050, 0.51662689, 0.11999998
0.16626753, 0.19499213, 0.51874048, 0.11999997
0.16517404, 0.19373067, 0.52109534, 0.11999998
0.16410424, 0.19249018, 0.52340555, 0.11999997
0.16351058, 0.19180103, 0.52468830, 0.12000001
0.16265403, 0.19080158, 0.52654439, 0.12000000
0.16192594, 0.18994699, 0.52812713, 0.11999997
0.16188295, 0.18985569, 0.52826136, 0.11999998
0.16102506, 0.18876423, 0.53021067, 0.11999998
0.15990511, 0.18734050, 0.53275436, 0.11999998
0.56714404, 0.96097171E-1, 0.27497235, 0.61786484E-1
0.57341206, 0.94450869E-1, 0.27127579, 0.60861301E-1
0.57389218, 0.94187170E-1, 0.27114853, 0.60772136E-1
0.60401386, 0.87432534E-1, 0.25209132, 0.56462359E-1
0.62979907, 0.81641063E-1, 0.23578709, 0.52772801E-1
0.66477013, 0.73843136E-1, 0.21360968, 0.47777038E-1
0.67921323, 0.70584774E-1, 0.20449246, 0.45709576E-1
0.68437368, 0.69386728E-1, 0.20127273, 0.44966757E-1
0.72108501, 0.61272454E-1, 0.17791094, 0.39731558E-1
0.73560756, 0.58056738E-1, 0.16867553, 0.37660278E-1
0.74110347, 0.56830283E-1, 0.16519058, 0.36875710E-1
0.72929192, 0.59400167E-1, 0.17275202, 0.38555812E-1
0.72486329, 0.60349133E-1, 0.17560357, 0.39184112E-1
0.71750647, 0.61942894E-1, 0.18032140, 0.40229250E-1
0.73914939, 0.57174105E-1, 0.16653208, 0.37144449E-1
0.74101877, 0.56745332E-1, 0.16535997, 0.36875937E-1
0.76245284, 0.52029431E-1, 0.15169589, 0.33821858E-1
0.77815729, 0.48567727E-1, 0.14169119, 0.31583708E-1
0.79414183, 0.45047101E-1, 0.13150501, 0.29306030E-1
0.80095428, 0.43538645E-1, 0.12717256, 0.28334573E-1
0.80434281, 0.42782962E-1, 0.12502345, 0.27850769E-1
0.82078314, 0.39174069E-1, 0.11453357, 0.25509151E-1
0.83853370, 0.35284076E-1, 0.10320050, 0.22981731E-1
0.84073359, 0.34796774E-1, 0.10180152, 0.22668108E-1
0.85276079, 0.32162782E-1, 0.94120622E-1, 0.20955913E-1
0.85931873, 0.30723900E-1, 0.89935221E-1, 0.20022213E-1
0.85788679, 0.31031238E-1, 0.90856306E-1, 0.20225741E-1
0.86351651, 0.29796341E-1, 0.87262936E-1, 0.19424202E-1
0.86973190, 0.28433951E-1, 0.83294824E-1, 0.18539317E-1
0.84475189, 0.33880088E-1, 0.99273987E-1, 0.22093982E-1
0.15680563, 0.18391882, 0.53927559, 0.11999998
0.15683614, 0.18375476, 0.53940910, 0.12000000
0.15686734, 0.18359034, 0.53954226, 0.11999997
0.15689676, 0.18342386, 0.53967935, 0.11999998
0.15692258, 0.18325113, 0.53982633, 0.12000000
0.15695141, 0.18307821, 0.53997040, 0.12000000
0.16959310, 0.19767086, 0.51273602, 0.12000003
0.19776767, 0.23077697, 0.45145538, 0.11999997
0.19891895, 0.23229440, 0.44878671, 0.11999998
0.19878806, 0.23216711, 0.44904479, 0.11999997
0.19893754, 0.23235077, 0.44871175, 0.11999997
0.19895239, 0.23238151, 0.44866607, 0.11999998
0.19894804, 0.23240028, 0.44865170, 0.11999998
0.19891153, 0.23239483, 0.44869366, 0.11999998
0.19885577, 0.23238933, 0.44875482, 0.11999998
0.19873114, 0.23229979, 0.44896910, 0.12000000
0.19798450, 0.23148723, 0.45052826, 0.12000003
0.19673330, 0.23011570, 0.45315099, 0.11999998
0.19772269, 0.23136799, 0.45090923, 0.11999997
0.19679411, 0.23033951, 0.45286635, 0.11999998
0.19357990, 0.22664259, 0.45977756, 0.11999997
0.19198848, 0.22483076, 0.46318069, 0.11999997
0.19350435, 0.22666548, 0.45983019, 0.11999997
0.19260184, 0.22569419, 0.46170393, 0.11999997
0.18970944, 0.22238868, 0.46790186, 0.12000000
0.18674856, 0.21899529, 0.47425616, 0.11999998
0.18499970, 0.21701252, 0.47798780, 0.11999997
0.18213014, 0.21371208, 0.48415777, 0.11999997
0.17806081, 0.20899384, 0.49294534, 0.11999997
0.17413001, 0.20442183, 0.50144815, 0.11999998
0.17178164, 0.20170225, 0.50651604, 0.11999997
0.18836653, 0.22124006, 0.47039342, 0.11999997
0.19747244, 0.23203160, 0.45049587, 0.11999998
0.19855160, 0.23337835, 0.44807005, 0.11999998
0.19804002, 0.23282920, 0.44913080, 0.11999997
0.19741207, 0.23217179, 0.45041621, 0.11999998
0.19697501, 0.23174180, 0.45128319, 0.11999997
0.19754596, 0.23247969, 0.44997433, 0.11999997
0.19372211, 0.22804211, 0.45823577, 0.11999997
0.18941569, 0.22304606, 0.46753824, 0.11999998
0.18661183, 0.21982105, 0.47356713, 0.11999997
0.18895365, 0.22265744, 0.46838892, 0.11999997
0.19034697, 0.22437893, 0.46527418, 0.11999998
0.18547370, 0.21870841, 0.47581783, 0.11999998
0.18303846, 0.21590503, 0.48105657, 0.11999997
0.18055147, 0.21303873, 0.48640981, 0.11999998
0.17787682, 0.20994402, 0.49217916, 0.11999998
0.17485629, 0.20642757, 0.49871609, 0.12000000
0.17220680, 0.20333843, 0.50445479, 0.11999998
0.18579805, 0.21943331, 0.47476852, 0.12000000
0.19813961, 0.23407780, 0.44778264, 0.11999997
0.19727801, 0.23312657, 0.44959536, 0.11999997
0.19648103, 0.23226337, 0.45125559, 0.11999998
0.19545144, 0.23112692, 0.45342162, 0.11999997
0.19793355, 0.23412959, 0.44793692, 0.11999997
0.19820409, 0.23451358, 0.44728240, 0.11999998
0.19819479, 0.23457956, 0.44722566, 0.11999997
0.19553393, 0.23151702, 0.45294908, 0.11999997
0.19018584, 0.22526278, 0.46455136, 0.11999998
0.18562375, 0.21992809, 0.47444820, 0.11999997
0.18051870, 0.21393086, 0.48555049, 0.11999997
0.17676234, 0.20951408, 0.49372354, 0.11999997
0.17367433, 0.20588355, 0.50044215, 0.11999997
0.17064004, 0.20231031, 0.50704974, 0.12000000
0.16822575, 0.19946527, 0.51230901, 0.11999998
0.17382784, 0.20613368, 0.50003844, 0.11999997
0.18483375, 0.21924818, 0.47591808, 0.11999998
0.18824185, 0.22336300, 0.46839514, 0.11999997
0.18430443, 0.21872286, 0.47697273, 0.11999997
0.17721899, 0.21034896, 0.49243203, 0.11999997
0.17169321, 0.20381825, 0.50448853, 0.11999998
0.16684307, 0.19807701, 0.51507986, 0.11999997
0.16366191, 0.19430356, 0.52203459, 0.11999998
0.16177265, 0.19205157, 0.52617580, 0.11999998
0.18102883, 0.21493633, 0.48403481, 0.11999998
0.18141371, 0.21549340, 0.48309281, 0.11999997
0.17333935, 0.20593749, 0.50072318, 0.11999998
0.17252517, 0.20499109, 0.50248379, 0.11999995
0.17974050, 0.21361734, 0.48664212, 0.11999997
0.18983732, 0.22570115, 0.46446157, 0.11999997
0.19672804, 0.23399551, 0.44927648, 0.11999997
0.19677186, 0.23413993, 0.44908825, 0.11999998
0.19481172, 0.23189481, 0.45329347, 0.11999997
0.18915226, 0.22522433, 0.46562338, 0.11999997
0.18069129, 0.21519138, 0.48411730, 0.11999998
0.17426245, 0.20756133, 0.49817622, 0.11999997
0.17087585, 0.20354678, 0.50557739, 0.11999997
0.18239228, 0.21730776, 0.48029998, 0.11999998
0.19569935, 0.23325802, 0.45104256, 0.11999997
0.19565065, 0.23328395, 0.45106539, 0.11999998
0.19735922, 0.23540412, 0.44723675, 0.11999997
0.19726790, 0.23538387, 0.44734821, 0.11999998
0.19711544, 0.23528796, 0.44759655, 0.11999997
0.19371565, 0.23130174, 0.45498261, 0.11999998
0.18638258, 0.22259878, 0.47101867, 0.11999998
0.17923051, 0.21409458, 0.48667488, 0.11999998
0.18970865, 0.22665744, 0.46363398, 0.11999997
0.19666059, 0.23504929, 0.44829014, 0.12000000
0.19407713, 0.23203187, 0.45389101, 0.11999997
0.19001068, 0.22722799, 0.46276137, 0.11999998
0.19055901, 0.22794288, 0.46149811, 0.12000000
0.19564714, 0.23410642, 0.45024642, 0.12000000
0.19042341, 0.22792232, 0.46165419, 0.11999997
0.18149252, 0.21727206, 0.48123541, 0.11999998
0.17619570, 0.21095616, 0.49284816, 0.11999997
0.18951099, 0.22694369, 0.46354532, 0.11999997
0.19689310, 0.23586147, 0.44724545, 0.11999998
0.19710654, 0.23618746, 0.44670603, 0.11999998
0.19320168, 0.23156083, 0.45523754, 0.11999997
0.18469006, 0.22136550, 0.47394446, 0.11999997
0.17809622, 0.21346521, 0.48843861, 0.11999998
0.17352848, 0.20799281, 0.49847874, 0.11999997
0.16896069, 0.20252062, 0.50851864, 0.11999997
0.16564167, 0.19854534, 0.51581305, 0.11999997
0.16331665, 0.19575848, 0.52092487, 0.11999997
0.16156839, 0.19365495, 0.52477664, 0.11999997
0.16006467, 0.19183333, 0.52810204, 0.12000000
0.15890189, 0.19040287, 0.53069520, 0.11999998
0.15819463, 0.18949950, 0.53230596, 0.11999998
0.16627251, 0.19914578, 0.51458174, 0.12000000
0.18211430, 0.21819238, 0.47969326, 0.11999997
0.19722295, 0.23640899, 0.44636801, 0.12000001
0.19446982, 0.23317952, 0.45235065, 0.11999998
0.19248079, 0.23084359, 0.45667556, 0.11999998
0.18454807, 0.22134119, 0.47411072, 0.11999997
0.17725898, 0.21260272, 0.49013832, 0.11999997
0.17289178, 0.20736717, 0.49974108, 0.12000003
0.16875507, 0.20240895, 0.50883591, 0.12000000
0.16534846, 0.19832641, 0.51632518, 0.11999997
0.16307619, 0.19559984, 0.52132398, 0.11999997
0.16161178, 0.19383498, 0.52455336, 0.11999997
0.16039966, 0.19236411, 0.52723622, 0.11999997
0.15932314, 0.19104184, 0.52963507, 0.12000000
0.18151295, 0.21766073, 0.48082635, 0.11999997
0.19574898, 0.23485738, 0.44939360, 0.11999997
0.19112259, 0.22933781, 0.45953956, 0.11999998
0.18355505, 0.22026436, 0.47618058, 0.11999997
0.17620082, 0.21144389, 0.49235526, 0.11999997
0.17133875, 0.20561224, 0.50304896, 0.12000000
0.16780655, 0.20137657, 0.51081687, 0.11999997
0.16542742, 0.19852544, 0.51604712, 0.11999998
0.16360131, 0.19633549, 0.52006322, 0.11999998
0.16277887, 0.19534738, 0.52187377, 0.12000000
0.16153844, 0.19385606, 0.52460551, 0.11999997
0.16038065, 0.19245178, 0.52716762, 0.11999997
0.15976478, 0.19169033, 0.52854484, 0.11999998
0.15998176, 0.19192205, 0.52809614, 0.12000000
0.16337958, 0.19599457, 0.52062583, 0.11999998
0.16266724, 0.19515814, 0.52217466, 0.12000000
0.16521370, 0.19822668, 0.51655960, 0.11999998
0.16420534, 0.19704254, 0.51875204, 0.11999997
0.16282536, 0.19539328, 0.52178133, 0.11999997
0.16272087, 0.19527167, 0.52200747, 0.12000000
0.16170542, 0.19405574, 0.52423877, 0.11999998
0.16319136, 0.19583373, 0.52097493, 0.11999997
0.16587648, 0.19907498, 0.51504850, 0.12000000
0.16538271, 0.19850440, 0.51611292, 0.11999997
0.16808052, 0.20175160, 0.51016790, 0.12000000
0.18519330, 0.22234672, 0.47245994, 0.11999998
0.19106092, 0.22945066, 0.45948839, 0.11999998
0.19459473, 0.23375170, 0.45165363, 0.11999997
0.19149803, 0.23006833, 0.45843372, 0.11999997
0.18906623, 0.22717720, 0.46375653, 0.12000000
0.19659151, 0.23625605, 0.44715247, 0.11999998
0.19524460, 0.23468520, 0.45007014, 0.11999997
0.19036733, 0.22886324, 0.46076941, 0.11999997
0.18542777, 0.22294478, 0.47162750, 0.11999997
0.19663726, 0.23642443, 0.44693828, 0.12000001
0.19629128, 0.23601408, 0.44769466, 0.11999998
0.19464071, 0.23403667, 0.45132256, 0.11999998
0.19067036, 0.22926873, 0.46006092, 0.11999998
0.18433817, 0.22165830, 0.47400352, 0.11999997
0.18954174, 0.22791828, 0.46254000, 0.11999998
0.19742060, 0.23739880, 0.44518057, 0.11999998
0.19732009, 0.23728222, 0.44539773, 0.12000000
0.19731708, 0.23728466, 0.44539824, 0.12000001
0.19713897, 0.23707680, 0.44578430, 0.12000000
0.19472361, 0.23417886, 0.45109749, 0.11999997
0.19530106, 0.23487993, 0.44981894, 0.11999997
0.19710214, 0.23705345, 0.44584432, 0.11999997
0.19737703, 0.23739032, 0.44523263, 0.11999997
0.19576776, 0.23546045, 0.44877183, 0.12000000
0.19479416, 0.23429652, 0.45090929, 0.11999998
0.19570507, 0.23540044, 0.44889447, 0.11999998
0.18973148, 0.22822289, 0.46204567, 0.11999997
0.18135889, 0.21815588, 0.48048520, 0.11999997
0.17569487, 0.21134390, 0.49296129, 0.11999998
0.17815393, 0.21430220, 0.48754391, 0.11999997
0.18968569, 0.22818029, 0.46213412, 0.12000000
0.18320443, 0.22038887, 0.47640669, 0.11999997
0.17853105, 0.21476920, 0.48669973, 0.11999997
0.17590846, 0.21161504, 0.49247643, 0.11999998
0.17206265, 0.20698892, 0.50094849, 0.11999998
0.16883181, 0.20310235, 0.50806582, 0.11999998
0.16674715, 0.20059617, 0.51265663, 0.11999997
0.16490932, 0.19838630, 0.51670438, 0.11999998
0.16321966, 0.19635034, 0.52043003, 0.11999998
0.16197467, 0.19484489, 0.52318043, 0.11999998
0.16097698, 0.19363256, 0.52539033, 0.12000000
0.16023830, 0.19272564, 0.52703601, 0.11999997
0.16002285, 0.19244404, 0.52753305, 0.12000000
0.15925305, 0.19148958, 0.52925730, 0.11999998
0.15903795, 0.19119100, 0.52977103, 0.12000000
0.15919043, 0.19133860, 0.52947098, 0.11999998
0.16461062, 0.19783419, 0.51755524, 0.11999997
0.16670918, 0.20039098, 0.51289982, 0.11999997
0.16589853, 0.19944449, 0.51465696, 0.12000000
0.16437669, 0.19763465, 0.51798862, 0.12000001
0.16246095, 0.19533934, 0.52219969, 0.11999998
0.16102470, 0.19360781, 0.52536756, 0.11999997
0.16000487, 0.19236414, 0.52763110, 0.11999997
0.15923063, 0.19140387, 0.52936548, 0.11999997
0.15872024, 0.19074917, 0.53053063, 0.11999997
0.16113554, 0.19360958, 0.52525491, 0.12000000
0.18091120, 0.21742229, 0.48166656, 0.11999997
0.19376113, 0.23296089, 0.45327798, 0.11999997
0.19717436, 0.23710519, 0.44572055, 0.11999997
0.19580077, 0.23547299, 0.44872621, 0.11999997
0.19164704, 0.23050968, 0.45784327, 0.11999998
0.18610723, 0.22388099, 0.47001180, 0.11999998
0.18057661, 0.21725202, 0.48217145, 0.11999997
0.17665125, 0.21254647, 0.49080229, 0.11999997
0.17366756, 0.20896997, 0.49736249, 0.11999998
0.17182840, 0.20676889, 0.50140268, 0.12000000
0.17328568, 0.20853649, 0.49817780, 0.12000000
0.17395841, 0.20936430, 0.49667728, 0.11999997
0.17224930, 0.20732503, 0.50042576, 0.11999998
0.16966046, 0.20422126, 0.50611824, 0.11999998
0.16746835, 0.20158993, 0.51094174, 0.11999998
0.16612841, 0.19998318, 0.51388842, 0.11999997
0.16504119, 0.19867884, 0.51628000, 0.11999998
0.16376723, 0.19714546, 0.51908731, 0.11999998
0.16277315, 0.19594510, 0.52128178, 0.11999997
0.16193858, 0.19493292, 0.52312863, 0.11999997
0.16137543, 0.19424391, 0.52438068, 0.12000000
0.16104665, 0.19383641, 0.52511698, 0.11999998
0.16273411, 0.19585431, 0.52141160, 0.11999997
0.16903812, 0.20345794, 0.50750393, 0.11999997
0.16862737, 0.20298278, 0.50838977, 0.11999997
0.16869180, 0.20306462, 0.50824362, 0.12000000
0.16763234, 0.20177917, 0.51058847, 0.12000000
0.16640119, 0.20028518, 0.51331359, 0.11999997
0.16549756, 0.19918966, 0.51531279, 0.11999997
0.16460747, 0.19809681, 0.51729572, 0.12000000
0.16346328, 0.19669479, 0.51984191, 0.11999997
0.16241354, 0.19540854, 0.52217788, 0.12000000
0.16150534, 0.19428430, 0.52421033, 0.11999998
0.16079496, 0.19339450, 0.52581054, 0.11999997
0.16020572, 0.19265123, 0.52714306, 0.11999997
0.15973748, 0.19205195, 0.52821058, 0.11999998
0.15942504, 0.19163734, 0.52893764, 0.11999997
0.15913884, 0.19124871, 0.52961242, 0.12000000
0.15890871, 0.19092052, 0.53017080, 0.12000000
0.15871772, 0.19063650, 0.53064573, 0.11999997
0.15852052, 0.19034185, 0.53113765, 0.11999997
0.15839556, 0.19012904, 0.53147542, 0.11999997
0.15831901, 0.18997426, 0.53170669, 0.11999997
0.15823966, 0.18980892, 0.53195137, 0.11999997
0.15815581, 0.18962394, 0.53222030, 0.11999997
0.15807290, 0.18944080, 0.53248632, 0.11999997
0.15798070, 0.18924893, 0.53277034, 0.11999998
0.15786694, 0.18902622, 0.53310686, 0.11999998
0.16062619, 0.19225995, 0.52711385, 0.11999997
0.16124667, 0.19298244, 0.52577090, 0.12000000
0.16032676, 0.19184464, 0.52782863, 0.11999997
0.15977834, 0.19115053, 0.52907115, 0.11999998
0.15931554, 0.19056404, 0.53012043, 0.11999997
0.15873435, 0.18982358, 0.53144205, 0.11999998
0.15829195, 0.18923342, 0.53247464, 0.11999998
0.15805934, 0.18887849, 0.53306216, 0.11999998
0.15815417, 0.18891130, 0.53293461, 0.11999998
0.15797438, 0.18862271, 0.53340286, 0.11999997
0.15769580, 0.18818475, 0.53411943, 0.11999998
0.15752663, 0.18781812, 0.53465521, 0.11999997
0.15741067, 0.18748824, 0.53510112, 0.11999998
0.15748413, 0.18738663, 0.53512925, 0.11999997
0.15740469, 0.18709700, 0.53549826, 0.12000000
0.15738691, 0.18686165, 0.53575158, 0.11999998
0.15738074, 0.18662131, 0.53599793, 0.11999998
0.15736347, 0.18637562, 0.53626096, 0.11999997
0.15733834, 0.18612641, 0.53653532, 0.11999997
0.15732376, 0.18589737, 0.53677887, 0.11999998
0.15732823, 0.18569946, 0.53697234, 0.11999998
0.15733488, 0.18551330, 0.53715175, 0.12000000
0.15733683, 0.18534273, 0.53732032, 0.11999997
0.15733956, 0.18517996, 0.53748041, 0.12000000
0.15734881, 0.18502669, 0.53762448, 0.11999997
0.15743710, 0.18496783, 0.53759503, 0.11999998
0.15743147, 0.18480246, 0.53776604, 0.11999998
0.15737052, 0.18456483, 0.53806460, 0.11999998
0.15738523, 0.18439996, 0.53821486, 0.11999997
0.15740447, 0.18421048, 0.53838509, 0.11999997
0.15741964, 0.18401372, 0.53856665, 0.11999997
0.15742958, 0.18382244, 0.53874803, 0.11999998
0.15744074, 0.18364109, 0.53891820, 0.11999998
0.15745761, 0.18346076, 0.53908163, 0.11999997
0.15982381, 0.18602711, 0.53414911, 0.11999998
0.16321227, 0.18992823, 0.52685946, 0.11999997
0.16176246, 0.18820976, 0.53002781, 0.11999997
0.16059054, 0.18678014, 0.53262931, 0.11999997
0.15964665, 0.18559046, 0.53476298, 0.11999997
0.15865266, 0.18430884, 0.53703845, 0.11999998
0.15785931, 0.18321347, 0.53892726, 0.12000000
0.15756826, 0.18266757, 0.53976423, 0.11999998
0.15751956, 0.18238574, 0.54009473, 0.12000003
0.15922447, 0.18417911, 0.53659636, 0.12000000
0.16009085, 0.18508433, 0.53482479, 0.12000000
0.15923674, 0.18398981, 0.53677344, 0.11999998
0.15852605, 0.18299679, 0.53847718, 0.11999997
0.15800962, 0.18215360, 0.53983670, 0.12000000
0.23774678, 0.24908513, 0.40400144, 0.10916664
0.22692360, 0.24027194, 0.42197108, 0.11083331
0.16414300, 0.18847595, 0.52738100, 0.11999997
0.16297717, 0.18699034, 0.53003252, 0.11999998
0.16283724, 0.18667994, 0.53048283, 0.11999998
0.16630790, 0.19049591, 0.52319616, 0.11999998
0.16533794, 0.18928523, 0.52537686, 0.12000000
0.16458306, 0.18839280, 0.52702415, 0.11999998
0.16364028, 0.18732893, 0.52903080, 0.11999998
0.16254129, 0.18609540, 0.53136319, 0.12000000
0.16141258, 0.18480454, 0.53378290, 0.11999998
0.16050747, 0.18372829, 0.53576422, 0.12000000
0.16001441, 0.18308961, 0.53689605, 0.12000000
0.16012187, 0.18309510, 0.53678304, 0.11999997
0.15977481, 0.18254836, 0.53767681, 0.11999997
0.16062631, 0.18333228, 0.53604144, 0.11999998
0.16683829, 0.19022423, 0.52293742, 0.11999997
0.16643728, 0.18959630, 0.52396643, 0.11999998
0.16465165, 0.18746579, 0.52788258, 0.11999998
0.16235171, 0.18478601, 0.53286231, 0.11999997
0.16047205, 0.18253802, 0.53698999, 0.11999998
0.15957154, 0.18136865, 0.53905976, 0.12000000
0.15914413, 0.18072404, 0.54013187, 0.11999995
0.15891737, 0.18029203, 0.54079056, 0.11999997
0.15876657, 0.17993414, 0.54129928, 0.11999998
0.15868467, 0.17964227, 0.54167300, 0.11999997
0.68941349, 0.66259883E-1, 0.20003052, 0.44296037E-1
0.70579141, 0.62749207E-1, 0.18950486, 0.41954592E-1
0.71732068, 0.60278948E-1, 0.18209459, 0.40305786E-1
0.72962910, 0.57649106E-1, 0.17417465, 0.38547043E-1
0.74974793, 0.53365082E-1, 0.16121034, 0.35676640E-1
0.82668394, 0.36957640E-1, 0.11165085, 0.24707681E-1
0.85268855, 0.31405482E-1, 0.94905734E-1, 0.21000238E-1
0.88005823, 0.25574325E-1, 0.77267580E-1, 0.17099863E-1
0.77815992, 0.47395419E-1, 0.14280654, 0.31638082E-1
0.84938306, 0.32106061E-1, 0.97037554E-1, 0.21473356E-1
0.83529395, 0.35101067E-1, 0.10612284, 0.23482129E-1
0.72577041, 0.58616530E-1, 0.17649756, 0.39115660E-1
0.76181442, 0.50962169E-1, 0.15324391, 0.33979561E-1
0.68168968, 0.68557061E-1, 0.20429498, 0.45458317E-1
0.58266145, 0.89806251E-1, 0.26794365, 0.59588641E-1
0.36450759, 0.14129445, 0.40299603, 0.91201864E-1
0.30364162, 0.15574525, 0.44061831, 0.99994861E-1
0.34423018, 0.14659157, 0.41505507, 0.94123192E-1
0.40399745, 0.13266374, 0.37787771, 0.85461058E-1
0.41805455, 0.12902060, 0.36955294, 0.83371937E-1
0.36396575, 0.14448774, 0.40008369, 0.91462821E-1
0.38582638, 0.14113145, 0.38457704, 0.88465177E-1
0.35544255, 0.15122838, 0.40018579, 0.93143307E-1
0.36653987, 0.14805272, 0.39395317, 0.91454245E-1
0.40035716, 0.13762344, 0.37573299, 0.86286418E-1
0.40211424, 0.13668211, 0.37524691, 0.85956775E-1
0.39522338, 0.13850945, 0.37931433, 0.86952709E-1
0.38534734, 0.14091745, 0.38536885, 0.88366352E-1
0.38668379, 0.14010592, 0.38511017, 0.88100113E-1
0.39494237, 0.13747849, 0.38076267, 0.86816587E-1
0.16485879, 0.19153230, 0.52360892, 0.12000000
0.16316430, 0.18957865, 0.52725703, 0.11999997
0.16105777, 0.18711208, 0.53183013, 0.11999998
0.16004615, 0.18588336, 0.53407043, 0.11999998
0.15966608, 0.18537916, 0.53495473, 0.11999998
0.15936343, 0.18495637, 0.53568017, 0.11999998
0.15919259, 0.18467881, 0.53612858, 0.11999998
0.15903389, 0.18440802, 0.53655803, 0.12000000
0.15890746, 0.18416594, 0.53692657, 0.11999997
0.15881716, 0.18395925, 0.53722358, 0.12000000
0.15920188, 0.18429922, 0.53649884, 0.11999997
0.16126397, 0.18663655, 0.53209949, 0.11999997
0.16743076, 0.19385026, 0.51871902, 0.11999997
0.16792439, 0.19455560, 0.51752007, 0.11999997
0.16615222, 0.19258909, 0.52125871, 0.12000001
0.16454577, 0.19077598, 0.52467829, 0.11999997
0.16345941, 0.18954773, 0.52699286, 0.11999997
0.16591285, 0.19241470, 0.52167249, 0.11999998
0.17546715, 0.20356672, 0.50096613, 0.11999997
0.18704189, 0.21710344, 0.47585472, 0.11999997
0.19917630, 0.23129992, 0.44952372, 0.11999997
0.19742696, 0.22937022, 0.45320287, 0.11999997
0.19500060, 0.22665727, 0.45834205, 0.11999998
0.18957962, 0.22045946, 0.46996093, 0.11999997
0.18360026, 0.21359326, 0.48280656, 0.11999997
0.17875701, 0.20803158, 0.49321136, 0.11999998
0.17541085, 0.20419605, 0.50039309, 0.11999998
0.17234351, 0.20067425, 0.50698227, 0.11999998
0.16903628, 0.19685973, 0.51410395, 0.11999997
0.16642390, 0.19383986, 0.51973623, 0.11999995
0.17352402, 0.20214553, 0.50433040, 0.11999995
0.18305810, 0.21336238, 0.48357949, 0.11999997
0.19032584, 0.22194256, 0.46773157, 0.11999997
0.19900410, 0.23214780, 0.44884810, 0.12000000
0.19862588, 0.23178466, 0.44958946, 0.11999997
0.19785620, 0.23098415, 0.45115969, 0.12000000
0.19487886, 0.22759463, 0.45752653, 0.11999997
0.19251062, 0.22492002, 0.46256927, 0.11999997
0.19165635, 0.22402211, 0.46432149, 0.11999998
0.19522287, 0.22829191, 0.45648527, 0.11999997
0.19835328, 0.23204710, 0.44959962, 0.12000000
0.19719934, 0.23079820, 0.45200244, 0.11999998
0.19500335, 0.22832179, 0.45667490, 0.11999997
0.19838887, 0.23237546, 0.44923568, 0.11999997
0.19747214, 0.23138036, 0.45114747, 0.11999997
0.19808549, 0.23218556, 0.44972897, 0.11999997
0.19873071, 0.23303431, 0.44823501, 0.11999997
0.19721718, 0.23133367, 0.45144919, 0.11999997
0.19475238, 0.22854030, 0.45670733, 0.11999997
0.19596605, 0.23005676, 0.45397720, 0.11999997
0.19749354, 0.23194633, 0.45056018, 0.11999998
0.19659072, 0.23098935, 0.45241997, 0.12000003
0.19326539, 0.22717850, 0.45955610, 0.11999998
0.18858473, 0.22176586, 0.46964943, 0.11999997
0.18466330, 0.21723299, 0.47810367, 0.11999997
0.18070386, 0.21264733, 0.48664883, 0.12000000
0.17644633, 0.20769994, 0.49585378, 0.11999998
0.17218919, 0.20273359, 0.50507718, 0.12000000
0.16823804, 0.19811386, 0.51364815, 0.11999997
0.16594915, 0.19543554, 0.51861537, 0.11999997
0.16469257, 0.19397275, 0.52133477, 0.11999997
0.16759472, 0.19741340, 0.51499188, 0.11999998
0.17767544, 0.20936500, 0.49295965, 0.11999998
0.18465613, 0.21769108, 0.47765288, 0.11999998
0.18542613, 0.21870176, 0.47587213, 0.11999997
0.18937351, 0.22344810, 0.46717843, 0.11999998
0.19833772, 0.23412038, 0.44754195, 0.11999997
0.19800645, 0.23380743, 0.44818604, 0.11999998
0.19768764, 0.23351371, 0.44879866, 0.11999997
0.19657630, 0.23228717, 0.45113662, 0.11999998
0.19674474, 0.23256640, 0.45068881, 0.11999998
0.19633748, 0.23216550, 0.45149699, 0.11999997
0.19310878, 0.22843365, 0.45845750, 0.11999998
0.19617449, 0.23214501, 0.45168051, 0.12000000
0.19821358, 0.23465095, 0.44713554, 0.11999998
0.19506335, 0.23100893, 0.45392776, 0.11999997
0.19721712, 0.23362802, 0.44915485, 0.12000000
0.19816716, 0.23482923, 0.44700360, 0.11999998
0.19810162, 0.23482533, 0.44707307, 0.12000000
0.19772078, 0.23446168, 0.44781747, 0.11999998
0.19799276, 0.23487638, 0.44713095, 0.11999998
0.19798303, 0.23494679, 0.44707027, 0.11999997
0.19770765, 0.23468859, 0.44760373, 0.11999997
0.19737388, 0.23436187, 0.44826424, 0.11999997
0.19688867, 0.23385797, 0.44925335, 0.11999998
0.19439064, 0.23096184, 0.45464754, 0.11999997
0.18970835, 0.22545885, 0.46483275, 0.11999998
0.19272400, 0.22910024, 0.45817569, 0.11999997
0.19769645, 0.23506130, 0.44724217, 0.12000000
0.19778238, 0.23515280, 0.44706485, 0.11999997
0.19579594, 0.23278068, 0.45142341, 0.11999998
0.19455303, 0.23129527, 0.45415172, 0.11999998
0.19240902, 0.22874112, 0.45884979, 0.11999997
0.18577956, 0.22085427, 0.47336617, 0.11999997
0.17953295, 0.21342306, 0.48704398, 0.11999998
0.17643951, 0.20974128, 0.49381915, 0.11999998
0.18027006, 0.21429409, 0.48543584, 0.11999998
0.18619554, 0.22133936, 0.47246513, 0.11999997
0.19675261, 0.23389246, 0.44935501, 0.11999998
0.19700210, 0.23419094, 0.44880700, 0.11999997
0.19309096, 0.22954388, 0.45736513, 0.11999998
0.18624032, 0.22140013, 0.47235957, 0.11999998
0.18028058, 0.21431418, 0.48540536, 0.11999997
0.18766038, 0.22308896, 0.46925059, 0.11999997
0.18368864, 0.21837150, 0.47793981, 0.12000000
0.17833383, 0.21200688, 0.48965934, 0.11999995
0.17468512, 0.20767058, 0.49764439, 0.11999997
0.18550988, 0.22054546, 0.47394466, 0.11999997
0.19225843, 0.22858030, 0.45916128, 0.11999998
0.18464030, 0.21952821, 0.47583142, 0.11999997
0.17783190, 0.21143590, 0.49073219, 0.12000003
0.17348637, 0.20627110, 0.50024253, 0.11999997
0.16979039, 0.20187938, 0.50833023, 0.11999997
0.16661356, 0.19810577, 0.51528066, 0.11999998
0.16662855, 0.19812977, 0.51524168, 0.11999998
0.17082132, 0.20313017, 0.50604850, 0.12000001
0.17545675, 0.20865999, 0.49588320, 0.11999998
0.17335111, 0.20616697, 0.50048190, 0.12000000
0.17066962, 0.20298387, 0.50634646, 0.11999997
0.17082538, 0.20317614, 0.50599843, 0.11999997
0.17044918, 0.20273556, 0.50681525, 0.11999995
0.17212610, 0.20473784, 0.50313604, 0.11999997
0.17207249, 0.20468670, 0.50324070, 0.11999998
0.16879539, 0.20079879, 0.51040578, 0.11999998
0.18849021, 0.22424239, 0.46726742, 0.11999998
0.19670750, 0.23403527, 0.44925722, 0.11999997
0.19463189, 0.23158039, 0.45378768, 0.12000000
0.18904023, 0.22494024, 0.46601948, 0.11999998
0.18254669, 0.21722321, 0.48023012, 0.11999997
0.17726856, 0.21094979, 0.49178162, 0.11999998
0.18171982, 0.21624911, 0.48203108, 0.11999998
0.19787370, 0.23548059, 0.44664574, 0.11999997
0.19784664, 0.23546226, 0.44669113, 0.11999997
0.19720019, 0.23470902, 0.44809079, 0.11999997
0.19734786, 0.23490097, 0.44775113, 0.12000003
0.19599567, 0.23330991, 0.45069432, 0.11999998
0.19093888, 0.22730821, 0.46175298, 0.11999998
0.18474589, 0.21995151, 0.47530255, 0.11999997
0.17843099, 0.21244587, 0.48912308, 0.11999998
0.17408603, 0.20728235, 0.49863163, 0.11999997
0.17074239, 0.20330872, 0.50594890, 0.11999997
0.18292743, 0.21782778, 0.47924483, 0.11999998
0.19309913, 0.22996414, 0.45693672, 0.11999997
0.18545853, 0.22088541, 0.47365609, 0.11999997
0.18001465, 0.21441573, 0.48556963, 0.11999997
0.17855980, 0.21269362, 0.48874655, 0.11999997
0.18107104, 0.21569271, 0.48323622, 0.11999997
0.18817395, 0.22416808, 0.46765789, 0.11999998
0.19722481, 0.23497368, 0.44780150, 0.11999998
0.19787705, 0.23577248, 0.44635046, 0.11999997
0.19763716, 0.23550679, 0.44685605, 0.11999997
0.19754522, 0.23541868, 0.44703612, 0.11999997
0.19743545, 0.23530811, 0.44725654, 0.11999997
0.19761436, 0.23554148, 0.44684419, 0.11999997
0.19749679, 0.23542249, 0.44708070, 0.11999998
0.19785993, 0.23587467, 0.44626537, 0.11999998
0.19578296, 0.23341982, 0.45079729, 0.11999997
0.19185013, 0.22875185, 0.45939803, 0.11999995
0.18541403, 0.22109766, 0.47348821, 0.11999997
0.17992093, 0.21456374, 0.48551527, 0.11999998
0.18056802, 0.21534811, 0.48408386, 0.11999998
0.17881550, 0.21327280, 0.48791173, 0.12000003
0.17499633, 0.20872991, 0.49627388, 0.11999998
0.18186529, 0.21693464, 0.48120001, 0.12000000
0.19664210, 0.23458464, 0.44877326, 0.11999997
0.19782095, 0.23601598, 0.44616309, 0.11999998
0.19528694, 0.23301499, 0.45169815, 0.11999997
0.19173746, 0.22880690, 0.45945564, 0.11999998
0.19507760, 0.23282562, 0.45209682, 0.12000000
0.18936473, 0.22603536, 0.46459994, 0.11999997
0.18394245, 0.21958469, 0.47647282, 0.11999998
0.19520573, 0.23304813, 0.45174620, 0.12000000
0.19732243, 0.23560046, 0.44707707, 0.11999997
0.19755004, 0.23590046, 0.44654942, 0.11999997
0.19761615, 0.23600571, 0.44637808, 0.12000003
0.19512008, 0.23305212, 0.45182785, 0.11999998
0.18925889, 0.22607760, 0.46466348, 0.11999998
0.18441427, 0.22031195, 0.47527376, 0.11999998
0.18578006, 0.22196551, 0.47225440, 0.11999997
0.18359284, 0.21937175, 0.47703540, 0.12000000
0.18025084, 0.21539594, 0.48435327, 0.11999997
0.18235724, 0.21792994, 0.47971293, 0.11999997
0.18589705, 0.22218101, 0.47192189, 0.12000003
0.19527942, 0.23342355, 0.45129701, 0.11999998
0.19578338, 0.23405921, 0.45015743, 0.11999998
0.19565560, 0.23393972, 0.45040467, 0.11999998
0.19763690, 0.23633476, 0.44602832, 0.12000000
0.19734113, 0.23598976, 0.44666913, 0.11999997
0.19750769, 0.23622356, 0.44626871, 0.11999997
0.19731170, 0.23600914, 0.44667915, 0.11999998
0.19656020, 0.23513420, 0.44830558, 0.12000000
0.19577746, 0.23422711, 0.44999549, 0.11999998
0.19151717, 0.22915755, 0.45932534, 0.11999997
0.18642358, 0.22308619, 0.47049019, 0.11999998
0.18105631, 0.21668296, 0.48226079, 0.11999997
0.17706566, 0.21192245, 0.49101186, 0.12000000
0.17391877, 0.20816870, 0.49791256, 0.11999997
0.17108381, 0.20478326, 0.50413293, 0.11999997
0.16838373, 0.20155883, 0.51005739, 0.11999998
0.16622160, 0.19897842, 0.51480001, 0.12000000
0.16457175, 0.19700718, 0.51842105, 0.11999997
0.16323861, 0.19541259, 0.52134883, 0.12000000
0.16222085, 0.19419090, 0.52358824, 0.12000000
0.16138910, 0.19318539, 0.52542549, 0.11999997
0.16065842, 0.19229436, 0.52704716, 0.11999998
0.15995558, 0.19142902, 0.52861542, 0.11999998
0.15933679, 0.19065434, 0.53000885, 0.11999998
0.15897329, 0.19017638, 0.53085035, 0.11999997
0.15863650, 0.18972421, 0.53163928, 0.12000000
0.15829851, 0.18926217, 0.53243929, 0.11999997
0.15805753, 0.18890746, 0.53303504, 0.11999998
0.15788992, 0.18863386, 0.53347617, 0.11999997
0.15775822, 0.18839763, 0.53384411, 0.11999997
0.15767236, 0.18821156, 0.53411609, 0.12000000
0.15758698, 0.18802279, 0.53439021, 0.12000000
0.15765296, 0.18801104, 0.53433603, 0.11999997
0.15755562, 0.18780792, 0.53463644, 0.11999997
0.15733410, 0.18744411, 0.53522176, 0.11999997
0.15724732, 0.18723309, 0.53551960, 0.11999998
0.15717147, 0.18702750, 0.53580099, 0.11999997
0.15710519, 0.18682839, 0.53606641, 0.11999998
0.15707363, 0.18666790, 0.53625852, 0.11999997
0.15706865, 0.18653613, 0.53639531, 0.11999997
0.15706393, 0.18640168, 0.53653437, 0.11999998
0.15705948, 0.18626487, 0.53667569, 0.11999997
0.15705289, 0.18612246, 0.53682470, 0.11999998
0.15703797, 0.18596703, 0.53699493, 0.11999997
0.15701999, 0.18580496, 0.53717500, 0.12000000
0.15701270, 0.18565172, 0.53733569, 0.11999997
0.15701252, 0.18550317, 0.53748435, 0.11999997
0.15701368, 0.18535358, 0.53763276, 0.12000000
0.15701394, 0.18520050, 0.53778547, 0.11999997
0.15700860, 0.18503641, 0.53795493, 0.11999997
0.15700071, 0.18486179, 0.53813750, 0.12000000
0.15699293, 0.18467794, 0.53832918, 0.11999997
0.15698773, 0.18449639, 0.53851587, 0.11999997
0.15698931, 0.18432431, 0.53868645, 0.11999998
0.15699477, 0.18415326, 0.53885198, 0.11999998
0.15700196, 0.18397941, 0.53901869, 0.11999998
0.15701209, 0.18380533, 0.53918260, 0.11999998
0.15763097, 0.18434645, 0.53802258, 0.11999998
0.15921471, 0.18611257, 0.53467274, 0.12000000
0.15922320, 0.18607777, 0.53469896, 0.11999997
0.15856279, 0.18523856, 0.53619868, 0.11999997
0.15782902, 0.18426788, 0.53790313, 0.11999997
0.15742321, 0.18362717, 0.53894967, 0.11999998
0.15733869, 0.18332414, 0.53933704, 0.11999998
0.15722726, 0.18297543, 0.53979731, 0.12000000
0.15723673, 0.18276410, 0.53999919, 0.12000000
0.15721707, 0.18251319, 0.54026979, 0.11999997
0.15724604, 0.18231730, 0.54043669, 0.11999997
0.15728128, 0.18212651, 0.54059213, 0.11999998
0.15731516, 0.18192661, 0.54075831, 0.12000000
0.15734695, 0.18171483, 0.54093832, 0.11999998
0.15737663, 0.18149219, 0.54113108, 0.12000003
0.15741099, 0.18126732, 0.54132181, 0.11999997
0.15744728, 0.18103324, 0.54151952, 0.11999997
0.15748496, 0.18079120, 0.54172391, 0.11999998
0.15752292, 0.18055414, 0.54192287, 0.11999997
0.15756105, 0.18032354, 0.54211539, 0.11999998
0.15759902, 0.18009728, 0.54230362, 0.11999998
0.15764056, 0.17987490, 0.54248452, 0.12000000
0.15768449, 0.17964852, 0.54266697, 0.11999995
0.15772898, 0.17941290, 0.54285806, 0.11999998
0.15777549, 0.17916550, 0.54305905, 0.11999998
0.15782453, 0.17891277, 0.54326266, 0.12000000
0.15787551, 0.17865081, 0.54347366, 0.12000000
0.15792282, 0.17840166, 0.54367542, 0.11999995
0.15797408, 0.17814165, 0.54388434, 0.11999998
0.15802948, 0.17786579, 0.54410475, 0.11999997
0.15808734, 0.17757626, 0.54433638, 0.11999998
0.15814875, 0.17727047, 0.54458076, 0.11999998
0.15820993, 0.17696820, 0.54482180, 0.11999997
0.15827288, 0.17665990, 0.54506719, 0.11999998
0.15833189, 0.17636730, 0.54530084, 0.12000001
0.15839274, 0.17606823, 0.54553908, 0.11999998
0.15846032, 0.17574221, 0.54579747, 0.11999997
0.15853064, 0.17540431, 0.54606509, 0.12000000
0.15859845, 0.17507730, 0.54632419, 0.11999997
0.15866713, 0.17474978, 0.54658312, 0.11999997
0.15873569, 0.17442365, 0.54684067, 0.11999998
0.15880184, 0.17410868, 0.54708958, 0.12000000
0.15886669, 0.17380238, 0.54733092, 0.11999997
0.22357960, 0.23151708, 0.43407014, 0.11083331
0.30000007, 0.30000007, 0.30000007, 0.99999994E-1
0.30000007, 0.30000007, 0.30000007, 0.99999994E-1
0.30000007, 0.30000007, 0.30000007, 0.99999994E-1
0.30000007, 0.30000007, 0.30000007, 0.99999994E-1
