5.8416634, 3.1142857, -2.7273777, 1.5768350, 7.4356270
5.9923010, 3.2956071, -2.6966937, 1.3811330, 7.4294429
6.0777578, 3.0318904, -3.0458672, 1.2535006, 7.4227886
6.0561395, 2.9695523, -3.0865872, 1.3962513, 7.4161816
6.2277355, 3.3073964, -2.9203391, 1.4261148, 7.4095974
6.2087522, 2.9421303, -3.2666221, 1.2193110, 7.4028335
6.0357957, 2.6808510, -3.3549445, 1.4561665, 7.3960662
5.9047909, 2.3969665, -3.5078242, 1.2277962, 7.3889103
6.0637217, 2.1525054, -3.9112170, 1.2403603, 7.3816514
5.7764831, 2.0500250, -3.7264585, 1.2560868, 7.3743520
5.7415056, 2.1001656, -3.6413400, 1.1564691, 7.3669944
4.9570689, 1.7074394, -3.2496297, 1.2198471, 7.3594661
5.2614770, 1.8397232, -3.4217539, 1.2963375, 7.3522415
4.9704075, 1.7508438, -3.2195635, 1.2463785, 7.3449788
5.3653622, 1.8598881, -3.5054739, 1.2338872, 7.3375974
6.1908822, 2.0155463, -4.1753349, 1.2552440, 7.3303528
5.4798427, 1.8684105, -3.6114323, 1.3213475, 7.3230777
5.3837414, 1.6575146, -3.7262268, 1.0097309, 7.3154168
5.8034296, 1.8262258, -3.9772048, 1.1557417, 7.3076057
5.9083009, 1.9499351, -3.9583657, 1.2603159, 7.3000393
6.0827551, 1.8992398, -4.1835151, 1.2697314, 7.2927608
5.7552748, 1.9295191, -3.8257549, 1.2757111, 7.2854123
5.8027024, 1.9749765, -3.8277249, 1.1996709, 7.2779670
5.8148880, 2.1909170, -3.6239719, 1.3334157, 7.2708416
5.2628150, 1.9362323, -3.3265831, 1.2989775, 7.2636762
6.0031962, 1.9781491, -4.0250473, 1.1591251, 7.2562928
6.0831337, 2.3893497, -3.6937842, 1.2530639, 7.2489533
5.8852892, 1.9831340, -3.9021549, 1.1470875, 7.2415752
5.1648040, 1.8019472, -3.3628576, 1.2715218, 7.2341690
5.0718799, 1.5554111, -3.5164690, 1.0812399, 7.2264762
3.7213798, 1.3373502, -2.3840299, 1.0786505, 7.2187247
4.0993567, 1.5818471, -2.5175099, 1.1334083, 7.2111373
4.1349473, 2.1332352, -2.0017123, 1.2168419, 7.2040849
4.3346949, 2.1594734, -2.1752219, 1.1602297, 7.1972671
5.0174656, 2.3714447, -2.6460209, 1.1868601, 7.1906943
4.8931589, 2.2778320, -2.6153274, 1.0886722, 7.1839194
5.5577302, 2.4790614, -3.0786688, 1.3332012, 7.1772065
4.4633164, 2.4430890, -2.0202272, 1.1819601, 7.1706309
4.7025170, 2.3853400, -2.3171771, 1.1026852, 7.1639781
3.8980961, 2.1375666, -1.7605295, 1.2129425, 7.1573043
4.4744878, 2.2856073, -2.1888809, 1.1029234, 7.1505980
6.2376122, 3.0088751, -3.2287371, 1.3495108, 7.1442475
6.1855278, 3.2240500, -2.9614770, 1.2660079, 7.1379013
4.1853318, 2.3777027, -1.8076289, 1.1445605, 7.1314697
6.6272621, 3.2771008, -3.3501611, 1.3702786, 7.1252608
6.9973369, 3.3512709, -3.6460664, 1.2790099, 7.1191087
7.0030298, 2.8056445, -4.1973858, 1.2480218, 7.1128821
3.8275938, 2.7340500, -1.0935435, 1.3712015, 7.1066222
5.7949266, 2.7792163, -3.0157108, 1.0762480, 7.0999494
3.8698885, 2.1509552, -1.7189335, 1.1589633, 7.0932255
3.4760053, 1.7866420, -1.6893635, 0.81911504, 7.0854192
3.8711770, 1.7690737, -2.1021035, 0.51107979, 7.0684171
4.5361199, 2.0768592, -2.4592600, 1.1951401, 7.0588584
5.7190042, 2.6834273, -3.0355768, 1.2457540, 7.0525799
5.8607917, 2.6464913, -3.2143002, 1.1935664, 7.0461063
6.7197433, 2.8868074, -3.8329360, 1.3028065, 7.0398922
7.2914577, 2.9861090, -4.3053484, 1.1827098, 7.0336742
7.2753506, 3.1646876, -4.1106629, 1.4274811, 7.0277047
7.4090385, 3.1030977, -4.3059411, 1.3704406, 7.0214391
7.0977235, 2.7876406, -4.3100834, 1.1313241, 7.0147939
7.1201291, 3.0385244, -4.0816045, 1.2994410, 7.0080848
6.9454374, 2.7824028, -4.1630349, 1.1965103, 7.0013318
6.1921687, 2.8049858, -3.3871832, 1.2372628, 6.9944758
6.2077541, 2.6858919, -3.5218618, 1.2123165, 6.9874949
6.3519506, 2.4014893, -3.9504611, 1.1616453, 6.9803319
7.0218539, 2.6989491, -4.3229055, 1.3285973, 6.9733806
6.8521819, 2.2458804, -4.6063023, 1.0841470, 6.9662061
6.5388007, 2.2077830, -4.3310165, 1.1748216, 6.9587955
6.2743897, 2.1739423, -4.1004477, 1.1189421, 6.9513111
6.2218423, 2.2066905, -4.0151525, 1.1572427, 6.9430389
5.5161562, 2.2216043, -3.2945514, 1.1049668, 6.9330201
5.1616788, 2.3405590, -2.8211198, 1.3215832, 6.9206948
4.8656287, 2.4228113, -2.4428179, 1.2632183, 6.9064622
4.7264924, 2.3001573, -2.4263351, 1.2182395, 6.8897953
5.1804676, 2.1221602, -3.0583074, 1.2548757, 6.8713741
4.8499880, 2.2751231, -2.5748649, 1.3561407, 6.8520947
4.6308432, 2.4160621, -2.2147808, 1.7032913, 6.8325896
4.1475496, 2.5922439, -1.5553051, 1.8529593, 6.8129082
4.9157076, 2.3558462, -2.5598619, 1.3769398, 6.7942033
6.0756660, 2.5986226, -3.4770429, 1.3570982, 6.7856317
6.4675064, 2.8182611, -3.6492450, 1.1476703, 6.7785802
5.8310795, 2.2514632, -3.5796173, 1.3247173, 6.7717514
6.2825823, 2.5503526, -3.7322302, 1.1039201, 6.7653956
4.3128290, 3.6379597, -0.67486906, 1.1823359, 6.7594523
6.5428104, 5.2803545, -1.2624564, 1.2488471, 6.7534294
7.2065330, 3.7827153, -3.4238181, 1.2305346, 6.7475224
5.9282122, 2.9818370, -2.9463749, 1.1332269, 6.7413349
6.9079232, 3.2831492, -3.6247745, 1.1079623, 6.7353339
7.7264538, 4.0774512, -3.6490030, 1.0806191, 6.7292752
7.2126532, 4.9642520, -2.2484002, 1.2675699, 6.7234669
6.5057669, 3.5082953, -2.9974723, 1.2260963, 6.7175541
6.3344617, 2.7023668, -3.6320949, 1.0507718, 6.7112522
7.5716171, 3.6475451, -3.9240713, 1.1633115, 6.7052522
7.3507848, 3.6020722, -3.7487128, 1.2249097, 6.6991062
6.9289870, 3.5346088, -3.3943779, 1.2701459, 6.6927624
6.7363358, 3.4530659, -3.2832704, 1.0536916, 6.6862736
6.7131805, 3.4244413, -3.2887387, 1.1885372, 6.6797795
6.1937842, 3.1019733, -3.0918109, 1.1040733, 6.6729932
6.0606294, 3.0169063, -3.0437229, 1.2067771, 6.6662526
5.5032849, 2.9030819, -2.6002038, 1.0955825, 6.6590505
5.7420239, 2.4609156, -3.2811081, 0.99677640, 6.6509838
5.4753757, 2.4232428, -3.0521324, 0.95311081, 6.6412368
5.1977472, 2.4592118, -2.7385356, 1.2811180, 6.6299076
4.8140612, 2.8158803, -1.9981807, 1.3020101, 6.6172276
4.6758480, 2.5322866, -2.1435611, 1.3395406, 6.6022534
4.4817123, 2.0297663, -2.4519463, 1.1462015, 6.5853734
6.1382976, 1.8861113, -4.2521868, 1.0816013, 6.5703983
5.7066827, 1.9055660, -3.8011165, 1.1257747, 6.5584393
6.4563146, 2.0698800, -4.3864341, 1.1796454, 6.5507474
7.3776970, 2.2999396, -5.0777569, 1.0504541, 6.5441170
6.6062231, 2.9874265, -3.6187961, 1.2360420, 6.5374341
6.2269702, 2.6836498, -3.5433209, 1.1337124, 6.5299230
5.7842560, 2.8095737, -2.9746821, 1.2060400, 6.5211244
5.6558313, 2.7633681, -2.8924639, 1.0441082, 6.5121598
4.9407840, 3.2316833, -1.7091006, 1.2885917, 6.5020413
4.7811446, 2.6543643, -2.1267798, 1.3050263, 6.4887810
4.4243822, 3.0338581, -1.3905238, 1.4509658, 6.4724669
4.3368206, 2.9291313, -1.4076895, 1.5429633, 6.4539165
5.0393376, 3.1834414, -1.8558953, 2.0896053, 6.4359627
7.3415341, 4.2413530, -3.1001809, 1.1667306, 6.4264240
7.1259999, 3.9289889, -3.1970110, 0.49043345, 6.4207721
8.2574282, 3.8391058, -4.4183221, 1.2058381, 6.4146786
8.9511547, 4.7754269, -4.1757278, 1.2546800, 6.4091907
7.9453001, 5.1259665, -2.8193333, 1.1379640, 6.4035554
7.7154408, 4.6200805, -3.0953603, 1.1971978, 6.3978348
7.3946581, 4.4917674, -2.9028900, 1.1085879, 6.3920035
8.1993828, 3.6487508, -4.5506325, 1.2382090, 6.3862553
7.7869720, 4.0995359, -3.6874363, 1.2357904, 6.3804278
8.1195259, 4.8162570, -3.3032694, 0.95342571, 6.3746681
8.2845993, 5.1680651, -3.1165338, 1.4284002, 6.3693523
7.4817224, 5.8992977, -1.5824252, 1.1251832, 6.3640609
5.3109822, 5.0829911, -0.22799042, 1.0372056, 6.3583865
6.1259494, 4.8312011, -1.2947485, 1.1621773, 6.3528676
8.3261557, 4.7264938, -3.5996618, 1.0823736, 6.3473563
7.6124759, 4.4508147, -3.1616600, 1.0239115, 6.3418641
8.4921579, 4.0411687, -4.4509902, 1.2495457, 6.3363128
8.4904041, 5.7718630, -2.7185409, 1.2857770, 6.3311954
7.8677797, 5.1613975, -2.7063820, 1.2330596, 6.3261218
7.1679139, 4.9380221, -2.2298913, 1.1673301, 6.3205361
6.2106905, 4.6380477, -1.5726432, 1.2033182, 6.3147559
7.9413266, 3.3554626, -4.5858631, 1.1202998, 6.3085990
7.4405766, 3.0246179, -4.4159579, 1.0422963, 6.3022552
6.7831898, 2.7556129, -4.0275769, 1.0170399, 6.2959499
7.3094053, 3.1482060, -4.1611986, 1.1330440, 6.2897286
7.5327110, 3.1479959, -4.3847136, 1.2748986, 6.2835546
6.4718714, 3.4485524, -3.0233190, 1.0389659, 6.2773399
7.8829122, 3.0125647, -4.8703480, 1.1794131, 6.2710423
7.0777721, 3.9547551, -3.1230175, 1.0958040, 6.2649307
6.5097685, 4.3933878, -2.1163809, 1.2532558, 6.2588468
6.8390503, 3.8222854, -3.0167656, 1.1766052, 6.2529831
7.2775197, 3.7395270, -3.5379934, 1.0005504, 6.2470055
7.2189193, 4.3817000, -2.8372190, 1.2704202, 6.2408595
8.1499138, 4.4566851, -3.6932306, 1.0443865, 6.2350845
7.9464016, 5.2991762, -2.6472249, 1.1957113, 6.2297134
7.1541376, 7.3745589, 0.22042200, 1.2998036, 6.2244382
7.4998260, 6.2590289, -1.2407974, 1.0328323, 6.2192822
5.9354930, 6.0916905, 0.15619710, 1.2108554, 6.2138367
6.0273895, 6.0216360, -0.57541579E-2, 1.0724109, 6.2084327
8.6109133, 5.7044940, -2.9064181, 1.0477253, 6.2030582
7.7653971, 5.6307244, -2.1346714, 1.1800030, 6.1979699
5.7583313, 6.0062003, 0.24786830, 1.2003971, 6.1927505
6.9319754, 5.3218570, -1.6101187, 1.0245605, 6.1875496
6.3413887, 5.9265432, -0.41484523, 1.1331959, 6.1824512
6.6904912, 6.8126216, 0.12213062, 1.3533844, 6.1775169
7.3554564, 5.7708740, -1.5845814, 1.0711815, 6.1725502
6.3395886, 5.9198256, -0.41976351, 1.1282965, 6.1676250
8.3302965, 5.9413776, -2.3889184, 1.3404523, 6.1627235
7.5437369, 6.1503739, -1.3933619, 1.1730344, 6.1580005
6.6020889, 6.2758918, -0.32619739, 1.2041342, 6.1531463
6.8803854, 6.2155786, -0.66480637, 1.1496625, 6.1482644
6.8656697, 6.3512931, -0.51437652, 1.2527426, 6.1434836
7.6648149, 6.0027013, -1.6621146, 1.2534564, 6.1388645
6.9994297, 7.0218177, 0.22387564E-1, 1.2820264, 6.1342559
6.7439179, 6.8491468, 0.10522847, 1.4058893, 6.1295872
6.3490119, 6.3041401, -0.44871137E-1, 1.2351226, 6.1246700
7.3891430, 5.6538825, -1.7352599, 1.2507572, 6.1195970
6.9427776, 5.2080560, -1.7347220, 1.1478980, 6.1143303
6.5260968, 5.6743217, -0.85177493, 1.3064539, 6.1091194
6.0692048, 4.9675493, -1.1016554, 1.1166116, 6.1036072
5.4918165, 4.7755270, -0.71629000, 1.1685953, 6.0978732
7.9628806, 3.7909172, -4.1719632, 1.1500782, 6.0921445
6.9698215, 4.4368520, -2.5329702, 1.1812508, 6.0866013
5.4377308, 4.7685103, -0.66921961, 0.95448065, 6.0813217
4.3413038, 5.1240549, 0.78275073, 1.1646684, 6.0759144
7.3365002, 5.6924219, -1.6440785, 1.0643451, 6.0707493
6.9837747, 6.4711270, -0.51264781, 1.2660978, 6.0662041
7.7159762, 5.9828877, -1.7330877, 1.2192256, 6.0617294
5.3970876, 5.6968765, 0.29978955, 1.2581487, 6.0570297
7.5366569, 6.8180037, -0.71865416, 1.1688932, 6.0523872
6.5309587, 6.2527475, -0.27821171, 1.3115807, 6.0481014
6.3560767, 5.8973994, -0.45867723, 1.3650939, 6.0435963
5.8989711, 5.6451325, -0.25383782, 1.3692509, 6.0388646
5.8148146, 5.1476402, -0.66717529, 1.2725177, 6.0339866
5.6096835, 4.9179907, -0.69169301, 1.2103869, 6.0288806
5.3496618, 4.5037389, -0.84592330, 1.1696831, 6.0235386
6.0851340, 4.0486150, -2.0365191, 1.2145457, 6.0180745
5.6965427, 4.0869513, -1.6095915, 1.1514332, 6.0124326
5.1705232, 4.0329823, -1.1375408, 1.1608243, 6.0067754
4.9649944, 3.8643425, -1.1006520, 1.1554475, 6.0008965
4.8770442, 3.7030106, -1.1740328, 1.1245421, 5.9941144
5.8094873, 4.0235853, -1.7859020, 1.1793573, 5.9864249
5.3444200, 5.0747290, -0.26969117, 1.1753658, 5.9807663
5.0036478, 4.8973870, -0.10626118, 1.1376398, 5.9752870
4.6844740, 4.2308397, -0.45363402, 1.0712395, 5.9693732
4.4609537, 3.7290452, -0.73190862, 1.2510922, 5.9618096
3.9182498, 3.9570532, 0.38803630E-1, 1.3386717, 5.9518585
3.8858047, 4.0623412, 0.17653619, 1.4724690, 5.9395719
3.8988249, 4.2087789, 0.30995378, 1.4386522, 5.9250045
3.7227190, 3.8727086, 0.14998956, 1.3099591, 5.9079118
3.6471617, 3.7749043, 0.12774278, 1.1632978, 5.8880768
3.8788989, 3.0422685, -0.83663017, 1.0699378, 5.8659210
3.8178761, 3.4615960, -0.35628030, 0.99707693, 5.8423119
3.5950468, 3.4908299, -0.10421705, 0.92578489, 5.8170376
3.5156696, 3.9791780, 0.46350849, 0.88148183, 5.7906165
7.7477331, 4.1203651, -3.6273677, 1.4712626, 5.7726274
7.2366328, 4.6560273, -2.5806057, 2.1541297, 5.7952991
8.1180201, 6.0653067, -2.0527136, 2.1404121, 5.8338494
7.8406353, 6.5921602, -1.2484746, 2.1333659, 5.8722878
6.4893293, 8.6213312, 2.1320014, 2.1299636, 5.9106445
6.7424407, 6.6279998, -0.11444147, 2.1287856, 5.9489250
7.5288448, 5.7014380, -1.8274074, 2.1295369, 5.9871364
7.8149991, 5.0292468, -2.7857530, 2.1309636, 6.0252762
7.8267460, 5.8394394, -1.9873065, 2.1312234, 6.0633645
8.0665207, 5.4284310, -2.6380894, 2.1310253, 6.1013947
6.8791146, 5.8859777, -0.99313724, 2.1305616, 6.1393561
7.1706581, 7.6958184, 0.52516073, 2.1288600, 6.1772370
6.1396523, 8.3851738, 2.2455232, 2.1271079, 6.2150617
6.3430672, 5.3134341, -1.0296330, 2.1263375, 6.2528224
7.4988718, 6.3798609, -1.1190103, 2.1316118, 6.2905297
7.0793753, 6.7325945, -0.34678108, 2.1303849, 6.3281913
6.7589221, 7.1914940, 0.43257144, 2.1285856, 6.3657794
7.2251487, 6.0015116, -1.2236365, 2.1298482, 6.4033036
7.3707242, 6.0171013, -1.3536224, 2.1300063, 6.4407363
6.2538362, 7.6098113, 1.3559748, 2.1285074, 6.4781113
5.5703316, 8.1942463, 2.6239150, 2.1263251, 6.5154405
6.0934601, 7.0563006, 0.96284068, 2.1275072, 6.5527043
7.4799018, 5.5721149, -1.9077867, 2.1290102, 6.5899086
6.1981034, 6.7741680, 0.57606411, 2.1288557, 6.6270599
6.0679135, 7.6111684, 1.5432541, 2.1273777, 6.6641469
5.4268851, 7.6433067, 2.2164221, 2.1256027, 6.7011642
6.5187221, 5.3672037, -1.1515186, 2.1259682, 6.7381148
5.9443970, 5.1684632, -0.77593380, 2.1262126, 6.7750068
5.4803467, 5.4422717, -0.38075477E-1, 2.1257646, 6.8118339
6.0146379, 5.3569107, -0.65772724, 2.1255867, 6.8485990
6.1463947, 4.8308964, -1.3154989, 1.7731035, 6.8844676
5.9251366, 4.7004080, -1.2247281, 0.10375194E-1, 6.8889098
5.3900304, 4.4822040, -0.90782607, 0.95128017E-2, 6.8775172
4.9197216, 4.4770937, -0.44262743, 0.86193420E-2, 6.8661213
4.6481690, 4.4816251, -0.16654448, 0.77950251E-2, 6.8547149
5.2456055, 2.8874147, -2.3581910, 0.99590318E-2, 6.8432641
5.5919795, 3.8918056, -1.7001739, 0.11660967E-1, 6.8319316
5.7761636, 4.0648952, -1.7112689, 0.12051428E-1, 6.8206420
5.5206947, 4.9639149, -0.55677974, 0.14037169E-1, 6.8093638
5.4487896, 4.3984928, -1.0502969, 0.10906758E-1, 6.7981019
4.8442011, 4.5821896, -0.26201236, 0.92853522E-2, 6.7868495
4.5835118, 4.2339106, -0.34960112, 0.81526339E-2, 6.7756000
4.4070048, 3.9970586, -0.40994644, 0.72740968E-2, 6.7643342
4.3201942, 3.7493362, -0.57085752, 0.65227095E-2, 6.7527924
4.2967463, 3.5324574, -0.76428866, 0.59052175E-2, 6.7403965
4.1002684, 3.3371644, -0.76310396, 0.53168512E-2, 6.7263675
3.6639104, 3.5702600, -0.93649969E-1, 0.47284616E-2, 6.7099614
5.0779147, 3.5975606, -1.4803550, 0.10583597E-1, 6.6944995
3.7661915, 3.2449019, -0.52128917, 0.10694924E-1, 6.6831799
5.5596800, 3.3301544, -2.2295249, 0.10689832E-1, 6.6720061
5.3341527, 2.8049650, -2.5291877, 0.89168614E-2, 6.6607900
5.1978006, 2.7755792, -2.4222214, 0.82494570E-2, 6.6490893
4.9128690, 2.9736352, -1.9392337, 0.82405843E-2, 6.6371675
4.5923848, 2.8255868, -1.7667978, 0.68589291E-2, 6.6240354
4.2834430, 2.9576390, -1.3258044, 0.57502934E-2, 6.6086001
3.9113483, 2.5816259, -1.3297220, 0.48397668E-2, 6.5900025
3.7497959, 2.7746389, -0.97515672, 0.42126309E-2, 6.5684319
5.9123321, 2.5725479, -3.3397839, 0.11767524E-1, 6.5473728
5.8230438, 3.7476854, -2.0753589, 0.31293616E-1, 6.5357976
7.0508361, 5.0947657, -1.9560703, 0.22906980E-1, 6.5250092
5.9829779, 6.0236902, 0.40712625E-1, 0.15486976E-1, 6.5142288
5.7004070, 6.0090485, 0.30864072, 0.13022061E-1, 6.5034776
5.6866069, 6.1933031, 0.50669611, 0.11423405E-1, 6.4926715
6.2446527, 5.2292023, -1.0154504, 0.11482847E-1, 6.4819303
5.8711591, 5.1316915, -0.73946875, 0.11395157E-1, 6.4712014
7.4331346, 4.6035872, -2.8295474, 0.14790724E-1, 6.4604874
6.9947319, 4.6947961, -2.2999358, 0.15297121E-1, 6.4496169
6.6013155, 4.3805208, -2.2207947, 0.54817706, 6.4393868
7.1021137, 3.6998014, -3.4023123, 1.0566369, 6.4316921
6.7286668, 3.4430578, -3.2856090, 1.2599863, 6.4240742
6.2045479, 3.2503030, -2.9542449, 1.1135837, 6.4159179
5.7421722, 3.2371821, -2.5049896, 1.2220349, 6.4079647
5.4028106, 3.2469394, -2.1558712, 1.2024173, 6.4007773
5.3264241, 3.0484645, -2.2779596, 1.3133785, 6.3939700
5.0348921, 2.8217087, -2.2131829, 1.1774696, 6.3868833
4.5241690, 2.5179098, -2.0062594, 1.1135818, 6.3793473
5.3965368, 1.8236372, -3.5729005, 0.94431239, 6.3707333
6.0036335, 1.9776405, -4.0259924, 0.95511103, 6.3614755
5.2098875, 2.6950521, -2.5148354, 1.2948844, 6.3524594
4.8302431, 2.7982299, -2.0320127, 1.2598126, 6.3429494
4.4749494, 2.8019118, -1.6730379, 1.3141192, 6.3310609
3.8720872, 2.9429770, -0.92911035, 1.4887216, 6.3173995
4.1754117, 2.6739364, -1.5014752, 1.5343015, 6.3022656
4.3691802, 2.5982461, -1.7709345, 1.6016830, 6.2854772
4.2961645, 2.6502628, -1.6459020, 1.6291869, 6.2668242
4.1897969, 2.6418920, -1.5479051, 1.5998569, 6.2466698
3.8186443, 2.6547160, -1.1639278, 1.5620650, 6.2258377
4.0925636, 2.5914886, -1.5010747, 1.5078428, 6.2040925
4.1342545, 2.4834354, -1.6508187, 1.4590660, 6.1813378
3.8854485, 2.2683160, -1.6171329, 1.4200622, 6.1576953
3.7362444, 2.3032801, -1.4329636, 1.3640177, 6.1332231
6.0469203, 2.2891810, -3.7577393, 1.3725300, 6.1121907
5.0208640, 2.2284188, -2.7924457, 1.1335438, 6.1029372
5.8787732, 2.6260469, -3.2527266, 1.3209544, 6.0947108
6.1022182, 2.8653147, -3.2369025, 1.3411334, 6.0860972
6.0888214, 3.1710348, -2.9177859, 1.3474727, 6.0769124
6.1162372, 3.4056232, -2.7106147, 1.3514721, 6.0684991
5.6989484, 3.3367045, -2.3622439, 1.1719834, 6.0613117
6.5474644, 4.2881007, -2.2593632, 1.5346168, 6.0556259
6.4201422, 4.0143423, -2.4058006, 1.3714314, 6.0508485
6.4696965, 4.2215619, -2.2481346, 1.3693836, 6.0459690
6.3175488, 4.1934295, -2.1241193, 1.5703509, 6.0413380
6.2203035, 3.9778633, -2.2424397, 1.5761207, 6.0366173
6.3938484, 3.4004290, -2.9934201, 1.2896206, 6.0319152
5.9316134, 3.5613315, -2.3702817, 1.4663575, 6.0271831
6.2172542, 3.1107748, -3.1064799, 1.3785990, 6.0222759
6.3268981, 2.9636090, -3.3632891, 1.3009008, 6.0173211
6.1330533, 3.3338163, -2.7992365, 1.5771629, 6.0126019
5.7738414, 3.0250239, -2.7488170, 1.4100837, 6.0079074
6.3870606, 3.0405960, -3.3464642, 1.4778122, 6.0029330
5.2705569, 2.5727227, -2.6978335, 1.3507366, 5.9976425
4.3364239, 3.3796072, -0.95681703, 1.2916437, 5.9926457
4.0896292, 3.6982229, -0.39140597, 1.2439735, 5.9877739
4.8528128, 3.3599694, -1.4928432, 1.2707664, 5.9817624
5.0798717, 3.4282715, -1.6515999, 1.2441233, 5.9753003
5.3035336, 3.4195795, -1.8839546, 1.2998292, 5.9689331
5.4734373, 3.8593917, -1.6140454, 1.3979511, 5.9634418
5.6215215, 4.6434412, -0.97808003, 1.5373999, 5.9595604
5.2468967, 4.4650755, -0.78182137, 1.5273640, 5.9563642
5.2570691, 3.0553110, -2.2017579, 1.3018162, 5.9508920
4.6548748, 2.2557735, -2.3991008, 1.3597963, 5.9376998
4.5463734, 2.1326156, -2.4137576, 1.4642740, 5.9178014
5.3682275, 2.4720945, -2.8961327, 1.4296234, 5.9008007
5.4702120, 2.5083690, -2.9618437, 1.2821101, 5.8892159
4.9171982, 2.1157854, -2.8014123, 1.3694185, 5.8761926
4.7644935, 1.9342589, -2.8302345, 1.4391730, 5.8596344
5.3490343, 2.0928800, -3.2561541, 1.3102117, 5.8437328
5.5760741, 2.2122557, -3.3638186, 1.4310002, 5.8313117
5.5908589, 2.1160586, -3.4748006, 1.3008056, 5.8203902
5.5030990, 1.9615638, -3.5415354, 1.2932532, 5.8094764
5.1204028, 1.6656473, -3.4547553, 1.3203413, 5.7972693
5.2221665, 1.6798035, -3.5423632, 1.1884309, 5.7837219
4.5679359, 1.5413343, -3.0266016, 1.3296527, 5.7684994
4.6483378, 1.6845630, -2.9637744, 1.4427598, 5.7530823
4.5140953, 1.5764304, -2.9376645, 1.2966105, 5.7373490
4.9552193, 2.0398211, -2.9153979, 1.4751189, 5.7222557
4.6433983, 2.0952652, -2.5481329, 1.4695818, 5.7074451
4.6132178, 1.8506726, -2.7625449, 1.3463100, 5.6900783
4.6977315, 1.8034099, -2.8943214, 1.4125953, 5.6712937
5.1698165, 1.8628763, -3.3069398, 1.4970244, 5.6543088
5.4866824, 1.9086943, -3.5779879, 1.3036784, 5.6419444
5.4100971, 1.7459713, -3.6641250, 1.4516028, 5.6291547
5.5063214, 1.7088181, -3.7975032, 1.4143920, 5.6164970
5.3645811, 1.6503080, -3.7142732, 1.4757890, 5.6030488
5.2297850, 1.5789152, -3.6508696, 1.4291120, 5.5885906
5.2354250, 1.6042265, -3.6311994, 1.4844065, 5.5736737
5.2036300, 1.6112865, -3.5923433, 1.5339525, 5.5597057
5.1626043, 1.5833771, -3.5792277, 1.3248366, 5.5469303
4.9604878, 1.5886762, -3.3718109, 1.4728479, 5.5334868
4.7686491, 1.5281534, -3.2404957, 1.5272518, 5.5183187
4.7912879, 1.5305057, -3.2607825, 1.4322697, 5.5012279
4.9742665, 1.5627816, -3.4114850, 1.6514848, 5.4849334
5.6459727, 1.6409069, -4.0050664, 1.5490935, 5.4722657
5.5367765, 1.6346833, -3.9020936, 1.6319476, 5.4604220
5.5530691, 1.6408267, -3.9122410, 1.7327883, 5.4483147
5.2957840, 1.8386387, -3.4571452, 1.8879327, 5.4370999
5.2579308, 1.8394591, -3.4184721, 1.8280307, 5.4267640
4.8879557, 1.7217582, -3.1661978, 1.7336485, 5.4150772
4.8436866, 1.5174192, -3.3262680, 1.5558355, 5.4017773
4.6320157, 1.4921354, -3.1398804, 1.4739478, 5.3861432
5.6800947, 1.8561674, -3.8239274, 1.5938405, 5.3751278
5.1588225, 2.6172187, -2.5416033, 1.5197887, 5.3667297
5.8483777, 2.8757627, -2.9726148, 1.5224260, 5.3598313
6.7600789, 3.5261872, -3.2338915, 1.8561270, 5.3557658
6.8573456, 3.9110107, -2.9463344, 2.0441279, 5.3540416
4.9728332, 2.4823534, -2.4904802, 1.5263134, 5.3484139
4.5121336, 1.7978309, -2.7143023, 1.4076198, 5.3301568
4.0685840, 1.8119696, -2.2566147, 1.5941120, 5.3084092
5.5492902, 2.3817654, -3.1675246, 1.9089272, 5.2899141
6.0943627, 2.2863948, -3.8079684, 1.7644607, 5.2739344
6.2898722, 2.2909565, -3.9989159, 1.7449352, 5.2616563
6.5196557, 2.2952788, -4.2243762, 1.8210003, 5.2526479
6.4971871, 2.5813510, -3.9158363, 1.9484969, 5.2465549
6.5405092, 2.1687133, -4.3717952, 1.7954178, 5.2414517
5.7027907, 1.8040522, -3.8987384, 1.7602211, 5.2326026
4.8863678, 1.3314335, -3.5549347, 1.3177559, 5.2162919
5.6903157, 1.6180036, -4.0723119, 1.6468203, 5.1996078
5.3816233, 1.6017402, -3.7798822, 1.8030778, 5.1858382
5.1849923, 1.6469157, -3.5380764, 1.5802593, 5.1697960
5.0968008, 1.6537116, -3.4430890, 1.4366493, 5.1508307
4.9482393, 1.7732072, -3.1750321, 1.4131069, 5.1312766
5.0200710, 2.0417352, -2.9783359, 1.9692943, 5.1168594
4.7827082, 2.2013664, -2.5813422, 2.0936263, 5.1061301
4.4424262, 2.2768159, -2.1656103, 2.0584724, 5.0960870
4.6692123, 2.0599413, -2.6092710, 2.1086886, 5.0857396
5.2889876, 2.0050204, -3.2839668, 1.8014621, 5.0758491
5.3000407, 2.0573585, -3.2426829, 1.6975706, 5.0683689
5.8048410, 2.0755131, -3.7293279, 1.5555109, 5.0610061
6.4667640, 2.2758992, -4.1908650, 1.8793362, 5.0551763
6.3350477, 2.1342981, -4.2007489, 1.6415207, 5.0508666
6.0206747, 2.3629081, -3.6577673, 1.8992136, 5.0471015
6.0207214, 2.0533211, -3.9674001, 1.5900798, 5.0436425
5.8918314, 2.2256091, -3.6662226, 1.8943782, 5.0395441
5.5419722, 2.1596184, -3.3823543, 1.7330942, 5.0357251
5.3211803, 2.1710145, -3.1501660, 1.9780892, 5.0317726
5.4486909, 1.8026079, -3.6460819, 1.8359033, 5.0228448
5.2152581, 1.8728558, -3.3424027, 1.7365711, 5.0082903
4.9620266, 1.9125575, -3.0494699, 1.5699785, 4.9897642
4.5356455, 1.8221235, -2.7135217, 1.8661807, 4.9859910
4.3511930, 2.1033435, -2.2478497, 1.9529757, 4.9952397
4.0028615, 2.1588881, -1.8439736, 1.9137217, 5.0061417
4.0927029, 2.1126962, -1.9800073, 1.8464074, 5.0159631
4.0239663, 2.0568829, -1.9670831, 1.8079029, 5.0234690
4.3019562, 2.0903847, -2.2115717, 1.8407317, 5.0282502
4.1594934, 2.1680677, -1.9914260, 1.8767403, 5.0314798
3.9426858, 2.2184234, -1.7242627, 1.8429713, 5.0349526
4.2941146, 2.1218362, -2.1722789, 1.7881342, 5.0367813
4.0988135, 2.1061659, -1.9926479, 1.7979299, 5.0365510
4.2102861, 2.2332823, -1.9770038, 1.8387947, 5.0353374
4.1615448, 2.4565637, -1.7049822, 1.8209540, 5.0350347
3.9725301, 2.5815647, -1.3909655, 1.8200430, 5.0357671
3.8589618, 2.6087310, -1.2502306, 1.7630090, 5.0380917
4.0262818, 2.5662439, -1.4600378, 1.7647468, 5.0396523
3.7939301, 2.6789348, -1.1149955, 1.8049178, 5.0415850
4.0058637, 2.7843180, -1.2215452, 1.7859324, 5.0422916
3.9708357, 2.7866111, -1.1842246, 1.7421798, 5.0418377
3.9916024, 2.7724833, -1.2191193, 1.7453220, 5.0408382
3.9194937, 2.6796694, -1.2398244, 1.7146993, 5.0399747
3.6529806, 3.1028550, -0.55012512, 1.7375661, 5.0401049
3.7906432, 3.0084407, -0.78220260, 1.7044448, 5.0404010
3.8649685, 2.6030741, -1.2618941, 1.6241028, 5.0395665
3.9232314, 2.6856825, -1.2375498, 1.6186550, 5.0384822
4.0086117, 2.6086519, -1.3999597, 1.5675230, 5.0368562
3.9141057, 2.8224592, -1.0916463, 1.6368123, 5.0343299
3.6683774, 2.8381655, -0.83021188, 1.6426001, 5.0323930
3.7027674, 3.0843482, -0.61841899, 1.6216835, 5.0304828
3.5201123, 3.1491351, -0.37097710, 1.6213211, 5.0289044
3.6223264, 3.1613452, -0.46098131, 1.6184363, 5.0277066
3.8384535, 2.9431269, -0.89532679, 0.35938635, 5.0106764
3.7631145, 3.0328009, -0.73031378, 0.37084445, 4.9791532
3.5970378, 3.0244505, -0.57258713, 0.37023318, 4.9480076
3.3803363, 3.3486285, -0.31707659E-1, 0.37206709, 4.9174275
3.2798438, 3.5931911, 0.31334716, 0.34621334, 4.8870316
3.3243964, 3.0712194, -0.25317681, 0.31891024, 4.8565774
3.9560413, 3.8336279, -0.12241301, 1.0288435, 4.8311515
3.6305664, 3.6055515, -0.25014803E-1, 1.7710133, 4.8236861
4.5656042, 2.7205474, -1.8450567, 0.79424655, 4.8147545
4.6372638, 2.7371671, -1.9000964, 1.3322489, 4.8049159
4.7236862, 2.8102658, -1.9134194, 1.1934143, 4.7962670
5.1659560, 2.8990116, -2.2669446, 1.1402885, 4.7889643
5.4051223, 2.9475496, -2.4575727, 1.1751918, 4.7823267
6.0714736, 3.2202895, -2.8511846, 1.3357147, 4.7765760
5.5030890, 3.5140815, -1.9890077, 1.2509394, 4.7724423
4.9528770, 3.7443211, -1.2085562, 1.3283952, 4.7694020
7.2383180, 4.6911850, -2.5471339, 1.7987655, 4.7678556
7.5082941, 4.6676464, -2.8406472, 1.4894898, 4.7671208
5.6385913, 4.6102552, -1.0283357, 1.6507580, 4.7664657
7.8691449, 4.5627770, -3.3063672, 1.7197878, 4.7639213
6.4287138, 3.2048259, -3.2238882, 1.3400420, 4.7608681
6.5765643, 3.1072004, -3.4693639, 1.4022640, 4.7562189
6.8161983, 3.2900908, -3.5261075, 1.4687108, 4.7518330
6.8535209, 3.8174450, -3.0360763, 1.6306788, 4.7493463
7.5483031, 4.3422537, -3.2060492, 1.7347549, 4.7480597
6.4035530, 3.4599080, -2.9436445, 1.5325153, 4.7470117
6.6957979, 3.4969003, -3.1988981, 1.6082845, 4.7457080
7.3865056, 4.0763674, -3.3101380, 2.0451663, 4.7449327
6.1292963, 4.7064738, -1.4228233, 2.2088118, 4.7449317
6.5151515, 4.0705295, -2.4446225, 2.0923989, 4.7454524
6.5703869, 2.6439199, -3.9264660, 1.6623154, 4.7446904
3.8247168, 3.7784481, -0.46269223E-1, 1.5044926, 4.7431402
7.2444043, 5.1813188, -2.0630856, 1.7393336, 4.7424979
4.3378205, 4.3762088, 0.38388684E-1, 1.5470355, 4.7417049
7.4587107, 4.3917422, -3.0669672, 1.5533710, 4.7406135
7.4202290, 4.9797907, -2.4404390, 1.8011302, 4.7401042
6.3272853, 4.2989988, -2.0282867, 1.4481305, 4.7396059
7.6568470, 3.8003249, -3.8565226, 1.4719571, 4.7372127
8.3888750, 4.6598563, -3.7290187, 1.9538051, 4.7338018
7.6790609, 3.4035752, -4.2754860, 1.4781874, 4.7313371
7.1722727, 4.4578967, -2.7143753, 1.8569720, 4.7299595
6.9695563, 4.0977387, -2.8718181, 1.7320076, 4.7295566
8.1228924, 4.8806424, -3.2422490, 1.9395194, 4.7286901
7.4332385, 3.4893119, -3.9439270, 1.7479583, 4.7279830
7.7962847, 3.5338855, -4.2623987, 1.6097220, 4.7266498
7.3449473, 3.7267563, -3.6181910, 1.7821583, 4.7257619
6.7303348, 4.2748518, -2.4554830, 2.2195444, 4.7256684
6.4406157, 3.9526160, -2.4879992, 1.9408094, 4.7259803
5.6451869, 3.4508717, -2.1943152, 2.0172131, 4.7258439
3.6868536, 3.5020816, -0.18477258, 1.4817885, 4.7249255
6.8530293, 3.8869677, -2.9660614, 1.4371436, 4.7231240
7.2685232, 3.9186201, -3.3499036, 1.4999285, 4.7209787
7.9102340, 4.1996150, -3.7106192, 1.7485703, 4.7194467
6.9747200, 3.8138838, -3.1608367, 1.4232798, 4.7180133
6.6254559, 3.5933018, -3.0321538, 1.4131609, 4.7158332
7.6016402, 3.8862865, -3.7153535, 1.7082775, 4.7134652
8.2032270, 3.9272654, -4.2759628, 1.4068189, 4.7115026
7.8715467, 5.4721446, -2.3994024, 2.0959251, 4.7107234
7.8226748, 4.5601449, -3.2625289, 1.9664116, 4.7111053
6.8501167, 5.4422364, -1.4078794, 2.1488438, 4.7119365
5.9377575, 5.4153996, -0.52235800, 2.5322828, 4.7138810
6.1884599, 4.4838243, -1.7046353, 2.1611376, 4.7155867
5.9063449, 4.4639330, -1.4424115, 2.3829265, 4.7166591
5.2773881, 4.3842163, -0.89317167, 2.1171029, 4.7173104
5.3040476, 3.7558348, -1.5482132, 2.1454487, 4.7176571
6.8924217, 3.4168055, -3.4756167, 1.7134781, 4.7170181
6.1376534, 3.5165024, -2.6211507, 1.6289582, 4.7157884
4.2308187, 3.5565350, -0.67428404, 1.4502220, 4.7142997
6.3058920, 4.0751476, -2.2307446, 1.7846676, 4.7132649
6.3681054, 3.7021513, -2.6659539, 1.9571136, 4.7127109
5.6977520, 3.2650216, -2.4327302, 1.9481061, 4.7121825
5.3869290, 3.0270867, -2.3598418, 1.9334370, 4.7115436
4.3571444, 2.9751265, -1.3820183, 1.8396909, 4.7095218
3.6563551, 2.8239796, -0.83237523, 1.5456263, 4.7034087
6.9062881, 4.1812139, -2.7250743, 1.8188032, 4.6970925
5.8385506, 4.5837126, -1.2548380, 2.1805546, 4.6969218
5.3783207, 3.6708474, -1.7074732, 1.9905099, 4.6969171
6.1966729, 3.4563575, -2.7403162, 1.9376549, 4.6966395
7.3744745, 3.9053423, -3.4691324, 1.6748282, 4.6958728
7.3782396, 4.4552026, -2.9230366, 1.9335191, 4.6952648
8.3287439, 5.5066657, -2.8220775, 1.4882196, 4.6950822
8.3130932, 5.3189240, -2.9941700, 1.8520718, 4.6950512
7.6205721, 5.6331515, -1.9874210, 1.7628775, 4.6952701
6.6259804, 5.7000256, -0.92595577, 1.9321860, 4.6959238
6.1873274, 4.7772012, -1.4101257, 2.0940781, 4.6964355
5.8917141, 3.9936349, -1.8980792, 1.9942400, 4.6967220
6.0627241, 3.4748886, -2.5878356, 1.9542063, 4.6967521
7.1673613, 4.1623492, -3.0050130, 1.9090432, 4.6963658
7.5078759, 5.7359834, -1.7718929, 1.7385080, 4.6965451
8.0379105, 5.3578181, -2.6800928, 1.9056834, 4.6967092
8.5215874, 5.0599298, -3.4616573, 1.5477254, 4.6968951
8.5396280, 5.1271658, -3.4124620, 1.9724022, 4.6971135
7.6214619, 5.4480572, -2.1734049, 1.7509893, 4.6975346
7.1867528, 6.1493278, -1.0374252, 2.2251189, 4.6987629
6.9352074, 5.1112781, -1.8239279, 2.0322299, 4.7000446
6.2825031, 4.5704336, -1.7120699, 2.0441060, 4.7008486
7.9118071, 4.7485943, -3.1632123, 1.9006654, 4.7013507
7.7889805, 5.5500660, -2.2389147, 1.8184146, 4.7018924
7.1233058, 5.8859959, -1.2373093, 2.0677519, 4.7030659
7.7941918, 5.1531768, -2.6410153, 1.9690472, 4.7042518
7.7298856, 4.9545770, -2.7753093, 2.0609279, 4.7049708
7.9153013, 5.6069126, -2.3083892, 1.9534656, 4.7059846
6.8313246, 5.8863192, -0.94500643, 2.2186961, 4.7072587
6.2825494, 5.1266637, -1.1558868, 2.2557259, 4.7089338
6.6971641, 4.1511216, -2.5460415, 2.2391787, 4.7102361
7.0225925, 4.8497591, -2.1728327, 2.0644066, 4.7108722
7.8237810, 5.4874411, -2.3363395, 1.8217086, 4.7118173
7.9770193, 5.4234991, -2.5535202, 1.9326794, 4.7128010
6.6395798, 6.1903758, -0.44920540, 2.2969348, 4.7142434
6.6924300, 5.1956835, -1.4967470, 2.1741006, 4.7160554
6.2488899, 4.4911990, -1.7576905, 2.2535067, 4.7174363
5.9620447, 3.8235102, -2.1385348, 2.2256427, 4.7183142
5.3378649, 3.4725044, -1.8653594, 2.1854508, 4.7190127
5.0598664, 3.2253942, -1.8344722, 2.1692882, 4.7191596
4.6942835, 3.1323104, -1.5619735, 1.9703569, 4.7179775
4.4731274, 2.8965418, -1.5765859, 1.7189894, 4.7135653
4.3682747, 2.7803693, -1.5879056, 1.5245609, 4.7054620
4.0107760, 2.8688266, -1.1419495, 1.3287984, 4.6943555
3.6727502, 2.8341942, -0.83855581, 1.1055636, 4.6797800
5.7248750, 3.5254765, -2.1993985, 2.5902600, 4.6702533
6.8164864, 4.0588779, -2.7576079, 2.2031555, 4.6715693
7.0962849, 5.2422128, -1.8540719, 1.8617134, 4.6730900
7.3065219, 6.1411333, -1.1653881, 2.2658782, 4.6753020
6.9594560, 6.3246102, -0.63484621, 2.4765177, 4.6780763
6.7518907, 5.5202565, -1.2316346, 2.5635288, 4.6811080
6.3750429, 4.3077774, -2.0672655, 2.3370223, 4.6834455
6.1641264, 3.7298319, -2.4342937, 2.3861694, 4.6847825
5.3533964, 3.4953783, -1.8580189, 2.2561162, 4.6858201
5.0447445, 3.3131363, -1.7316087, 2.2532248, 4.6863537
4.5314188, 3.0822680, -1.4491514, 1.9844106, 4.6852860
4.1003714, 2.8286450, -1.2717265, 1.6924615, 4.6805849
3.8113708, 2.9680002, -0.84337103, 1.5179770, 4.6726370
4.0517311, 2.7852366, -1.2664946, 1.3518583, 4.6620269
6.9231482, 4.8346658, -2.0884821, 2.7427866, 4.6566701
7.3453593, 6.2400503, -1.1053094, 2.3112085, 4.6600547
7.0687590, 5.9862013, -1.0825578, 2.4861782, 4.6631083
6.5937185, 5.3273859, -1.2663335, 2.4950252, 4.6661043
5.9774265, 4.5756345, -1.4017909, 2.5957177, 4.6687865
5.7301025, 3.7380278, -1.9920745, 2.4029698, 4.6709113
5.3996558, 3.3756831, -2.0239730, 2.3625441, 4.6722894
5.1073847, 3.2602789, -1.8471062, 2.3177860, 4.6729846
5.1655412, 2.9865150, -2.1790261, 2.1789768, 4.6726260
5.0850539, 2.5365784, -2.5484755, 2.0937226, 4.6705899
4.3616962, 2.6835730, -1.6781232, 1.8392193, 4.6658535
4.5909328, 2.3790979, -2.2118351, 1.7292832, 4.6580076
4.4387412, 2.4554195, -1.9833219, 1.7080206, 4.6490998
4.5251336, 2.6874413, -1.8376918, 2.0792744, 4.6398635
6.3049860, 3.0969977, -3.2079885, 2.3334854, 4.6372313
5.3732409, 2.9430466, -2.4301944, 2.4457064, 4.6368690
6.6549001, 3.1378145, -3.5170856, 2.3930523, 4.6356416
4.9356523, 3.1051908, -1.8304620, 2.3131776, 4.6360593
5.4706011, 2.6825299, -2.7880704, 2.2458448, 4.6348505
5.3854785, 2.6991065, -2.6863723, 2.3357537, 4.6322827
4.5094543, 2.6854892, -1.8239650, 1.9593730, 4.6279292
5.1877456, 2.9050863, -2.2826593, 1.9871621, 4.6191964
5.6555099, 3.2914150, -2.3640947, 2.2620361, 4.6187286
5.3237071, 3.2192581, -2.1044490, 2.4586220, 4.6192260
4.0809245, 3.1640716, -0.91685331, 2.1318045, 4.6175127
6.7921243, 3.7356405, -3.0564842, 2.1616366, 4.6167150
7.2871647, 4.0696893, -3.2174754, 2.1363869, 4.6176276
6.6162782, 4.9361572, -1.6801215, 2.2655468, 4.6192179
6.3444595, 4.7243252, -1.6201344, 2.4222453, 4.6211276
6.1524305, 4.2553978, -1.8970330, 2.4198151, 4.6231031
7.3179541, 5.5125499, -1.8054047, 2.1942244, 4.6253333
7.4242349, 5.2426715, -2.1815634, 2.0595062, 4.6274323
6.9049244, 4.9750719, -1.9298531, 2.3444579, 4.6294732
6.8224883, 4.0714235, -2.7510653, 2.1168108, 4.6313348
7.4470906, 4.3073516, -3.1397398, 1.9945502, 4.6326318
7.1535144, 5.1560121, -1.9975029, 2.3275430, 4.6347260
6.2749605, 5.9315643, -0.34339619, 2.6622293, 4.6380353
6.1758924, 5.3217278, -0.85416448, 2.6219120, 4.6419168
6.2534809, 4.6713691, -1.5821123, 2.6490524, 4.6455336
7.7044997, 4.5098133, -3.1946871, 2.4944263, 4.6483765
5.4466271, 4.4939075, -0.95271933, 1.9542627, 4.6503878
7.8106518, 4.6261482, -3.1845028, 2.1191752, 4.6524081
6.7184606, 4.6808405, -2.0376198, 2.2783077, 4.6548905
7.3833494, 4.8642044, -2.5191453, 2.4743803, 4.6578393
7.1963406, 5.0340533, -2.1622875, 2.5945563, 4.6612468
7.2357097, 5.0180306, -2.2176783, 2.4551015, 4.6649814
6.4868860, 5.0016832, -1.4852028, 2.4517546, 4.6687412
6.1731358, 4.7505112, -1.4226240, 2.4448171, 4.6720824
7.3794336, 5.0091233, -2.3703110, 2.7476413, 4.6758456
6.9893899, 5.1402988, -1.8490906, 2.6364834, 4.6800404
7.0245700, 5.3965254, -1.6280437, 2.7035532, 4.6845522
6.3443513, 5.1809568, -1.1633942, 2.9705377, 4.6892381
5.8993812, 4.4999566, -1.3994246, 2.9864881, 4.6937757
5.5360889, 3.8682539, -1.6678349, 2.8287554, 4.6978221
5.1001544, 3.7353635, -1.3647904, 2.7237246, 4.7010036
5.6156383, 4.5602274, -1.0554106, 2.5670738, 4.7041001
5.3209577, 4.0260339, -1.2949239, 2.7689080, 4.7072492
4.9621439, 3.7160661, -1.2460780, 2.7467337, 4.7103333
5.0307302, 3.2991531, -1.7315772, 2.5958629, 4.7130141
4.6839709, 3.0012372, -1.6827338, 2.4703987, 4.7149596
4.9074516, 2.7109511, -2.1965013, 2.3474288, 4.7159991
4.4315186, 2.6607599, -1.7707587, 2.2773647, 4.7164946
4.2378507, 2.5273938, -1.7104572, 2.0362306, 4.7155204
4.0340114, 2.3516998, -1.6823115, 1.7310711, 4.7117953
4.0495672, 2.2079835, -1.8415846, 1.5766196, 4.7050643
3.8037531, 2.2233648, -1.5803889, 1.5476425, 4.6966467
3.5291700, 2.2479851, -1.2811849, 1.5081234, 4.6870427
3.6753268, 2.2537313, -1.4215957, 1.5454671, 4.6771626
3.6177995, 2.0968447, -1.5209547, 1.3278106, 4.6652966
4.2821059, 1.9450332, -2.3370726, 1.3864312, 4.6517525
4.3961029, 1.8809428, -2.5151598, 1.4133226, 4.6397104
6.2580180, 2.3918111, -3.8662069, 2.5359046, 4.6303635
6.8174911, 2.6262145, -4.1912761, 2.7269862, 4.6319842
6.5127258, 2.7288220, -3.7839036, 3.0817983, 4.6346078
5.3276625, 2.6121016, -2.7155619, 3.0445418, 4.6374230
4.5869770, 2.2589126, -2.3280647, 2.3006494, 4.6378040
3.9724207, 1.9694589, -2.0029626, 1.4547467, 4.6294065
3.8121769, 1.8793687, -1.9328088, 1.2142568, 4.6156311
3.6604435, 1.8670729, -1.7933707, 1.1136338, 4.5999141
3.5496039, 1.8326055, -1.7169981, 1.0201402, 4.5826540
4.0843592, 2.1626124, -1.9217469, 1.8044821, 4.5664620
6.0850229, 3.1581089, -2.9269142, 2.9694543, 4.5667362
5.5915804, 3.8409410, -1.7506394, 3.0566096, 4.5707850
6.0235062, 3.3396769, -2.6838293, 2.2151644, 4.5729203
6.9362178, 3.6016402, -3.3345778, 2.6789408, 4.5736670
6.8800778, 3.8654063, -3.0146718, 2.9840801, 4.5768952
6.1562462, 4.0191073, -2.1371388, 3.3558259, 4.5824394
5.7777314, 3.6359227, -2.1418085, 3.3286364, 4.5885415
5.6084151, 3.2963638, -2.3120513, 3.2238755, 4.5939894
5.8612022, 2.9929731, -2.8682296, 3.0992897, 4.5986619
5.3446336, 2.6921930, -2.6524410, 2.9619379, 4.6026864
5.5608420, 2.6938531, -2.8669894, 2.8142855, 4.6064382
6.4012914, 2.7683947, -3.6328962, 2.8886809, 4.6094375
5.8424954, 2.5973582, -3.2451372, 2.8064973, 4.6120009
5.4501801, 2.4266577, -3.0235224, 2.7545619, 4.6143594
5.4137826, 2.3038404, -3.1099422, 2.7260714, 4.6163678
5.2116799, 2.2295904, -2.9820895, 2.6544445, 4.6177750
4.8008962, 2.2473240, -2.5535724, 2.5721178, 4.6186509
4.7254448, 2.1805179, -2.5449271, 2.3213785, 4.6179223
4.5170264, 2.0713625, -2.4456642, 2.1000092, 4.6149564
4.0736036, 1.9145427, -2.1590607, 1.8629657, 4.6095586
4.1401386, 1.9253908, -2.2147484, 1.8517839, 4.6026063
3.9832175, 2.0523102, -1.9309075, 1.9124616, 4.5955672
3.8520372, 2.3240480, -1.5279893, 2.3035145, 4.5886931
5.5086594, 2.8229911, -2.6856687, 3.0355198, 4.5898318
6.3012075, 2.6659114, -3.6352956, 2.9792533, 4.5933938
6.0457516, 2.2136660, -3.8320863, 2.6106837, 4.5944247
5.9278398, 2.0572853, -3.8705544, 2.6018126, 4.5926938
5.4743104, 2.0660722, -3.4082382, 2.7506893, 4.5910225
5.4670310, 1.8636364, -3.6033943, 2.4740436, 4.5890708
4.5663314, 1.6156778, -2.9506545, 1.8060834, 4.5815144
4.0752840, 1.5786055, -2.4966786, 1.5590750, 4.5692701
3.9407752, 1.6469413, -2.2938337, 1.5236851, 4.5560298
3.7919652, 1.6526338, -2.1393313, 1.4155159, 4.5408597
3.7485445, 1.6951147, -2.0534296, 1.4150918, 4.5251222
3.7212811, 1.7563014, -1.9649800, 1.4345341, 4.5098138
3.5318835, 1.7909611, -1.7409225, 1.3823893, 4.4944654
3.3818526, 1.8044662, -1.5773866, 1.3261632, 4.4787388
3.4848599, 1.7691045, -1.7157555, 1.2019536, 4.4617853
3.4882474, 1.7664367, -1.7218109, 1.1293628, 4.4435272
3.3220863, 1.7862602, -1.5358258, 1.0783917, 4.4246783
3.2478745, 1.7697048, -1.4781699, 1.0284532, 4.4052901
3.2717054, 1.7377300, -1.5339754, 0.99570525, 4.3854461
3.3146877, 1.8801669, -1.4345207, 1.0444957, 4.3659453
3.4112363, 1.7442076, -1.6670287, 0.91668361, 4.3452744
3.4705057, 1.7224518, -1.7480541, 0.88074809, 4.3224130
3.3976021, 1.8188193, -1.5787823, 0.96470106, 4.3003917
3.1933529, 1.8528353, -1.3405176, 0.96396220, 4.2792711
3.2929335, 1.9164367, -1.3764969, 0.95811045, 4.2578783
5.0542822, 2.2733471, -2.7809350, 2.2801344, 4.2424741
4.5117683, 2.2764387, -2.2353296, 2.7745488, 4.2385836
3.7549455, 1.9709440, -1.7840015, 1.7474898, 4.2291546
2.9329667, 1.8919108, -1.0410559, 1.2511023, 4.2129474
2.9634027, 1.9979280, -0.96547455, 1.0076358, 4.1951404
2.8482127, 1.9584283, -0.88978451, 0.88393199, 4.1756058
3.1778491, 1.9505037, -1.2273453, 0.84171492, 4.1555762
3.1814566, 1.8386974, -1.3427589, 0.78415877, 4.1345181
3.4434478, 1.9384793, -1.5049688, 0.90225911, 4.1137676
3.1286533, 2.1289935, -0.99965984, 0.87705070, 4.0939136
3.4582157, 1.7995782, -1.6586375, 0.58027250, 4.0700030
3.2211339, 1.5999510, -1.6211832, 0.27535915, 4.0378914
3.1576343, 1.6527466, -1.5048878, 0.38891023, 4.0035830
3.4917591, 1.7056448, -1.7861139, 0.40662417, 3.9708786
3.5957527, 1.7845627, -1.8111905, 0.37771311, 3.9378579
3.3004251, 1.6900609, -1.6103638, 0.22944653, 3.9028673
3.2109203, 1.7425386, -1.4683819, 0.22831780, 3.8662167
3.4295619, 1.8561220, -1.5734398, 0.34280124, 3.8318179
3.4451189, 1.8927037, -1.5524153, 0.35909653, 3.7990773
3.4355476, 1.9615710, -1.4739766, 0.43409139, 3.7682598
3.2772768, 2.0013702, -1.2759062, 0.42181677, 3.7390435
3.1892967, 2.0946102, -1.0946864, 0.48515901, 3.7115364
3.1909945, 2.2509062, -0.94008911, 0.55421031, 3.6871722
3.0529547, 2.2450063, -0.80794847, 0.54351515, 3.6639678
3.2123227, 2.3307607, -0.88156205, 0.55238229, 3.6414263
3.0504813, 2.4152288, -0.63525188, 0.66555738, 3.6196177
3.1060030, 2.3686771, -0.73732632, 0.61744756, 3.5988142
3.1666913, 2.0927658, -1.0739255, 0.41791394, 3.5770283
3.3183594, 1.9306678, -1.3876919, 0.32747757, 3.5536726
3.2909157, 1.7025663, -1.5883495, 0.23422110, 3.5273111
3.2302976, 1.7166461, -1.5136514, 0.24346919, 3.5013714
3.1992774, 1.6703619, -1.5289156, 0.23186746, 3.4770868
3.1680474, 1.6145520, -1.5534950, 0.21548069, 3.4540937
3.1329937, 1.4902209, -1.6427728, 0.18529034, 3.4308326
3.0711870, 1.8469614, -1.2242256, 1.1622044, 3.4099398
5.3617854, 2.1773438, -3.1844418, 2.2142584, 3.4061661
4.4835129, 1.8580112, -2.6255016, 1.7939470, 3.4028289
3.5977190, 1.5566790, -2.0410402, 0.62441576, 3.3887053
3.1826591, 1.5688784, -1.6137803, 0.22490798, 3.3671513
3.0969157, 1.6122738, -1.4846414, 0.15735790, 3.3437376
3.0606375, 1.6850096, -1.3756275, 0.15542951, 3.3205636
3.1768670, 1.7103301, -1.4665369, 0.14723599, 3.2974949
3.1537220, 1.7538507, -1.3998713, 0.14203808, 3.2742891
3.8918762, 2.2563961, -1.6354796, 1.7268440, 3.2586565
3.9621866, 2.3070271, -1.6551594, 1.7423141, 3.2506406
3.4816816, 1.8935126, -1.5881692, 0.49284834, 3.2356577
3.2516787, 1.7996541, -1.4520243, 0.10371356, 3.2114563
2.7081971, 1.6564736, -1.0517235, 0.70710577E-1, 3.1842871
3.0965271, 1.8696383, -1.2268888, 0.46148348, 3.1586325
3.4280012, 1.9557067, -1.4722946, 0.58832651, 3.1399057
3.9328756, 2.0698607, -1.8630154, 1.1028028, 3.1222839
3.6800463, 2.0167177, -1.6633289, 1.1390629, 3.1045399
3.3236287, 1.9697548, -1.3538738, 0.89334977, 3.0835619
4.0614696, 2.2857561, -1.7757137, 1.7442604, 3.0684595
4.7137942, 2.3365033, -2.3772910, 1.8154238, 3.0602064
5.3018904, 2.2903585, -3.0115318, 1.7480032, 3.0556688
4.9187670, 2.3789325, -2.5398340, 2.0819311, 3.0535553
4.2086153, 2.4183915, -1.7902236, 2.3812571, 3.0520971
3.6098716, 2.2964542, -1.3134178, 1.7626691, 3.0474322
3.6770902, 2.0521438, -1.6249466, 0.96103168, 3.0364249
3.5399251, 1.9635391, -1.5763860, 0.65635341, 3.0212796
3.7593403, 1.8264171, -1.9329236, 0.55435795, 3.0034058
3.6380904, 1.8370336, -1.8010565, 0.35436207, 2.9825068
3.6775594, 1.9086574, -1.7689019, 0.87620878, 2.9610322
3.7940645, 2.2003205, -1.5937439, 1.6693654, 2.9467041
3.9092438, 2.1801169, -1.7291265, 1.7523052, 2.9370625
5.1626468, 2.2522953, -2.9103518, 1.8711767, 2.9299774
4.2616415, 2.1604056, -2.1012359, 1.7589622, 2.9221344
3.6697464, 1.9471266, -1.7226200, 0.68341243, 2.9076827
3.4357901, 1.9956578, -1.4401324, 0.35725525, 2.8890915
3.2333515, 2.0745909, -1.1587607, 0.21992125, 2.8696797
3.4073691, 2.1349761, -1.2723930, 0.17040400, 2.8504076
3.4428484, 2.1940582, -1.2487900, 0.10673767, 2.8310461
3.2685299, 2.1152649, -1.1532650, 0.78113064E-1, 2.8116219
3.2511616, 2.3265224, -0.92463881, 1.4185725, 2.8084202
3.1018882, 2.3152401, -0.78664780, 1.4128819, 2.8200805
3.1195629, 2.5268064, -0.59275657, 1.4075508, 2.8318160
3.1058526, 2.6460323, -0.45982060, 1.3968618, 2.8435974
3.3064313, 2.5226724, -0.78375882, 1.3826134, 2.8550158
3.4319832, 2.2456820, -1.1863012, 1.3636241, 2.8627861
3.4322338, 2.2489719, -1.1832615, 1.3580319, 2.8671811
3.3527918, 2.2376359, -1.1151555, 1.3928537, 2.8695676
3.6228428, 2.3143461, -1.3084968, 1.5588126, 2.8739660
3.3901443, 2.2959352, -1.0942096, 1.3532138, 2.8773365
3.3611627, 2.3310380, -1.0301242, 1.4290057, 2.8804777
3.3493528, 2.3970904, -0.95226258, 1.6915224, 2.8865654
3.4293556, 2.3332019, -1.0961535, 1.4546555, 2.8922186
3.6577618, 2.3697622, -1.2879994, 1.5490972, 2.8957942
3.4603295, 2.4032373, -1.0570925, 1.5194411, 2.9027975
4.7495914, 2.5833149, -2.1662765, 1.6020043, 2.9144552
5.1873131, 3.0148649, -2.1724484, 1.9981424, 2.9385555
5.2081213, 2.3628683, -2.8452532, 1.6556110, 2.9629714
4.2187119, 1.9749099, -2.2438016, 1.4950484, 2.9809999
3.9927740, 2.1129491, -1.8798245, 1.5088878, 2.9937141
3.7152209, 2.0923586, -1.6228617, 1.4736807, 3.0088274
3.4499702, 1.9586172, -1.4913528, 1.3859584, 3.0293152
5.4953570, 1.9639848, -3.5313718, 1.3787745, 3.0500481
5.7955089, 1.9636618, -3.8318465, 1.3740336, 3.0716116
4.8333693, 1.6082680, -3.2251015, 1.3600001, 3.0912855
4.5944757, 1.7020024, -2.8924742, 1.5125687, 3.1081219
4.8242197, 1.7524450, -3.0717754, 1.5356202, 3.1265495
5.1870852, 1.8633125, -3.3237724, 1.6430464, 3.1447275
3.9307246, 2.0008152, -1.9299090, 1.9094511, 3.1624813
3.7624648, 2.0486867, -1.7137781, 1.9279152, 3.1784766
5.3775387, 2.2979190, -3.0796194, 1.6830271, 3.1806896
3.8492336, 2.0646245, -1.7846092, 0.64878917, 3.1674421
3.6790013, 2.2117879, -1.4672134, 0.50523829, 3.1491725
3.5996251, 2.0766361, -1.5229888, 0.50056958, 3.1311052
3.4139805, 2.2141144, -1.1998659, 0.50898278, 3.1134205
3.2717922, 2.5642123, -0.70758015, 0.49764726, 3.0960886
3.4316595, 2.4420314, -0.98962784, 0.45345160, 3.0786610
3.4337828, 2.5644703, -0.86931276, 0.42629439, 3.0610740
3.5746007, 2.4081028, -1.1664977, 0.40832728, 3.0434377
3.4310598, 2.5409119, -0.89014703, 0.40367633, 3.0256989
3.2749286, 2.8235235, -0.45140526, 0.95810795, 3.0087802
4.1145959, 3.0532513, -1.0613444, 2.2824256, 3.0015905
4.5379777, 3.4789598, -1.0590180, 2.5386918, 3.0018625
5.2515550, 2.9293137, -2.3222408, 2.2679839, 3.0057962
4.2637863, 2.6031253, -1.6606611, 1.8418300, 3.0067377
3.4682739, 2.2385423, -1.2297317, 1.1668327, 2.9991653
3.4248731, 2.2805655, -1.1443077, 0.78373027, 2.9866819
2.3376784, 2.4860275, 0.14834942, 1.6983503, 2.9748342
3.9128318, 2.6159339, -1.2968979, 1.8833116, 2.9757583
4.5718765, 2.4709513, -2.1009250, 1.9344286, 2.9779644
6.1355395, 2.4684899, -3.6670494, 1.8655783, 2.9799805
6.6360235, 2.4491649, -4.1868596, 2.0323780, 2.9814737
6.0448093, 2.4677873, -3.5770226, 2.1709616, 2.9837210
5.1072011, 2.4838345, -2.6233664, 2.1122913, 2.9861984
4.4553752, 2.3037891, -2.1515858, 1.9410592, 2.9858139
3.9302542, 2.4012876, -1.5289665, 1.8042982, 2.9836636
3.8564360, 2.4555047, -1.4009315, 1.6696062, 2.9801977
3.6828802, 2.4501171, -1.2327635, 1.5142087, 2.9753828
3.4807849, 2.6107588, -0.87002623, 1.2885536, 2.9687927
3.3349695, 2.4319561, -0.90301383, 1.0880675, 2.9600868
5.3104849, 2.7374957, -2.5729883, 2.1064858, 2.9531574
4.8966055, 2.8566773, -2.0399292, 2.3261199, 2.9569304
4.7077246, 3.3865995, -1.3211251, 2.8818009, 2.9619474
4.7397270, 4.0277181, -0.71200907, 1.8563358, 2.9672880
6.9189782, 4.3479896, -2.5709891, 2.2907598, 2.9721348
5.2927365, 4.7058887, -0.58684731, 2.4177859, 2.9782445
6.3301697, 5.0016975, -1.3284726, 2.8652565, 2.9857762
7.0805621, 4.8792391, -2.2013230, 2.7081499, 2.9934378
6.2624044, 4.6969137, -1.5654900, 2.8458266, 3.0008078
5.7950454, 5.2665825, -0.52846241, 3.0671406, 3.0088511
6.6076374, 5.7118030, -0.89583468, 2.9122746, 3.0178766
6.3117366, 5.9247627, -0.38697317, 3.0796857, 3.0268581
6.6485443, 5.2684522, -1.3800914, 2.7607570, 3.0357358
5.8803024, 4.1789508, -1.7013516, 2.3270223, 3.0420034
6.9050641, 3.7853110, -3.1197534, 2.0578446, 3.0462542
6.3972702, 3.9560513, -2.4412191, 2.0787685, 3.0503466
5.1746745, 4.1985431, -0.97613150, 2.2294753, 3.0553162
7.6205935, 4.7864623, -2.8341308, 2.6681433, 3.0611861
6.3145127, 5.3734560, -0.94105542, 2.8665524, 3.0687325
6.9850349, 5.8674402, -1.1175956, 3.1104772, 3.0773184
7.2754068, 5.4211001, -1.8543060, 2.6742280, 3.0855954
7.3992057, 5.2124963, -2.1867080, 2.8548892, 3.0931902
7.3406601, 4.6099944, -2.7306664, 2.4965401, 3.1002817
7.1292953, 4.7001233, -2.4291728, 2.9558570, 3.1073465
7.1830001, 3.9460003, -3.2369998, 2.6276252, 3.1141579
7.1724958, 3.7407858, -3.4317107, 2.7121222, 3.1201124
6.2996426, 3.5292804, -2.7703619, 2.8351958, 3.1260736
5.8067055, 3.1314337, -2.6752717, 2.7246513, 3.1314526
4.8904905, 2.9000719, -1.9904187, 2.4726403, 3.1361704
5.5989428, 2.3494067, -3.2495360, 2.1643260, 3.1388791
5.2512512, 2.2635138, -2.9877372, 2.0800068, 3.1397841
4.7842102, 2.3804622, -2.4037490, 2.2489884, 3.1401641
6.4590454, 2.7574329, -3.7016110, 2.0352864, 3.1426203
7.2389016, 3.1147447, -4.1241565, 2.2185731, 3.1458747
6.8663392, 3.7420688, -3.1242704, 2.6783583, 3.1505203
5.9864440, 4.0437503, -1.9426936, 2.6400783, 3.1563301
6.0612121, 4.7116323, -1.3495795, 2.2459066, 3.1622021
6.5684671, 5.4610968, -1.1073704, 2.7305272, 3.1687167
7.2849536, 5.5573382, -1.7276160, 2.7962637, 3.1762474
6.7245102, 5.9320669, -0.79244345, 2.9549615, 3.1844349
6.3934536, 5.9874249, -0.40602857, 2.9851179, 3.1928999
7.6561213, 5.3854518, -2.2706680, 2.7811971, 3.2007761
7.0240026, 4.9461870, -2.0778155, 2.5002980, 3.2077885
7.2144165, 5.5651937, -1.6492232, 2.8781157, 3.2147458
7.5836096, 5.0393486, -2.5442605, 2.3506737, 3.2217014
6.2695112, 6.5233946, 0.25388309, 3.2847586, 3.2292616
6.7852597, 5.4039979, -1.3812619, 2.6118302, 3.2373879
6.4387670, 4.7791176, -1.6596491, 2.4527490, 3.2438574
7.7452054, 4.5741763, -3.1710296, 2.2105978, 3.2494717
7.8575258, 4.7781496, -3.0793762, 2.4596374, 3.2551405
7.0725989, 4.6993394, -2.3732598, 2.4887552, 3.2609942
6.3238368, 5.1115618, -1.2122746, 2.6101584, 3.2672994
6.4698143, 5.3016171, -1.1681976, 2.8157158, 3.2746258
6.8988447, 6.4916358, -0.40720791, 3.2058434, 3.2833784
6.8754010, 6.6241374, -0.25126520, 3.3416667, 3.2932920
6.7692537, 6.4694643, -0.29978868, 3.2424734, 3.3029239
6.2217731, 6.0271506, -0.19462225, 3.2872846, 3.3119528
7.0459099, 5.1286225, -1.9172881, 2.8181038, 3.3200743
5.2292700, 5.1736803, -0.55589437E-1, 2.5123870, 3.3266175
5.0351257, 5.4387536, 0.40362877, 2.6316838, 3.3331099
6.6999569, 6.9295774, 0.22961980, 3.3031940, 3.3409417
6.7017159, 6.4892268, -0.21248920, 3.0785797, 3.3500488
6.6083121, 6.2154508, -0.39286062, 3.0405183, 3.3584678
6.2200217, 5.7062988, -0.51372290, 3.0827177, 3.3662369
5.6029816, 5.1806946, -0.42228720, 2.9074516, 3.3729274
5.7082767, 3.9343917, -1.7738855, 2.7205544, 3.3783979
6.2008066, 4.2956605, -1.9051456, 2.9370902, 3.3841352
6.2817721, 4.2536883, -2.0280836, 2.7539356, 3.3899615
7.2016530, 4.3581352, -2.8435171, 2.6038971, 3.3950865
7.0898576, 4.4349446, -2.6549129, 2.3965964, 3.3998444
5.8150740, 4.6415167, -1.1735563, 2.9274776, 3.4051464
5.3746138, 4.0137510, -1.3608630, 2.6722395, 3.4104931
5.4486370, 3.3249462, -2.1236906, 2.5662184, 3.4150124
6.0764771, 3.7425785, -2.3338990, 2.7148066, 3.4196503
5.1181788, 3.5898073, -1.5283717, 2.6429694, 3.4242032
4.8554645, 3.0966351, -1.7588301, 2.4811215, 3.4282310
4.7196622, 2.9110382, -1.8086238, 2.1632428, 3.4303119
6.4036427, 3.5722847, -2.8313584, 2.5080357, 3.4323075
5.5239878, 4.1028748, -1.4211123, 2.9863236, 3.4373388
4.6932030, 3.4237175, -1.2694858, 2.6014664, 3.4423494
4.3117442, 3.3464255, -0.96531862, 2.1555958, 3.4453223
4.0878358, 2.8800032, -1.2078326, 1.7265630, 3.4446554
3.9336023, 2.8771830, -1.0564198, 1.5219569, 3.4411418
3.6090159, 3.0155210, -0.59349489, 1.3535928, 3.4358394
4.6237626, 2.9388099, -1.6849527, 2.1535251, 3.4306545
5.8114581, 3.7230847, -2.0883744, 3.5084112, 3.4338551
5.1435728, 4.0294881, -1.1140846, 3.4850016, 3.4414790
4.2192574, 3.1473465, -1.0719103, 2.3268902, 3.4468029
3.9661391, 2.7605622, -1.2055764, 1.6774583, 3.4437466
3.6318181, 2.9287033, -0.70311487, 2.0792863, 3.4408252
4.4425235, 3.0378506, -1.4046733, 2.1683292, 3.4410126
5.6909814, 2.8987012, -2.7922807, 2.6880984, 3.4381697
4.8432865, 3.1692970, -1.6739900, 2.5802705, 3.4425786
3.8211524, 2.5166731, -1.3044795, 1.3047378, 3.4395721
5.6854477, 5.4500670, -0.23538023, 3.2495258, 3.4349470
6.9471540, 5.7843938, -1.1627603, 2.9586689, 3.4437330
6.3580384, 6.9910097, 0.63297164, 3.8355656, 3.4537697
5.9635162, 5.5939846, -0.36953145, 3.5494289, 3.4642935
4.8115387, 5.4341941, 0.62265491, 3.0627766, 3.4725368
4.4636083, 4.2817664, -0.18184140, 2.4791458, 3.4778564
4.8726110, 3.4689960, -1.4036149, 2.5567918, 3.4818783
6.6681004, 5.5071392, -1.1609615, 2.9242871, 3.4887457
7.5726280, 5.4465976, -2.1260309, 3.0231061, 3.4965737
6.5031228, 5.9534807, -0.54964173, 3.2044978, 3.5051763
7.4632401, 5.8814297, -1.5818104, 3.2445953, 3.5141859
6.7195415, 6.3402338, -0.37930697, 3.3533864, 3.5233891
5.9553175, 6.3936577, 0.43833956, 3.4536171, 3.5331295
5.5288124, 6.0639706, 0.53515768, 3.3485074, 3.5419962
5.2513680, 4.8789349, -0.37243325, 2.8783295, 3.5490415
4.2689385, 4.2433696, -0.25569007E-1, 2.3894720, 3.5536802
4.3883309, 3.5944676, -0.79386234, 2.1210849, 3.5563662
5.9756522, 4.5009770, -1.4746753, 2.6729593, 3.5596209
5.5050344, 7.0817719, 1.5767386, 3.8844810, 3.5689862
5.5738173, 6.0502524, 0.47643507, 3.4379478, 3.5789378
6.0620432, 4.6513529, -1.4106897, 3.0691781, 3.5865276
4.2372618, 4.0145030, -0.22275844, 3.1247985, 3.5933475
6.5585394, 3.8421278, -2.7164111, 2.9086959, 3.5994837
6.4779205, 4.4390121, -2.0389080, 3.1669357, 3.6059391
6.6374879, 5.0896993, -1.5477892, 3.0613275, 3.6134396
6.9603562, 4.9602022, -2.0001540, 2.9019198, 3.6206357
7.1906972, 5.5139894, -1.6767083, 3.1336610, 3.6282120
5.8816071, 5.3692622, -0.51234418, 3.0302668, 3.6364632
5.7952785, 5.6767578, -0.11851987, 3.2115843, 3.6450987
6.7689457, 5.5744133, -1.1945320, 3.2101285, 3.6538985
6.2391529, 5.5902791, -0.64887357, 3.2235961, 3.6626627
7.3105240, 4.9900303, -2.3204932, 2.9835925, 3.6709692
5.7552538, 5.7750263, 0.19772291E-1, 3.4369829, 3.6796520
6.1518106, 5.7852936, -0.36651751, 3.5354073, 3.6891708
5.7381039, 5.6595607, -0.78542069E-1, 3.4901016, 3.6982632
5.3204641, 4.5054331, -0.81503087, 3.1500273, 3.7058220
6.5463161, 4.0986681, -2.4476480, 3.2827950, 3.7127914
5.3212428, 4.1865234, -1.1347196, 3.3037403, 3.7199595
4.2217813, 3.8249564, -0.39682510, 2.6113741, 3.7255516
3.6945481, 4.0506015, 0.35605344, 2.6947072, 3.7290318
5.2188520, 6.6001792, 1.3813268, 3.7046185, 3.7375069
5.2714062, 5.1568966, -0.11450998, 3.0821476, 3.7471430
6.1284480, 6.2798662, 0.15141806, 3.5820835, 3.7560833
5.7178140, 6.6387691, 0.92095447, 3.6059837, 3.7659419
5.9541211, 6.6924758, 0.73835438, 3.7200725, 3.7761965
6.0653901, 5.8776288, -0.18776047, 3.5494549, 3.7862399
5.7136121, 4.5202622, -1.1933500, 3.3615770, 3.7946603
7.0959520, 4.6920934, -2.4038587, 3.0087721, 3.8023548
7.0124135, 5.7285919, -1.2838218, 3.4789205, 3.8106697
7.0194612, 5.5465560, -1.4729059, 3.3360169, 3.8202074
7.2971745, 5.1887560, -2.1084185, 3.1880448, 3.8290756
6.4442191, 5.9702582, -0.47396058, 3.8328090, 3.8386934
6.0800400, 5.5492492, -0.53079140, 3.6161056, 3.8487663
5.8579803, 4.8346801, -1.0233003, 3.4246948, 3.8573370
6.4185247, 4.7627740, -1.6557506, 3.7106464, 3.8659220
6.7129908, 3.9640870, -2.7489047, 3.3280151, 3.8741856
5.9548960, 4.1204023, -1.8344949, 3.4698813, 3.8813813
6.9127946, 3.6147969, -3.2979984, 3.3161130, 3.8884375
6.0099344, 4.1279564, -1.8819783, 3.5708241, 3.8956425
6.4977951, 6.1547327, -0.34306234, 3.6766202, 3.9047186
5.9039311, 6.3713365, 0.46740541, 3.7388628, 3.9150174
6.1185846, 6.1193180, 0.73407590E-3, 3.5947032, 3.9250610
2.3607183, 4.9269161, 2.5661983, 2.6756735, 3.9330924
6.6817994, 4.8860826, -1.7957165, 2.7530179, 3.9381497
7.1542444, 3.9693406, -3.1849039, 2.8567655, 3.9450369
7.9434104, 4.2310109, -3.7123995, 3.1692412, 3.9517021
6.8774505, 5.3062472, -1.5712041, 3.8355889, 3.9609182
6.7087946, 5.6248322, -1.0839628, 4.0593052, 3.9723647
6.3348031, 5.2616386, -1.0731639, 3.8588529, 3.9836209
6.2533412, 4.9337082, -1.3196336, 3.7815573, 3.9934673
6.0597911, 4.2425900, -1.8172008, 3.5670102, 4.0020976
5.1631103, 3.8897598, -1.2733510, 3.1999757, 4.0094256
5.0362587, 3.1620879, -1.8741704, 2.6785116, 4.0142274
5.7306199, 2.5264983, -3.2041216, 2.5390508, 4.0171866
5.3078146, 2.3430743, -2.9647408, 2.4705136, 4.0198932
4.6074433, 2.2591503, -2.3482931, 2.1279125, 4.0210633
4.2931361, 2.2259989, -2.0671368, 1.8414136, 4.0194068
3.7933109, 2.3096054, -1.4837058, 1.6810665, 4.0153909
3.5504808, 2.2815042, -1.2689767, 1.5598850, 4.0096726
3.8439820, 1.9036427, -1.9403397, 1.4250975, 4.0022240
3.7893407, 1.9122274, -1.8771129, 1.3138179, 3.9931152
3.6178753, 1.9246426, -1.6932330, 1.2101892, 3.9824247
3.4850821, 1.9147419, -1.5703402, 1.0858555, 3.9700253
3.4776115, 1.8944246, -1.5831867, 0.99987841, 3.9560759
3.2989101, 1.9691466, -1.3297637, 0.93206728, 3.9410851
3.2227480, 2.0228002, -1.1999482, 0.89229149, 3.9252853
3.1504178, 2.0035703, -1.1468478, 0.84804887, 3.9088604
3.1304657, 2.0109398, -1.1195259, 0.83026481, 3.8920557
3.2197773, 2.0054574, -1.2143203, 0.81280386, 3.8749993
3.1708641, 1.9543205, -1.2165436, 0.80751514, 3.8577745
3.0666673, 2.1113596, -0.95530796, 0.80480361, 3.8404682
3.3448274, 1.9740942, -1.3707335, 0.78284580, 3.8229558
3.1749310, 2.0980365, -1.0768943, 0.76267129, 3.8052881
3.1983774, 2.1072502, -1.0911273, 0.72629207, 3.7872660
3.4961741, 1.9552126, -1.5409613, 0.67342556, 3.7687762
3.5293119, 1.8446234, -1.6846888, 0.61624944, 3.7495918
3.3659265, 1.9005160, -1.4654104, 0.58297217, 3.7300656
3.3713582, 1.9094274, -1.4619309, 0.54925376, 3.7103844
3.2629170, 1.9572334, -1.3056836, 0.51360601, 3.6904039
3.2142513, 1.9680463, -1.2462050, 0.48595041, 3.6701601
3.2578223, 1.9641318, -1.2936904, 0.45264503, 3.6497030
3.2889788, 2.0470865, -1.2418923, 0.42573264, 3.6290171
3.0610983, 2.0443909, -1.0167073, 0.40869066, 3.6082056
3.1629734, 2.0954175, -1.0675565, 0.39120236, 3.5874102
3.2224159, 2.0061307, -1.2162855, 0.36339033, 3.5665038
3.0652199, 2.0432630, -1.0219574, 0.35567385, 3.5455253
3.0928338, 2.0967150, -0.99611866, 0.34767807, 3.5246155
3.0708594, 2.0978336, -0.97302580, 0.33345434, 3.5037813
3.0887637, 2.1341772, -0.95458674, 0.30793965, 3.4827964
3.1051691, 2.1058784, -0.99929076, 0.27758107, 3.4613445
3.1253028, 2.0941961, -1.0311068, 0.24379347, 3.4392414
3.0304956, 2.2375643, -0.79293114, 0.23911631, 3.4175816
2.9246871, 2.1701124, -0.75457454, 0.22478107, 3.3964689
2.8612933, 2.4241970, -0.43709636, 0.20782672, 3.3753662
2.8178678, 2.4726031, -0.34526464, 0.18585491, 3.3541462
2.8225181, 2.3850629, -0.43745509, 0.16707683, 3.3329260
2.6846874, 2.5376692, -0.14701819, 1.2433161, 3.3130372
3.7105463, 2.9999907, -0.71055567, 3.5594115, 3.3094146
3.8448477, 2.8750114, -0.96983647, 2.6460674, 3.3089294
3.0279529, 2.3378382, -0.69011497, 0.75273210, 3.2982407
3.0156362, 2.1865869, -0.82904935, 0.11257542, 3.2779198
2.9993861, 1.9404470, -1.0589392, 0.98560855E-1, 3.2560761
3.1522253, 1.8896619, -1.2625633, 0.88901430E-1, 3.2325642
3.1409698, 2.0561798, -1.0847900, 0.94336204E-1, 3.2089984
3.1545541, 2.0514543, -1.1030999, 0.12117319, 3.1864538
3.0001328, 2.0862327, -0.91390026, 0.87742276E-1, 3.1639168
3.0341196, 2.1446686, -0.88945132, 0.85338347E-1, 3.1417561
2.7743437, 2.0937991, -0.68054467, 0.84005289E-1, 3.1198044
3.0901885, 2.2025964, -0.88759232, 0.78335077E-1, 3.0975821
3.0938907, 2.1541224, -0.93976796, 0.67989141E-1, 3.0749846
2.9529555, 2.1561532, -0.79680210, 0.59178531E-1, 3.0521667
3.0390975, 2.1953039, -0.84379369, 0.48075460E-1, 3.0291653
2.9880464, 2.2361207, -0.75192624, 0.36424294E-1, 3.0056989
2.8829792, 2.2771482, -0.60583127, 0.26386561E-1, 2.9819796
2.8594258, 2.3292329, -0.53019261, 0.17823536E-1, 2.9591105
2.7922449, 2.3845522, -0.40769258, 0.77948445E-2, 2.9371166
2.7743258, 2.4131300, -0.36119616, 0.89231943E-3, 2.9158552
2.8203487, 2.4169469, -0.40340149, 0.0000000, 2.8949625
2.7922704, 2.3844657, -0.40780509, 0.0000000, 2.8739614
2.8884721, 2.4512064, -0.43726546, 0.0000000, 2.8526859
2.9583101, 2.4445632, -0.51374698, 0.0000000, 2.8308413
2.8748057, 2.3810475, -0.49375847, 0.0000000, 2.8089726
2.8202944, 2.5261552, -0.29413947, 0.0000000, 2.7967360
2.7103693, 2.5901446, -0.12022462, 0.0000000, 2.7920964
2.8754611, 2.4849067, -0.39055467, 0.0000000, 2.7874639
2.8746951, 2.5331261, -0.34156889, 0.0000000, 2.7828388
2.8739078, 2.4639187, -0.40998936, 0.0000000, 2.7782221
2.8592095, 2.4565747, -0.40263483, 0.0000000, 2.7736130
2.8623796, 2.5203540, -0.34202558, 0.0000000, 2.7690113
2.8193445, 2.5636885, -0.25565594, 0.0000000, 2.7644169
2.8119850, 2.6367733, -0.17521131, 0.0000000, 2.7598312
2.8607240, 2.5669231, -0.29380083, 0.0000000, 2.7552519
2.8503304, 2.5722051, -0.27812514, 0.0000000, 2.7506802
2.8357086, 2.6113415, -0.22436693, 0.0000000, 2.7461166
2.8534017, 2.5921903, -0.26121128, 0.0000000, 2.7415602
2.8361845, 2.6177335, -0.21845119, 0.0000000, 2.7370117
2.9165788, 2.7390769, -0.17750171, 0.0000000, 2.7324708
2.8103507, 2.7174554, -0.92895195E-1, 0.0000000, 2.7279375
2.7967131, 2.8125780, 0.15864871E-1, 0.0000000, 2.7234113
2.7543137, 2.8744738, 0.12016030, 0.0000000, 2.7188928
2.9081962, 2.8746002, -0.33595964E-1, 0.0000000, 2.7143815
2.8877926, 2.7995253, -0.88267215E-1, 0.0000000, 2.7098782
2.8399475, 2.8668342, 0.26886493E-1, 0.0000000, 2.7053826
2.8338742, 2.9265981, 0.92724308E-1, 0.0000000, 2.7008941
