0.43821815, 0.42175158E-3, 0.37220390E-4, 0.82907370E-8, 0.0000000, 4.1932054, 8.1781797, 18.102926, 131.92999
0.24254374E-3, 0.36360545E-3, 0.37220332E-4, 0.83274818E-8, 0.0000000, 4.1934476, 8.1786232, 18.102926, 131.92999
0.23605388E-3, 0.34461927E-3, 0.37220285E-4, 0.83279525E-8, 0.0000000, 4.1936831, 8.1790552, 18.102926, 131.92999
0.21249944E-3, 0.27509211E-3, 0.37220230E-4, 0.83283869E-8, 0.0000000, 4.1938958, 8.1794443, 18.102926, 131.92999
0.22941668E-3, 0.32542928E-3, 0.37220183E-4, 0.83288212E-8, 0.0000000, 4.1941261, 8.1798658, 18.102926, 131.92999
0.23320148E-3, 0.33687672E-3, 0.37220118E-4, 0.83292786E-8, 0.0000000, 4.1943588, 8.1802912, 18.102926, 131.92999
0.23351080E-3, 0.33801753E-3, 0.37220063E-4, 0.83297431E-8, 0.0000000, 4.1945925, 8.1807184, 18.102926, 131.92999
0.22289222E-3, 0.30671470E-3, 0.37220023E-4, 0.83301996E-8, 0.0000000, 4.1948161, 8.1811275, 18.102926, 131.92999
-0.77857185E-4, 0.40291916E-3, 0.37219957E-4, 0.83305451E-8, 0.94261894E-3, 4.1947379, 8.1809855, 18.102926, 131.92999
-0.31120831E-3, 0.50753774E-3, 0.37219907E-4, 0.83299527E-8, 0.17025052E-2, 4.1944270, 8.1804161, 18.102938, 131.92999
-0.26824060E-4, 0.42173231E-3, 0.37219852E-4, 0.83296170E-8, 0.81575377E-3, 4.1944008, 8.1803684, 18.102940, 131.92999
0.14124119E-3, 0.37860891E-3, 0.37219797E-4, 0.83297245E-8, 0.29885973E-3, 4.1945419, 8.1806269, 18.102940, 131.92999
0.21117119E-3, 0.39284566E-3, 0.37219750E-4, 0.83300726E-8, 0.11427126E-3, 4.1947536, 8.1810141, 18.102942, 131.92999
0.24184736E-3, 0.36417923E-3, 0.37219688E-4, 0.83305167E-8, 0.0000000, 4.1949973, 8.1814594, 18.102945, 131.92999
0.23518511E-3, 0.34455059E-3, 0.37219626E-4, 0.83309910E-8, 0.0000000, 4.1952324, 8.1818895, 18.102949, 131.92999
0.22295113E-3, 0.30829906E-3, 0.37219586E-4, 0.83314458E-8, 0.0000000, 4.1954546, 8.1822968, 18.102949, 131.92999
0.21741961E-3, 0.29203272E-3, 0.37219528E-4, 0.83318836E-8, 0.0000000, 4.1956735, 8.1826982, 18.102949, 131.92999
0.20081144E-3, 0.36876439E-3, 0.37219485E-4, 0.83323339E-8, 0.11947102E-3, 4.1958723, 8.1830616, 18.102949, 131.92999
0.62881751E-4, 0.41463840E-3, 0.37219415E-4, 0.83325400E-8, 0.55306486E-3, 4.1959352, 8.1831760, 18.102961, 131.92999
0.21147047E-3, 0.33063520E-3, 0.37219361E-4, 0.83328340E-8, 0.52819742E-4, 4.1961465, 8.1835632, 18.102961, 131.92999
0.21288909E-3, 0.27926327E-3, 0.37219324E-4, 0.83332488E-8, 0.0000000, 4.1963601, 8.1839552, 18.102961, 131.92999
0.18520675E-3, 0.19655499E-3, 0.37219292E-4, 0.83336467E-8, 0.0000000, 4.1965456, 8.1842937, 18.102961, 131.92999
0.19226309E-3, 0.21795777E-3, 0.37219266E-4, 0.83340161E-8, 0.0000000, 4.1967387, 8.1846476, 18.102961, 131.92999
0.19629723E-3, 0.23034487E-3, 0.37219241E-4, 0.83344052E-8, 0.45387424E-7, 4.1969347, 8.1850061, 18.102961, 131.92999
-0.76806544E-4, 0.25235454E-3, 0.37219230E-4, 0.83346068E-8, 0.79347938E-3, 4.1968570, 8.1848640, 18.102961, 131.92999
-0.17405975E-3, 0.22866207E-3, 0.37219215E-4, 0.83342986E-8, 0.10462241E-2, 4.1966848, 8.1845484, 18.102961, 131.92999
0.58078018E-4, 0.21159177E-3, 0.37219201E-4, 0.83341947E-8, 0.37296821E-3, 4.1967435, 8.1846552, 18.102961, 131.92999
-0.81269609E-4, 0.23543995E-3, 0.37219186E-4, 0.83342337E-8, 0.78951829E-3, 4.1966639, 8.1845102, 18.102961, 131.92999
-0.69684495E-3, 0.26578532E-3, 0.37219175E-4, 0.83334415E-8, 0.25599792E-2, 4.1959677, 8.1832361, 18.102961, 131.92999
-0.92604681E-3, 0.29666114E-3, 0.37219146E-4, 0.83318268E-8, 0.32374214E-2, 4.1950421, 8.1815414, 18.102961, 131.92999
-0.91116567E-3, 0.35711055E-3, 0.37219092E-4, 0.83299598E-8, 0.32517263E-2, 4.1941299, 8.1798725, 18.102968, 131.92999
-0.70069241E-3, 0.38844801E-3, 0.37219048E-4, 0.83283451E-8, 0.26851576E-2, 4.1934290, 8.1785898, 18.102980, 131.92999
-0.39788245E-3, 0.39867332E-3, 0.37218982E-4, 0.83272287E-8, 0.18374457E-2, 4.1930308, 8.1778603, 18.102991, 131.92999
-0.17179889E-3, 0.34506249E-3, 0.37218924E-4, 0.83266789E-8, 0.11472090E-2, 4.1928592, 8.1775465, 18.102995, 131.92999
-0.66869456E-4, 0.30573341E-3, 0.37218892E-4, 0.83264551E-8, 0.81323972E-3, 4.1927915, 8.1774216, 18.102995, 131.92999
0.11817913E-3, 0.23956901E-3, 0.37218881E-4, 0.83265217E-8, 0.22748599E-3, 4.1929097, 8.1776390, 18.102995, 131.92999
0.13583709E-3, 0.22413314E-3, 0.37218881E-4, 0.83267544E-8, 0.16286661E-3, 4.1930451, 8.1778860, 18.102995, 131.92999
0.12005625E-3, 0.18957797E-3, 0.37218881E-4, 0.83270502E-8, 0.17511120E-3, 4.1931672, 8.1781101, 18.102995, 131.92999
0.94736613E-4, 0.21331248E-3, 0.37218881E-4, 0.83272624E-8, 0.26856596E-3, 4.1932607, 8.1782818, 18.102995, 131.92999
-0.84750631E-4, 0.20823746E-3, 0.37218881E-4, 0.83272997E-8, 0.77159965E-3, 4.1931763, 8.1781273, 18.102995, 131.92999
-0.59471012E-3, 0.25508998E-3, 0.37218881E-4, 0.83265839E-8, 0.22581453E-2, 4.1925812, 8.1770372, 18.103003, 131.92999
-0.37249853E-3, 0.23930718E-3, 0.37218877E-4, 0.83256175E-8, 0.16143116E-2, 4.1922097, 8.1763582, 18.103010, 131.92999
-0.48252317E-4, 0.22046112E-3, 0.37218873E-4, 0.83251575E-8, 0.67884685E-3, 4.1921620, 8.1762705, 18.103018, 131.92999
0.70160459E-4, 0.23289309E-3, 0.37218873E-4, 0.83251601E-8, 0.35487383E-3, 4.1922317, 8.1763983, 18.103024, 131.92999
0.14687797E-3, 0.24271244E-3, 0.37218873E-4, 0.83253662E-8, 0.14647140E-3, 4.1923790, 8.1766672, 18.103029, 131.92999
0.19048419E-3, 0.23975199E-3, 0.37218873E-4, 0.83256966E-8, 0.19997871E-4, 4.1925697, 8.1770172, 18.103039, 131.92999
0.19690592E-3, 0.23814075E-3, 0.37218873E-4, 0.83260794E-8, 0.0000000, 4.1927681, 8.1773806, 18.103048, 131.92999
0.18475275E-3, 0.20101239E-3, 0.37218873E-4, 0.83264720E-8, 0.0000000, 4.1929541, 8.1777201, 18.103048, 131.92999
-0.30998792E-3, 0.23842066E-3, 0.37218873E-4, 0.83263636E-8, 0.14342589E-2, 4.1926441, 8.1771526, 18.103058, 131.92999
-0.29251195E-3, 0.22449286E-3, 0.37218873E-4, 0.83257712E-8, 0.13717011E-2, 4.1923504, 8.1766148, 18.103058, 131.92999
-0.27080995E-3, 0.26145612E-3, 0.37218873E-4, 0.83252010E-8, 0.13436511E-2, 4.1920791, 8.1761189, 18.103067, 131.92999
-0.23590268E-3, 0.27882302E-3, 0.37218873E-4, 0.83246912E-8, 0.12602838E-2, 4.1918426, 8.1756859, 18.103079, 131.92999
-0.18628941E-3, 0.22746343E-3, 0.37218873E-4, 0.83242666E-8, 0.10727132E-2, 4.1916556, 8.1753426, 18.103085, 131.92999
0.16847011E-4, 0.14286595E-3, 0.37218873E-4, 0.83241085E-8, 0.42049232E-3, 4.1916714, 8.1753721, 18.103085, 131.92999
0.81980092E-4, 0.12779931E-3, 0.37218873E-4, 0.83241982E-8, 0.22210900E-3, 4.1917529, 8.1755219, 18.103085, 131.92999
0.11402775E-3, 0.10827607E-3, 0.37218873E-4, 0.83244016E-8, 0.11339510E-3, 4.1918674, 8.1757317, 18.103085, 131.92999
-0.44955712E-4, 0.10863083E-3, 0.37218873E-4, 0.83244753E-8, 0.56335854E-3, 4.1918221, 8.1756487, 18.103085, 131.92999
0.61875318E-4, 0.10050489E-3, 0.37218873E-4, 0.83244744E-8, 0.25332780E-3, 4.1918845, 8.1757622, 18.103085, 131.92999
0.34296536E-4, 0.92105431E-4, 0.37218873E-4, 0.83246015E-8, 0.32352377E-3, 4.1919188, 8.1758251, 18.103085, 131.92999
-0.16233796E-3, 0.94450486E-4, 0.37218873E-4, 0.83244789E-8, 0.88181725E-3, 4.1917567, 8.1755285, 18.103085, 131.92999
-0.86669912E-4, 0.79060810E-4, 0.37218873E-4, 0.83241938E-8, 0.65366551E-3, 4.1916695, 8.1753693, 18.103085, 131.92999
-0.29635226E-3, 0.84160798E-4, 0.37218873E-4, 0.83239300E-8, 0.12512784E-2, 4.1913729, 8.1748247, 18.103085, 131.92999
-0.58769644E-3, 0.90535046E-4, 0.37218873E-4, 0.83229601E-8, 0.20811569E-2, 4.1907854, 8.1737499, 18.103085, 131.92999
-0.23417082E-2, 0.13365998E-3, 0.37218873E-4, 0.83205220E-8, 0.70832563E-2, 4.1884437, 8.1694632, 18.103085, 131.92999
-0.28943683E-2, 0.24936016E-3, 0.37218873E-4, 0.83147560E-8, 0.87482063E-2, 4.1855493, 8.1641645, 18.103104, 131.92999
-0.21082703E-2, 0.19183903E-3, 0.37218873E-4, 0.83098506E-8, 0.64731031E-2, 4.1834416, 8.1603060, 18.103104, 131.92999
-0.14148782E-2, 0.13394668E-3, 0.37218873E-4, 0.83064409E-8, 0.44598025E-2, 4.1820269, 8.1577158, 18.103104, 131.92999
-0.13672833E-2, 0.15571398E-3, 0.37218873E-4, 0.83036333E-8, 0.43434915E-2, 4.1806583, 8.1552105, 18.103111, 131.92999
-0.16055232E-2, 0.14586867E-3, 0.37218873E-4, 0.83007565E-8, 0.50091799E-2, 4.1790519, 8.1522675, 18.103111, 131.92999
-0.13168250E-2, 0.13706244E-3, 0.37218873E-4, 0.82978300E-8, 0.41839126E-2, 4.1777349, 8.1498566, 18.103111, 131.92999
-0.19181556E-2, 0.19087225E-3, 0.37218873E-4, 0.82948040E-8, 0.59319227E-2, 4.1758170, 8.1463442, 18.103127, 131.92999
-0.17523405E-2, 0.24061895E-3, 0.37218873E-4, 0.82909839E-8, 0.55045243E-2, 4.1740642, 8.1431332, 18.103148, 131.92999
-0.14451821E-2, 0.18123626E-3, 0.37218873E-4, 0.82878486E-8, 0.45842063E-2, 4.1726193, 8.1404877, 18.103163, 131.92999
-0.14176057E-2, 0.18797140E-3, 0.37218873E-4, 0.82850100E-8, 0.45115007E-2, 4.1712017, 8.1378908, 18.103180, 131.92999
-0.14376751E-2, 0.19033038E-3, 0.37218873E-4, 0.82821465E-8, 0.45700171E-2, 4.1697636, 8.1352577, 18.103201, 131.92999
-0.15128702E-2, 0.20153727E-3, 0.37218873E-4, 0.82792493E-8, 0.47920989E-2, 4.1682510, 8.1324863, 18.103226, 131.92999
-0.15222253E-2, 0.22611034E-3, 0.37218873E-4, 0.82762002E-8, 0.48390562E-2, 4.1667285, 8.1296978, 18.103270, 131.92999
-0.14114537E-2, 0.22198661E-3, 0.37218873E-4, 0.82732852E-8, 0.45217737E-2, 4.1653171, 8.1271124, 18.103310, 131.92999
-0.75166009E-3, 0.20451410E-3, 0.37218873E-4, 0.82711606E-8, 0.26384029E-2, 4.1645646, 8.1257334, 18.103342, 131.92999
-0.61903492E-3, 0.19082244E-3, 0.37218873E-4, 0.82697236E-8, 0.22509631E-2, 4.1639462, 8.1246004, 18.103357, 131.92999
-0.42876808E-3, 0.19847444E-3, 0.37218873E-4, 0.82686515E-8, 0.17181190E-2, 4.1635160, 8.1238127, 18.103374, 131.92999
-0.41576879E-3, 0.15210484E-3, 0.37218873E-4, 0.82678504E-8, 0.16423230E-2, 4.1630998, 8.1230497, 18.103378, 131.92999
-0.41971635E-3, 0.16302450E-3, 0.37218873E-4, 0.82669933E-8, 0.16620442E-2, 4.1626801, 8.1222811, 18.103394, 131.92999
-0.31674639E-3, 0.20665386E-3, 0.37218873E-4, 0.82662170E-8, 0.14060102E-2, 4.1623631, 8.1217003, 18.103416, 131.92999
-0.20935765E-3, 0.17017925E-3, 0.37218873E-4, 0.82657303E-8, 0.10714250E-2, 4.1621537, 8.1213169, 18.103434, 131.92999
-0.13954341E-3, 0.17768507E-3, 0.37218873E-4, 0.82653626E-8, 0.87934284E-3, 4.1620140, 8.1210604, 18.103451, 131.92999
-0.10376520E-3, 0.13980611E-3, 0.37218873E-4, 0.82651361E-8, 0.74648688E-3, 4.1619096, 8.1208696, 18.103460, 131.92999
-0.83103085E-4, 0.14865596E-3, 0.37218873E-4, 0.82649390E-8, 0.69450669E-3, 4.1618257, 8.1207161, 18.103477, 131.92999
-0.16139502E-3, 0.16111720E-3, 0.37218873E-4, 0.82647826E-8, 0.92565035E-3, 4.1616645, 8.1204205, 18.103497, 131.92999
-0.62170217E-3, 0.15718973E-3, 0.37218873E-4, 0.82641307E-8, 0.22255783E-2, 4.1610417, 8.1192799, 18.103521, 131.92999
-0.16777148E-2, 0.24882518E-3, 0.37218873E-4, 0.82617841E-8, 0.52898470E-2, 4.1593633, 8.1162043, 18.103567, 131.92999
0.43996152, 0.26063633E-3, 0.37218873E-4, 0.90985628E-8, 0.44390964E-2, 4.5993252, 8.9171467, 18.103613, 131.92999
-0.92303834E-3, 0.26550103E-3, 0.37218873E-4, 0.91327790E-8, 0.31402837E-2, 4.5984015, 8.9154758, 18.103664, 131.92999
-0.71697816E-3, 0.24051606E-3, 0.37218873E-4, 0.91311865E-8, 0.25422522E-2, 4.5976844, 8.9141779, 18.103710, 131.92999
-0.61519450E-3, 0.25502162E-3, 0.37218873E-4, 0.91298507E-8, 0.22681134E-2, 4.5970678, 8.9130640, 18.103758, 131.92999
-0.66533533E-3, 0.23401820E-3, 0.37218873E-4, 0.91286534E-8, 0.23925488E-2, 4.5964007, 8.9118567, 18.103804, 131.92999
-0.95596904E-3, 0.30588053E-3, 0.37218873E-4, 0.91271088E-8, 0.32663029E-2, 4.5954456, 8.9101295, 18.103849, 131.92999
-0.81150210E-3, 0.40391518E-3, 0.37218873E-4, 0.17286291E-5, 0.29387996E-2, 4.5946341, 8.9086599, 18.103910, 131.92999
-0.69510634E-3, 0.41480386E-3, 0.37218873E-4, 0.12822284E-6, 0.26250028E-2, 4.5939398, 8.9074049, 18.103962, 131.92999
-0.85047045E-3, 0.45006676E-3, 0.37218873E-4, 0.14547697E-7, 0.30928391E-2, 4.5930891, 8.9058666, 18.104023, 131.92999
-0.88746252E-3, 0.50159561E-3, 0.37218881E-4, 0.91647552E-8, 0.32420703E-2, 4.5922017, 8.9042606, 18.104092, 131.92999
-0.80590800E-3, 0.58389222E-3, 0.37218881E-4, 0.91537116E-8, 0.30849315E-2, 4.5913959, 8.9028025, 18.104164, 131.92999
-0.73649012E-3, 0.54034329E-3, 0.37218895E-4, 0.91442134E-8, 0.28578388E-2, 4.5906596, 8.9014702, 18.104229, 131.92999
-0.63140842E-3, 0.55547664E-3, 0.37218910E-4, 0.91362802E-8, 0.25784564E-2, 4.5900288, 8.9003296, 18.104298, 131.92999
-0.59587107E-3, 0.56580396E-3, 0.37218932E-4, 0.91298888E-8, 0.24902665E-2, 4.5894332, 8.8992510, 18.104364, 131.92999
-0.56025508E-3, 0.54965506E-3, 0.37218935E-4, 0.91247507E-8, 0.23790672E-2, 4.5888720, 8.8982353, 18.104429, 131.92999
-0.46177398E-3, 0.58460725E-3, 0.37218946E-4, 0.91206864E-8, 0.21344055E-2, 4.5884099, 8.8974009, 18.104502, 131.92999
-0.40367161E-3, 0.50101033E-3, 0.37218957E-4, 0.91175876E-8, 0.19015841E-2, 4.5880065, 8.8966694, 18.104561, 131.92999
-0.10769862E-2, 0.49043540E-3, 0.37218961E-4, 0.91147916E-8, 0.37851736E-2, 4.5869298, 8.8947220, 18.104616, 131.92999
-0.10530532E-2, 0.59151283E-3, 0.37218961E-4, 0.91112922E-8, 0.38064078E-2, 4.5858779, 8.8928185, 18.104685, 131.92999
-0.82357530E-3, 0.69042481E-3, 0.37218961E-4, 0.20744599E-4, 0.32287757E-2, 4.5850549, 8.8913298, 18.104767, 131.92999
-0.41576981E-3, 0.64930593E-3, 0.37218961E-4, 0.21107962E-4, 0.20494626E-2, 4.5846405, 8.8905792, 18.104828, 131.92999
-0.81052410E-3, 0.71985967E-3, 0.37218961E-4, 0.85611446E-5, 0.32347443E-2, 4.5838299, 8.8891115, 18.104898, 131.92999
-0.58990368E-3, 0.81644364E-3, 0.37218961E-4, 0.20531349E-5, 0.27086893E-2, 4.5832405, 8.8880463, 18.104984, 131.92999
-0.69312850E-3, 0.89272484E-3, 0.37218961E-4, 0.91544345E-8, 0.30712981E-2, 4.5825477, 8.8867912, 18.105080, 131.92999
-0.77973102E-3, 0.92826178E-3, 0.37218961E-4, 0.91427976E-8, 0.33496779E-2, 4.5817680, 8.8853798, 18.105175, 131.92999
-0.80490101E-3, 0.95140020E-3, 0.37218961E-4, 0.91320338E-8, 0.34444360E-2, 4.5809636, 8.8839254, 18.105268, 131.92999
-0.63686975E-3, 0.11571993E-2, 0.37218961E-4, 0.85846511E-6, 0.31587679E-2, 4.5803261, 8.8827715, 18.105375, 131.92999
-0.64583629E-3, 0.11954405E-2, 0.37218968E-4, 0.84666794E-6, 0.32231405E-2, 4.5796809, 8.8816032, 18.105480, 131.92999
-0.60724933E-3, 0.12891679E-2, 0.37218968E-4, 0.13867312E-6, 0.32044693E-2, 4.5790734, 8.8805046, 18.105587, 131.92999
-0.66250761E-3, 0.11970393E-2, 0.37218968E-4, 0.91439958E-8, 0.32811817E-2, 4.5784106, 8.8793049, 18.105682, 131.92999
-0.58185018E-3, 0.94910577E-3, 0.37218968E-4, 0.75382122E-5, 0.28253091E-2, 4.5778289, 8.8782520, 18.105757, 131.92999
-0.71590528E-3, 0.86316117E-3, 0.37218968E-4, 0.91436370E-8, 0.31329256E-2, 4.5771127, 8.8769560, 18.105812, 131.92999
-0.70774875E-3, 0.92224550E-3, 0.37218968E-4, 0.12636492E-5, 0.31634569E-2, 4.5764041, 8.8756733, 18.105875, 131.92999
-0.57020696E-3, 0.10021850E-2, 0.37218968E-4, 0.23361334E-4, 0.28289221E-2, 4.5758333, 8.8746395, 18.105961, 131.92999
-0.61934569E-3, 0.11609036E-2, 0.37218968E-4, 0.34378559E-5, 0.31332306E-2, 4.5752144, 8.8735209, 18.106035, 131.92999
-0.64146076E-3, 0.13730106E-2, 0.37218968E-4, 0.35424982E-5, 0.33915399E-2, 4.5745735, 8.8723602, 18.106140, 131.92999
-0.54753042E-3, 0.15338453E-2, 0.37218968E-4, 0.42984546E-7, 0.32818320E-2, 4.5740266, 8.8713694, 18.106249, 131.92999
-0.68804732E-3, 0.14640796E-2, 0.37218968E-4, 0.50088265E-5, 0.36113656E-2, 4.5733380, 8.8701229, 18.106348, 131.92999
-0.66456955E-3, 0.14203968E-2, 0.37218968E-4, 0.33467842E-7, 0.35131339E-2, 4.5726724, 8.8689184, 18.106447, 131.92999
-0.69900090E-3, 0.13047936E-2, 0.37218968E-4, 0.91282351E-8, 0.35056728E-2, 4.5719724, 8.8676510, 18.106529, 131.92999
-0.64507319E-3, 0.13982878E-2, 0.37218968E-4, 0.91171444E-8, 0.34423454E-2, 4.5713272, 8.8664827, 18.106607, 131.92999
-0.65365684E-3, 0.12348347E-2, 0.37218968E-4, 0.91073851E-8, 0.33171878E-2, 4.5706735, 8.8653002, 18.106672, 131.92999
-0.67132083E-3, 0.12146304E-2, 0.37218968E-4, 0.90989776E-8, 0.33493540E-2, 4.5700021, 8.8640852, 18.106739, 131.92999
-0.54301677E-3, 0.12275500E-2, 0.37218968E-4, 0.90920258E-8, 0.30018585E-2, 4.5694590, 8.8631010, 18.106808, 131.92999
-0.47207027E-3, 0.10906918E-2, 0.37218968E-4, 0.90865804E-8, 0.26765049E-2, 4.5689869, 8.8622465, 18.106871, 131.92999
-0.35627093E-3, 0.98639214E-3, 0.37218968E-4, 0.90823322E-8, 0.22548619E-2, 4.5686312, 8.8616018, 18.106930, 131.92999
-0.36647337E-3, 0.73692773E-3, 0.37218968E-4, 0.90791641E-8, 0.20522363E-2, 4.5682645, 8.8609381, 18.106976, 131.92999
-0.44177959E-3, 0.68552204E-3, 0.37218968E-4, 0.90765067E-8, 0.22161156E-2, 4.5678220, 8.8601370, 18.107021, 131.92999
-0.82325510E-3, 0.67601871E-3, 0.37218968E-4, 0.90741255E-8, 0.32792808E-2, 4.5669990, 8.8586473, 18.107067, 131.92999
-0.11775843E-2, 0.89473499E-3, 0.37218968E-4, 0.90710373E-8, 0.44780453E-2, 4.5658216, 8.8565159, 18.107113, 131.92999
-0.10857715E-2, 0.11307638E-2, 0.37218968E-4, 0.90681276E-8, 0.44394368E-2, 4.5647359, 8.8545494, 18.107176, 131.92999
-0.77946519E-3, 0.15260086E-2, 0.37218968E-4, 0.90657180E-8, 0.39467281E-2, 4.5639563, 8.8531380, 18.107256, 131.92999
-0.73198322E-3, 0.14604387E-2, 0.37218968E-4, 0.10599495E-4, 0.37434879E-2, 4.5632243, 8.8518124, 18.107334, 131.92999
-0.42624079E-3, 0.15027192E-2, 0.37218968E-4, 0.18593248E-4, 0.29171051E-2, 4.5627980, 8.8510408, 18.107426, 131.92999
-0.42128371E-3, 0.17866873E-2, 0.37218968E-4, 0.89187927E-6, 0.31873889E-2, 4.5623779, 8.8502808, 18.107531, 131.92999
-0.45459392E-3, 0.18592519E-2, 0.37218968E-4, 0.49368526E-6, 0.33516341E-2, 4.5619221, 8.8494558, 18.107634, 131.92999
-0.35522919E-3, 0.20417401E-2, 0.37218968E-4, 0.91095584E-8, 0.32461153E-2, 4.5615664, 8.8488111, 18.107744, 131.92999
-0.30864516E-3, 0.21164222E-2, 0.37218968E-4, 0.40343543E-5, 0.31840708E-2, 4.5612588, 8.8482542, 18.107853, 131.92999
-0.48879307E-3, 0.19209730E-2, 0.37218968E-4, 0.12095900E-6, 0.35137753E-2, 4.5607691, 8.8473673, 18.107948, 131.92999
-0.50055154E-3, 0.18330425E-2, 0.37218968E-4, 0.91058183E-8, 0.34663575E-2, 4.5602689, 8.8464603, 18.108046, 131.92999
-0.47717089E-3, 0.20846922E-2, 0.37218968E-4, 0.41399512E-5, 0.36348447E-2, 4.5597911, 8.8455963, 18.108152, 131.92999
-0.58001105E-3, 0.19056736E-2, 0.37218968E-4, 0.13757767E-4, 0.37480027E-2, 4.5592117, 8.8445473, 18.108244, 131.92999
-0.11008111E-3, 0.25496585E-2, 0.37218968E-4, 0.91122745E-8, 0.30494505E-2, 4.5591016, 8.8443470, 18.108368, 131.92999
-0.31702226E-3, 0.21426892E-2, 0.37218917E-4, 0.35506375E-4, 0.32147991E-2, 4.5587845, 8.8437738, 18.108465, 131.92999
-0.33251851E-3, 0.18981774E-2, 0.37218873E-4, 0.60780599E-5, 0.30587420E-2, 4.5584521, 8.8431711, 18.108557, 131.92999
-0.49177895E-3, 0.18398475E-2, 0.37218808E-4, 0.50050899E-5, 0.34535753E-2, 4.5579619, 8.8422832, 18.108648, 131.92999
-0.57895534E-3, 0.19299282E-2, 0.37218750E-4, 0.23494380E-6, 0.37896258E-2, 4.5573840, 8.8412371, 18.108740, 131.92999
-0.53517154E-3, 0.19156472E-2, 0.37218710E-4, 0.35596514E-6, 0.36540867E-2, 4.5568495, 8.8402691, 18.108831, 131.92999
-0.30380613E-3, 0.21338984E-2, 0.37218644E-4, 0.76757979E-5, 0.32041057E-2, 4.5565457, 8.8397179, 18.108929, 131.92999
-0.17339221E-3, 0.22426613E-2, 0.37218586E-4, 0.89127407E-5, 0.29407595E-2, 4.5563722, 8.8394041, 18.109028, 131.92999
-0.66790104E-4, 0.28361971E-2, 0.37218542E-4, 0.83895225E-6, 0.32136857E-2, 4.5563064, 8.8392859, 18.109148, 131.92999
-0.42035452E-4, 0.29521158E-2, 0.37218484E-4, 0.14077930E-5, 0.32564537E-2, 4.5562639, 8.8392076, 18.109266, 131.92999
0.43803284E-5, 0.29816357E-2, 0.37218440E-4, 0.91016306E-8, 0.31583745E-2, 4.5562682, 8.8392162, 18.109385, 131.92999
0.12639746E-3, 0.29709735E-2, 0.37218371E-4, 0.90915089E-8, 0.28079795E-2, 4.5563951, 8.8394461, 18.109503, 131.92999
-0.20734740E-3, 0.26844256E-2, 0.37218317E-4, 0.13994883E-7, 0.34757983E-2, 4.5561881, 8.8390713, 18.109604, 131.92999
0.11503438E-4, 0.25335688E-2, 0.37218277E-4, 0.15334777E-4, 0.27033461E-2, 4.5562000, 8.8390932, 18.109701, 131.92999
0.23148423E-3, 0.26509135E-2, 0.37218211E-4, 0.15287211E-4, 0.21982756E-2, 4.5564318, 8.8395119, 18.109804, 131.92999
0.37177705E-3, 0.34490274E-2, 0.37218146E-4, 0.43875222E-7, 0.25820488E-2, 4.5568037, 8.8401861, 18.109934, 131.92999
0.12738355E-3, 0.33092727E-2, 0.37218095E-4, 0.20340042E-5, 0.31365745E-2, 4.5569320, 8.8404188, 18.110054, 131.92999
0.18964498E-3, 0.33369705E-2, 0.37218026E-4, 0.91026759E-8, 0.29925257E-2, 4.5571213, 8.8407612, 18.110174, 131.92999
0.31550208E-3, 0.33650273E-2, 0.37217960E-4, 0.90929753E-8, 0.26679079E-2, 4.5574374, 8.8413334, 18.110296, 131.92999
0.44488022E-3, 0.33873869E-2, 0.37217887E-4, 0.90845820E-8, 0.23278503E-2, 4.5578814, 8.8421373, 18.110415, 131.92999
0.16893464E-3, 0.26548724E-2, 0.37217837E-4, 0.90775254E-8, 0.24042956E-2, 4.5580506, 8.8424444, 18.110502, 131.92999
-0.14519186E-4, 0.30396499E-2, 0.37217764E-4, 0.90713277E-8, 0.32894642E-2, 4.5580368, 8.8424187, 18.110609, 131.92999
-0.15133190E-3, 0.31880243E-2, 0.37217691E-4, 0.99206314E-8, 0.38176225E-2, 4.5578852, 8.8421450, 18.110710, 131.92999
-0.14194152E-3, 0.33479873E-2, 0.37217622E-4, 0.56798302E-6, 0.39456333E-2, 4.5577435, 8.8418875, 18.110821, 131.92999
0.47187026E-4, 0.35517439E-2, 0.37217542E-4, 0.10272158E-7, 0.36117083E-2, 4.5577912, 8.8419743, 18.110935, 131.92999
0.44790324E-3, 0.40492727E-2, 0.37217455E-4, 0.90952419E-8, 0.29647525E-2, 4.5582390, 8.8427849, 18.111071, 131.92999
0.53561880E-3, 0.37818982E-2, 0.37217371E-4, 0.90870209E-8, 0.24638791E-2, 4.5587745, 8.8437548, 18.111198, 131.92999
0.25333479E-3, 0.29750196E-2, 0.37217287E-4, 0.90800052E-8, 0.24839747E-2, 4.5590277, 8.8442135, 18.111292, 131.92999
-0.17586495E-4, 0.34691482E-2, 0.37217225E-4, 0.90737986E-8, 0.37213359E-2, 4.5590100, 8.8441811, 18.111399, 131.92999
0.44498828, 0.35302422E-2, 0.37217142E-4, 0.99166328E-8, 0.28944097E-2, 5.0039988, 9.6448307, 18.111521, 131.92999
0.20090415E-3, 0.29174769E-2, 0.37217058E-4, 0.99497024E-8, 0.25737854E-2, 5.0042005, 9.6451902, 18.111626, 131.92999
0.16700017E-3, 0.27027871E-2, 0.37216985E-4, 0.99467936E-8, 0.24632281E-2, 5.0043683, 9.6454906, 18.111729, 131.92999
-0.41085129E-3, 0.32203458E-2, 0.37216912E-4, 0.13089387E-7, 0.45708017E-2, 5.0039577, 9.6447563, 18.111828, 131.92999
0.32612809E-3, 0.42186948E-2, 0.37216800E-4, 0.99421982E-8, 0.34752444E-2, 5.0042830, 9.6453381, 18.111963, 131.92999
0.47200208E-3, 0.37008978E-2, 0.37216676E-4, 0.99417612E-8, 0.25737593E-2, 5.0047536, 9.6461792, 18.112083, 131.92999
0.61924144E-3, 0.36854129E-2, 0.37216578E-4, 0.99418855E-8, 0.21498480E-2, 5.0053740, 9.6472883, 18.112206, 131.92999
0.41479239E-3, 0.30171345E-2, 0.37216487E-4, 0.99422177E-8, 0.20791946E-2, 5.0057878, 9.6480274, 18.112314, 131.92999
0.43183184E-3, 0.28270297E-2, 0.37216407E-4, 0.99425552E-8, 0.18497062E-2, 5.0062194, 9.6487989, 18.112394, 131.92999
0.54315291E-3, 0.27831206E-2, 0.37216319E-4, 0.99431343E-8, 0.14976606E-2, 5.0067630, 9.6497717, 18.112478, 131.92999
0.17686219E-3, 0.22440171E-2, 0.37216247E-4, 0.99437125E-8, 0.20011179E-2, 5.0069404, 9.6500883, 18.112547, 131.92999
-0.11791169E-3, 0.27923146E-2, 0.37216181E-4, 0.99436219E-8, 0.33497170E-2, 5.0068221, 9.6498775, 18.112633, 131.92999
0.19923960E-4, 0.34733233E-2, 0.37216079E-4, 0.99433031E-8, 0.36204637E-2, 5.0068417, 9.6499109, 18.112745, 131.92999
0.31575517E-3, 0.30993894E-2, 0.37215985E-4, 0.99435429E-8, 0.24372865E-2, 5.0071573, 9.6504755, 18.112848, 131.92999
0.31605002E-3, 0.28252355E-2, 0.37215912E-4, 0.99442001E-8, 0.21734280E-2, 5.0074730, 9.6510401, 18.112936, 131.92999
0.32587812E-3, 0.28012241E-2, 0.37215836E-4, 0.99447934E-8, 0.21233191E-2, 5.0077987, 9.6516228, 18.113022, 131.92999
0.35933670E-3, 0.29236721E-2, 0.37215756E-4, 0.99454303E-8, 0.21481691E-2, 5.0081587, 9.6522665, 18.113104, 131.92999
-0.15242600E-3, 0.23814808E-2, 0.37215672E-4, 0.99458077E-8, 0.30535685E-2, 5.0080056, 9.6519928, 18.113180, 131.92999
0.94984571E-4, 0.28804101E-2, 0.37215592E-4, 0.99455368E-8, 0.28439597E-2, 5.0081005, 9.6521626, 18.113262, 131.92999
0.23954050E-3, 0.25740988E-2, 0.37215505E-4, 0.99458868E-8, 0.21467116E-2, 5.0083394, 9.6525888, 18.113337, 131.92999
-0.18198859E-3, 0.38223644E-2, 0.37215425E-4, 0.66142638E-5, 0.45162914E-2, 5.0081573, 9.6522636, 18.113453, 131.92999
0.22191617E-3, 0.40361527E-2, 0.37215290E-4, 0.12964479E-5, 0.36027464E-2, 5.0083785, 9.6526585, 18.113569, 131.92999
0.66922687E-3, 0.49251122E-2, 0.37215166E-4, 0.11960124E-7, 0.32144941E-2, 5.0090480, 9.6538553, 18.113714, 131.92999
0.63034846E-3, 0.41992366E-2, 0.37215024E-4, 0.99945447E-8, 0.26257138E-2, 5.0096793, 9.6549835, 18.113836, 131.92999
0.96688257E-3, 0.46088574E-2, 0.37214879E-4, 0.99860982E-8, 0.20837057E-2, 5.0106463, 9.6567125, 18.113972, 131.92999
0.90725912E-3, 0.39506950E-2, 0.37214741E-4, 0.99795345E-8, 0.16170550E-2, 5.0115528, 9.6583328, 18.114086, 131.92999
0.41200229E-3, 0.28629657E-2, 0.37214624E-4, 0.13540642E-4, 0.19361520E-2, 5.0119643, 9.6590681, 18.114172, 131.92999
0.32232024E-3, 0.38733752E-2, 0.37214500E-4, 0.52871933E-5, 0.31688560E-2, 5.0122871, 9.6596460, 18.114285, 131.92999
0.26998555E-3, 0.38389268E-2, 0.37214380E-4, 0.62043669E-5, 0.32814187E-2, 5.0125566, 9.6601267, 18.114393, 131.92999
0.46088244E-3, 0.42742183E-2, 0.37214242E-4, 0.18404481E-5, 0.31744184E-2, 5.0130172, 9.6609497, 18.114511, 131.92999
0.42757345E-3, 0.42352425E-2, 0.37214115E-4, 0.15490159E-5, 0.32310246E-2, 5.0134449, 9.6617136, 18.114630, 131.92999
0.64235128E-3, 0.46450030E-2, 0.37213962E-4, 0.34027266E-6, 0.30301460E-2, 5.0140872, 9.6628628, 18.114758, 131.92999
0.94555167E-3, 0.49110539E-2, 0.37213806E-4, 0.10013614E-7, 0.24436351E-2, 5.0150337, 9.6645546, 18.114893, 131.92999
0.11715598E-2, 0.50987601E-2, 0.37213635E-4, 0.10004759E-7, 0.19965337E-2, 5.0162058, 9.6666489, 18.115038, 131.92999
0.10213421E-2, 0.43987213E-2, 0.37213471E-4, 0.99972919E-8, 0.17405103E-2, 5.0172281, 9.6684752, 18.115162, 131.92999
0.10470072E-2, 0.42457380E-2, 0.37213329E-4, 0.99911777E-8, 0.15221322E-2, 5.0182757, 9.6703472, 18.115288, 131.92999
0.88013086E-3, 0.35680020E-2, 0.37213176E-4, 0.99865831E-8, 0.13330892E-2, 5.0191560, 9.6719198, 18.115391, 131.92999
0.11616429E-3, 0.36320873E-2, 0.37213042E-4, 0.71522850E-5, 0.35172736E-2, 5.0192723, 9.6721277, 18.115490, 131.92999
0.10686982E-2, 0.55763377E-2, 0.37212874E-4, 0.10027843E-7, 0.27498349E-2, 5.0203409, 9.6740370, 18.115639, 131.92999
0.12206583E-2, 0.51727807E-2, 0.37212689E-4, 0.10018931E-7, 0.19379214E-2, 5.0215616, 9.6762180, 18.115774, 131.92999
0.82612078E-3, 0.41035172E-2, 0.37212529E-4, 0.10010947E-7, 0.20045508E-2, 5.0223866, 9.6776924, 18.115885, 131.92999
0.67104463E-3, 0.35557270E-2, 0.37212387E-4, 0.10003699E-7, 0.19074106E-2, 5.0230579, 9.6788921, 18.115990, 131.92999
0.48605062E-3, 0.35308965E-2, 0.37212259E-4, 0.99979154E-8, 0.23991787E-2, 5.0235434, 9.6797590, 18.116091, 131.92999
0.41889743E-3, 0.42281509E-2, 0.37212125E-4, 0.33341604E-6, 0.32608232E-2, 5.0239620, 9.6805067, 18.116201, 131.92999
0.67935663E-3, 0.48116352E-2, 0.37211950E-4, 0.13837301E-5, 0.30992678E-2, 5.0246410, 9.6817198, 18.116323, 131.92999
0.50140807E-3, 0.41241096E-2, 0.37211776E-4, 0.89040177E-5, 0.29231519E-2, 5.0251427, 9.6826162, 18.116423, 131.92999
0.56034297E-3, 0.44041122E-2, 0.37211605E-4, 0.15128835E-5, 0.30378618E-2, 5.0257030, 9.6836176, 18.116535, 131.92999
0.61350531E-3, 0.43333806E-2, 0.37211426E-4, 0.24194742E-4, 0.27992262E-2, 5.0263166, 9.6847143, 18.116642, 131.92999
0.86603890E-3, 0.46287160E-2, 0.37211244E-4, 0.12691827E-4, 0.23936175E-2, 5.0271831, 9.6862612, 18.116758, 131.92999
0.76555042E-3, 0.45507387E-2, 0.37211059E-4, 0.64997789E-5, 0.26050569E-2, 5.0279479, 9.6876278, 18.116873, 131.92999
0.74299111E-3, 0.45933253E-2, 0.37210873E-4, 0.79733209E-5, 0.27083699E-2, 5.0286903, 9.6889544, 18.116985, 131.92999
0.48000092E-3, 0.40711109E-2, 0.37210702E-4, 0.31025832E-5, 0.29408517E-2, 5.0291700, 9.6898117, 18.117079, 131.92999
0.85812778E-3, 0.47913608E-2, 0.37210521E-4, 0.10052480E-7, 0.25885175E-2, 5.0300279, 9.6913433, 18.117199, 131.92999
0.10380265E-2, 0.49555441E-2, 0.37210328E-4, 0.10042754E-7, 0.22471172E-2, 5.0310664, 9.6931982, 18.117323, 131.92999
0.12126912E-2, 0.52153566E-2, 0.37210124E-4, 0.10034243E-7, 0.20130975E-2, 5.0322795, 9.6953650, 18.117456, 131.92999
0.94724470E-3, 0.42813378E-2, 0.37209938E-4, 0.10027139E-7, 0.18483398E-2, 5.0332265, 9.6970568, 18.117571, 131.92999
0.61124022E-3, 0.39391485E-2, 0.37209771E-4, 0.10020965E-7, 0.24532184E-2, 5.0338378, 9.6981487, 18.117672, 131.92999
0.83194283E-3, 0.42982032E-2, 0.37209607E-4, 0.10016057E-7, 0.21866697E-2, 5.0346699, 9.6996355, 18.117788, 131.92999
0.10727571E-2, 0.43930542E-2, 0.37209433E-4, 0.10013103E-7, 0.16081430E-2, 5.0357437, 9.7015524, 18.117908, 131.92999
0.76249469E-3, 0.40833605E-2, 0.37209269E-4, 0.48743527E-5, 0.21678249E-2, 5.0365062, 9.7029152, 18.118008, 131.92999
0.13262280E-2, 0.57557463E-2, 0.37209062E-4, 0.81723499E-6, 0.22234221E-2, 5.0378318, 9.7052813, 18.118149, 131.92999
0.98363066E-3, 0.44629890E-2, 0.37208847E-4, 0.38029191E-5, 0.19222493E-2, 5.0388160, 9.7070398, 18.118250, 131.92999
0.12597112E-2, 0.55523459E-2, 0.37208651E-4, 0.21019931E-7, 0.22140213E-2, 5.0400763, 9.7092905, 18.118385, 131.92999
0.14971364E-2, 0.61724936E-2, 0.37208418E-4, 0.19397962E-5, 0.21533757E-2, 5.0415721, 9.7119617, 18.118534, 131.92999
0.13922071E-2, 0.60471408E-2, 0.37208156E-4, 0.47495021E-7, 0.23273290E-2, 5.0429645, 9.7144489, 18.118675, 131.92999
0.12737906E-2, 0.55033704E-2, 0.37207905E-4, 0.10070263E-7, 0.21307389E-2, 5.0442376, 9.7167215, 18.118805, 131.92999
0.90818689E-3, 0.43713618E-2, 0.37207705E-4, 0.10061532E-7, 0.20511786E-2, 5.0451455, 9.7183418, 18.118916, 131.92999
0.38653085E-3, 0.41897334E-2, 0.37207512E-4, 0.11872536E-4, 0.33163931E-2, 5.0455317, 9.7190323, 18.119009, 131.92999
0.80635463E-3, 0.51386873E-2, 0.37207305E-4, 0.14985269E-4, 0.30653309E-2, 5.0463376, 9.7204704, 18.119127, 131.92999
0.77808346E-3, 0.50063198E-2, 0.37207090E-4, 0.10319406E-4, 0.30208568E-2, 5.0471158, 9.7218599, 18.119240, 131.92999
0.66834548E-3, 0.46776277E-2, 0.37206875E-4, 0.28001291E-5, 0.30154183E-2, 5.0477843, 9.7230539, 18.119347, 131.92999
0.10263047E-2, 0.54352530E-2, 0.37206661E-4, 0.10089319E-7, 0.27572468E-2, 5.0488105, 9.7248859, 18.119473, 131.92999
0.11551812E-2, 0.52816877E-2, 0.37206421E-4, 0.10079853E-7, 0.22498709E-2, 5.0499654, 9.7269478, 18.119598, 131.92999
0.10418964E-2, 0.48312340E-2, 0.37206206E-4, 0.10071385E-7, 0.21284930E-2, 5.0510068, 9.7288055, 18.119715, 131.92999
0.88259857E-3, 0.48781252E-2, 0.37205980E-4, 0.10064049E-7, 0.26181452E-2, 5.0518904, 9.7303848, 18.119831, 131.92999
0.61631424E-3, 0.40770904E-2, 0.37205784E-4, 0.10057900E-7, 0.25820704E-2, 5.0525060, 9.7314825, 18.119930, 131.92999
0.80436142E-3, 0.44273082E-2, 0.37205591E-4, 0.10053002E-7, 0.23986776E-2, 5.0533104, 9.7329187, 18.120041, 131.92999
0.39261338E-3, 0.39160526E-2, 0.37205398E-4, 0.10049487E-7, 0.30489736E-2, 5.0537038, 9.7336206, 18.120129, 131.92999
0.71365654E-3, 0.47573694E-2, 0.37205195E-4, 0.10046875E-7, 0.29722780E-2, 5.0544167, 9.7348948, 18.120241, 131.92999
0.10929799E-2, 0.58601163E-2, 0.37204954E-4, 0.57599500E-5, 0.29819245E-2, 5.0555105, 9.7368460, 18.120375, 131.92999
0.14080338E-2, 0.62080049E-2, 0.37204682E-4, 0.10097736E-7, 0.24491614E-2, 5.0569181, 9.7393599, 18.120516, 131.92999
0.14321033E-2, 0.61606131E-2, 0.37204401E-4, 0.39593342E-5, 0.23331135E-2, 5.0583506, 9.7419157, 18.120651, 131.92999
0.14507711E-2, 0.48139463E-2, 0.37204140E-4, 0.18102539E-4, 0.95892057E-3, 5.0598006, 9.7445040, 18.120752, 131.92999
0.10317905E-2, 0.47283256E-2, 0.37203907E-4, 0.80395161E-7, 0.20608278E-2, 5.0608325, 9.7463455, 18.120857, 131.92999
0.42426467E-3, 0.36447134E-2, 0.37203707E-4, 0.28429620E-5, 0.26967586E-2, 5.0612564, 9.7471018, 18.120949, 131.92999
0.31450513E-3, 0.38499639E-2, 0.37203528E-4, 0.64105316E-5, 0.31983007E-2, 5.0615716, 9.7476645, 18.121042, 131.92999
0.70336740E-3, 0.49386383E-2, 0.37203339E-4, 0.17994302E-5, 0.31783383E-2, 5.0622749, 9.7489204, 18.121155, 131.92999
0.96403010E-3, 0.52882121E-2, 0.37203099E-4, 0.51781900E-7, 0.27944208E-2, 5.0632386, 9.7506399, 18.121275, 131.92999
0.10131057E-2, 0.50594532E-2, 0.37202844E-4, 0.10109501E-7, 0.24358639E-2, 5.0642524, 9.7524490, 18.121387, 131.92999
0.10657959E-2, 0.49624909E-2, 0.37202608E-4, 0.10100760E-7, 0.21952426E-2, 5.0653191, 9.7543516, 18.121504, 131.92999
0.90054673E-3, 0.43518227E-2, 0.37202386E-4, 0.10093314E-7, 0.20619303E-2, 5.0662203, 9.7559605, 18.121611, 131.92999
0.91487396E-3, 0.42325426E-2, 0.37202179E-4, 0.10087194E-7, 0.19061865E-2, 5.0671344, 9.7575922, 18.121704, 131.92999
0.44969791, 0.36433372E-2, 0.37201971E-4, 0.10938551E-7, 0.17573261E-2, 5.5168324, 10.554835, 18.121790, 131.92999
0.40540844E-3, 0.26941996E-2, 0.37201811E-4, 0.10971601E-7, 0.18322320E-2, 5.5172381, 10.555551, 18.121857, 131.92999
0.25807612E-3, 0.23515183E-2, 0.37201666E-4, 0.10968132E-7, 0.19065025E-2, 5.5174966, 10.556005, 18.121922, 131.92999
0.29841461E-3, 0.22883746E-2, 0.37201538E-4, 0.10965612E-7, 0.17336590E-2, 5.5177951, 10.556532, 18.121983, 131.92999
0.32896889E-3, 0.22948503E-2, 0.37201400E-4, 0.10963966E-7, 0.16553445E-2, 5.5181246, 10.557111, 18.122046, 131.92999
0.41730105E-3, 0.23915889E-2, 0.37201273E-4, 0.10963039E-7, 0.15050144E-2, 5.5185413, 10.557845, 18.122108, 131.92999
0.47857713E-3, 0.22694895E-2, 0.37201131E-4, 0.10962722E-7, 0.12172271E-2, 5.5190196, 10.558687, 18.122171, 131.92999
0.34338655E-3, 0.16393061E-2, 0.37201022E-4, 0.10962698E-7, 0.97940443E-3, 5.5193624, 10.559291, 18.122217, 131.92999
0.38221624E-3, 0.15803641E-2, 0.37200938E-4, 0.10962803E-7, 0.81482786E-3, 5.5197444, 10.559963, 18.122263, 131.92999
0.42380835E-3, 0.15358198E-2, 0.37200854E-4, 0.10963151E-7, 0.65658172E-3, 5.5201678, 10.560710, 18.122309, 131.92999
0.48272836E-3, 0.14719807E-2, 0.37200778E-4, 0.10963721E-7, 0.43179805E-3, 5.5206490, 10.561558, 18.122355, 131.92999
0.50161814E-3, 0.13987408E-2, 0.37200698E-4, 0.10964484E-7, 0.30844795E-3, 5.5211506, 10.562441, 18.122400, 131.92999
0.56951033E-3, 0.14432678E-2, 0.37200633E-4, 0.10965367E-7, 0.16387040E-3, 5.5217204, 10.563444, 18.122446, 131.92999
0.62418985E-3, 0.14494013E-2, 0.37200556E-4, 0.10966443E-7, 0.18585662E-4, 5.5223441, 10.564542, 18.122492, 131.92999
0.60260325E-3, 0.13689157E-2, 0.37200480E-4, 0.10967573E-7, 0.0000000, 5.5229468, 10.565604, 18.122538, 131.92999
0.58718451E-3, 0.13252071E-2, 0.37200403E-4, 0.10968725E-7, 0.0000000, 5.5235338, 10.566637, 18.122583, 131.92999
0.56820357E-3, 0.12713302E-2, 0.37200331E-4, 0.10969873E-7, 0.0000000, 5.5241032, 10.567641, 18.122629, 131.92999
0.53712854E-3, 0.11829243E-2, 0.37200276E-4, 0.10970982E-7, 0.0000000, 5.5246396, 10.568584, 18.122675, 131.92999
0.57966297E-3, 0.13046071E-2, 0.37200210E-4, 0.10972071E-7, 0.0000000, 5.5252190, 10.569605, 18.122721, 131.92999
0.52330160E-3, 0.11439851E-2, 0.37200141E-4, 0.10973161E-7, 0.0000000, 5.5257421, 10.570527, 18.122766, 131.92999
0.55500329E-3, 0.12347847E-2, 0.37200076E-4, 0.10974220E-7, 0.0000000, 5.5262971, 10.571504, 18.122812, 131.92999
0.54260326E-3, 0.11996571E-2, 0.37200025E-4, 0.10975295E-7, 0.0000000, 5.5268393, 10.572458, 18.122858, 131.92999
0.47174585E-3, 0.99750748E-3, 0.37199949E-4, 0.10976306E-7, 0.0000000, 5.5273118, 10.573290, 18.122892, 131.92999
0.41769765E-3, 0.84331795E-3, 0.37199890E-4, 0.10977191E-7, 0.0000000, 5.5277295, 10.574026, 18.122910, 131.92999
0.42548956E-3, 0.86584390E-3, 0.37199847E-4, 0.10978022E-7, 0.0000000, 5.5281544, 10.574774, 18.122929, 131.92999
0.41720006E-3, 0.84239419E-3, 0.37199778E-4, 0.10978862E-7, 0.0000000, 5.5285721, 10.575510, 18.122950, 131.92999
0.43006556E-3, 0.87945210E-3, 0.37199719E-4, 0.10979703E-7, 0.0000000, 5.5290022, 10.576267, 18.122974, 131.92999
0.42355646E-3, 0.86109689E-3, 0.37199679E-4, 0.10980544E-7, 0.0000000, 5.5294256, 10.577013, 18.122999, 131.92999
0.41228070E-3, 0.82909211E-3, 0.37199618E-4, 0.10981368E-7, 0.0000000, 5.5298376, 10.577738, 18.123018, 131.92999
0.42406423E-3, 0.86309720E-3, 0.37199567E-4, 0.10982196E-7, 0.0000000, 5.5302615, 10.578485, 18.123041, 131.92999
0.41869195E-3, 0.84799039E-3, 0.37199508E-4, 0.10983024E-7, 0.0000000, 5.5306807, 10.579223, 18.123062, 131.92999
0.41954088E-3, 0.85069990E-3, 0.37199454E-4, 0.10983853E-7, 0.0000000, 5.5311003, 10.579962, 18.123083, 131.92999
0.38599950E-3, 0.75484742E-3, 0.37199410E-4, 0.10984661E-7, 0.0000000, 5.5314870, 10.580642, 18.123100, 131.92999
0.38753872E-3, 0.75952680E-3, 0.37199348E-4, 0.10985421E-7, 0.0000000, 5.5318742, 10.581324, 18.123121, 131.92999
0.39518595E-3, 0.78172656E-3, 0.37199283E-4, 0.10986192E-7, 0.0000000, 5.5322685, 10.582017, 18.123142, 131.92999
0.38587529E-3, 0.75529219E-3, 0.37199243E-4, 0.10986961E-7, 0.0000000, 5.5326552, 10.582699, 18.123159, 131.92999
0.38862860E-3, 0.76347124E-3, 0.37199185E-4, 0.10987722E-7, 0.0000000, 5.5330439, 10.583384, 18.123177, 131.92999
0.37066426E-3, 0.71217597E-3, 0.37199141E-4, 0.10988464E-7, 0.0000000, 5.5334153, 10.584037, 18.123192, 131.92999
0.35799114E-3, 0.67605544E-3, 0.37199075E-4, 0.10989175E-7, 0.0000000, 5.5337734, 10.584667, 18.123203, 131.92999
0.39213453E-3, 0.77443558E-3, 0.37199017E-4, 0.10989910E-7, 0.0000000, 5.5341649, 10.585357, 18.123220, 131.92999
0.36952517E-3, 0.70973404E-3, 0.37198977E-4, 0.10990667E-7, 0.0000000, 5.5345349, 10.586007, 18.123236, 131.92999
0.43096743E-3, 0.88671100E-3, 0.37198908E-4, 0.10991451E-7, 0.0000000, 5.5349655, 10.586765, 18.123255, 131.92999
0.43743264E-3, 0.90564502E-3, 0.37198846E-4, 0.10992301E-7, 0.0000000, 5.5354037, 10.587538, 18.123276, 131.92999
0.40345578E-3, 0.80819859E-3, 0.37198795E-4, 0.10993135E-7, 0.0000000, 5.5358076, 10.588248, 18.123297, 131.92999
0.24295601E-3, 0.75395225E-3, 0.37198726E-4, 0.10993887E-7, 0.39072949E-3, 5.5360503, 10.588675, 18.123329, 131.92999
-0.10015179E-3, 0.83203230E-3, 0.37198672E-4, 0.10993958E-7, 0.14124432E-2, 5.5359507, 10.588500, 18.123375, 131.92999
-0.30435807E-4, 0.93596336E-3, 0.37198632E-4, 0.10993765E-7, 0.13193496E-2, 5.5359206, 10.588448, 18.123421, 131.92999
0.22706635E-3, 0.85566583E-3, 0.37198562E-4, 0.10993937E-7, 0.53136220E-3, 5.5361485, 10.588848, 18.123465, 131.92999
0.38924397E-3, 0.78438839E-3, 0.37198501E-4, 0.10994588E-7, 0.15162703E-4, 5.5365376, 10.589534, 18.123486, 131.92999
0.30744541E-3, 0.53295359E-3, 0.37198457E-4, 0.10995286E-7, 0.0000000, 5.5368452, 10.590075, 18.123486, 131.92999
0.27889549E-3, 0.45083329E-3, 0.37198399E-4, 0.10995868E-7, 0.0000000, 5.5371237, 10.590565, 18.123486, 131.92999
0.30241560E-3, 0.51895785E-3, 0.37198355E-4, 0.10996439E-7, 0.0000000, 5.5374265, 10.591098, 18.123497, 131.92999
0.28475383E-3, 0.46820968E-3, 0.37198290E-4, 0.10997014E-7, 0.0000000, 5.5377116, 10.591599, 18.123503, 131.92999
0.28903701E-3, 0.48083992E-3, 0.37198231E-4, 0.10997578E-7, 0.0000000, 5.5380015, 10.592111, 18.123512, 131.92999
0.28659494E-3, 0.47404203E-3, 0.37198191E-4, 0.10998140E-7, 0.0000000, 5.5382876, 10.592615, 18.123522, 131.92999
0.27727615E-3, 0.44734549E-3, 0.37198130E-4, 0.10998703E-7, 0.0000000, 5.5385642, 10.593101, 18.123522, 131.92999
0.28210075E-3, 0.46157272E-3, 0.37198071E-4, 0.10999250E-7, 0.0000000, 5.5388455, 10.593596, 18.123531, 131.92999
0.25993967E-3, 0.39765847E-3, 0.37198024E-4, 0.10999769E-7, 0.0000000, 5.5391054, 10.594053, 18.123541, 131.92999
0.25794987E-3, 0.39214012E-3, 0.37197966E-4, 0.11000260E-7, 0.0000000, 5.5393634, 10.594509, 18.123550, 131.92999
0.25167238E-3, 0.37418772E-3, 0.37197922E-4, 0.11000754E-7, 0.0000000, 5.5396156, 10.594953, 18.123560, 131.92999
0.25261694E-3, 0.37717895E-3, 0.37197857E-4, 0.11001246E-7, 0.0000000, 5.5398679, 10.595395, 18.123569, 131.92999
0.25390723E-3, 0.38118867E-3, 0.37197799E-4, 0.11001749E-7, 0.0000000, 5.5401216, 10.595842, 18.123579, 131.92999
0.25806797E-3, 0.39354141E-3, 0.37197759E-4, 0.11002257E-7, 0.0000000, 5.5403795, 10.596296, 18.123590, 131.92999
0.26316606E-3, 0.40863521E-3, 0.37197697E-4, 0.11002773E-7, 0.0000000, 5.5406427, 10.596760, 18.123602, 131.92999
0.26224009E-3, 0.40621415E-3, 0.37197646E-4, 0.11003300E-7, 0.0000000, 5.5409055, 10.597221, 18.123613, 131.92999
0.25545858E-3, 0.38674555E-3, 0.37197588E-4, 0.11003814E-7, 0.0000000, 5.5411615, 10.597673, 18.123623, 131.92999
0.24772313E-3, 0.36447900E-3, 0.37197533E-4, 0.11004315E-7, 0.0000000, 5.5414095, 10.598108, 18.123629, 131.92999
0.24764604E-3, 0.36452350E-3, 0.37197489E-4, 0.11004806E-7, 0.0000000, 5.5416570, 10.598545, 18.123638, 131.92999
0.23841384E-3, 0.33785915E-3, 0.37197424E-4, 0.11005286E-7, 0.0000000, 5.5418949, 10.598964, 18.123648, 131.92999
0.22455951E-3, 0.29765815E-3, 0.37197362E-4, 0.11005750E-7, 0.0000000, 5.5421185, 10.599357, 18.123648, 131.92999
0.24052625E-3, 0.34459302E-3, 0.37197326E-4, 0.11006208E-7, 0.0000000, 5.5423598, 10.599782, 18.123659, 131.92999
0.25387909E-3, 0.38393028E-3, 0.37197275E-4, 0.11006701E-7, 0.0000000, 5.5426135, 10.600229, 18.123669, 131.92999
0.22642536E-3, 0.30385974E-3, 0.37197235E-4, 0.11007177E-7, 0.0000000, 5.5428395, 10.600626, 18.123671, 131.92999
0.22921883E-3, 0.31232066E-3, 0.37197180E-4, 0.11007629E-7, 0.0000000, 5.5430694, 10.601031, 18.123678, 131.92999
0.20948600E-3, 0.25472493E-3, 0.37197151E-4, 0.11008068E-7, 0.0000000, 5.5432787, 10.601398, 18.123680, 131.92999
0.20203352E-3, 0.23309805E-3, 0.37197140E-4, 0.11008477E-7, 0.0000000, 5.5434813, 10.601756, 18.123680, 131.92999
0.20804777E-3, 0.25102065E-3, 0.37197122E-4, 0.11008874E-7, 0.0000000, 5.5436888, 10.602121, 18.123682, 131.92999
0.21027689E-3, 0.25785266E-3, 0.37197111E-4, 0.11009268E-7, 0.0000000, 5.5438986, 10.602490, 18.123690, 131.92999
0.21788599E-3, 0.28052786E-3, 0.37197085E-4, 0.11009693E-7, 0.0000000, 5.5441165, 10.602875, 18.123697, 131.92999
0.20028860E-3, 0.22893315E-3, 0.37197064E-4, 0.11010106E-7, 0.0000000, 5.5443172, 10.603227, 18.123705, 131.92999
0.19605822E-3, 0.21671082E-3, 0.37197053E-4, 0.11010500E-7, 0.0000000, 5.5445132, 10.603573, 18.123711, 131.92999
0.19772578E-3, 0.22190595E-3, 0.37197049E-4, 0.11010885E-7, 0.0000000, 5.5447116, 10.603922, 18.123718, 131.92999
0.18977543E-3, 0.19864315E-3, 0.37197038E-4, 0.11011250E-7, 0.0000000, 5.5449018, 10.604257, 18.123720, 131.92999
0.18936719E-3, 0.19768396E-3, 0.37197024E-4, 0.11011631E-7, 0.0000000, 5.5450926, 10.604592, 18.123720, 131.92999
0.19792677E-3, 0.22333799E-3, 0.37197024E-4, 0.11012015E-7, 0.0000000, 5.5452905, 10.604940, 18.123724, 131.92999
0.19639148E-3, 0.21905397E-3, 0.37197020E-4, 0.11012413E-7, 0.0000000, 5.5454869, 10.605286, 18.123724, 131.92999
0.20690011E-3, 0.25059251E-3, 0.37197002E-4, 0.11012810E-7, 0.0000000, 5.5456944, 10.605651, 18.123732, 131.92999
0.21233020E-3, 0.26707415E-3, 0.37196998E-4, 0.11013223E-7, 0.0000000, 5.5459056, 10.606023, 18.123741, 131.92999
0.20240313E-3, 0.23780648E-3, 0.37196984E-4, 0.11013629E-7, 0.0000000, 5.5461078, 10.606379, 18.123749, 131.92999
0.18758627E-3, 0.19389609E-3, 0.37196976E-4, 0.11014015E-7, 0.0000000, 5.5462942, 10.606706, 18.123755, 131.92999
0.19349014E-3, 0.21185209E-3, 0.37196976E-4, 0.11014394E-7, 0.0000000, 5.5464873, 10.607046, 18.123762, 131.92999
0.19827127E-3, 0.22648196E-3, 0.37196976E-4, 0.11014781E-7, 0.0000000, 5.5466871, 10.607399, 18.123770, 131.92999
